<?xml version="1.0" encoding="utf-8"?><gpx version="1.1" creator="MySchweizMobil - https://map.schweizmobil.ch/" xmlns:xsi="http://www.w3.org/2001/XMLSchema-instance" xmlns="http://www.topografix.com/GPX/1/1" xsi:schemaLocation="http://www.topografix.com/GPX/1/1 http://www.topografix.com/GPX/1/1/gpx.xsd"><metadata><name>100km</name><bounds minlat="46.34702040627599" minlon="8.06959979981184" maxlat="46.47738028643653" maxlon="8.246919963508844" /></metadata><trk><name>100km</name><trkseg><trkpt lat="46.397589107975364" lon="8.12968569016084"><ele>1066.5</ele></trkpt><trkpt lat="46.397580144461244" lon="8.129680375102907"><ele>1066.5</ele></trkpt><trkpt lat="46.39781006379053" lon="8.129890042822808"><ele>1067.0999755859375</ele></trkpt><trkpt lat="46.39780998881906" lon="8.130049973726273"><ele>1066.0</ele></trkpt><trkpt lat="46.39787027658895" lon="8.13049023039639"><ele>1062.5999755859375</ele></trkpt><trkpt lat="46.397880032192916" lon="8.1306606894359"><ele>1060.8999938964844</ele></trkpt><trkpt lat="46.39791011950001" lon="8.13088991958648"><ele>1059.0999755859375</ele></trkpt><trkpt lat="46.397991402540356" lon="8.131279735360295"><ele>1055.6999816894531</ele></trkpt><trkpt lat="46.39798982813954" lon="8.131390237715095"><ele>1055.0</ele></trkpt><trkpt lat="46.39795993966982" lon="8.131570593919605"><ele>1054.3999938964844</ele></trkpt><trkpt lat="46.39792150584981" lon="8.131529795005918"><ele>1054.0</ele></trkpt><trkpt lat="46.397700359113514" lon="8.13120970921591"><ele>1050.1999816894531</ele></trkpt><trkpt lat="46.39761047437787" lon="8.131049931515008"><ele>1048.5</ele></trkpt><trkpt lat="46.397611326538026" lon="8.131057743914425"><ele>1048.5</ele></trkpt><trkpt lat="46.397611326538026" lon="8.131057743914425"><ele>1048.5</ele></trkpt><trkpt lat="46.397611326538026" lon="8.131057743914425"><ele>1048.5</ele></trkpt><trkpt lat="46.39761047437787" lon="8.131049931515008"><ele>1048.5</ele></trkpt><trkpt lat="46.39752048300579" lon="8.130760126747191"><ele>1046.3999938964844</ele></trkpt><trkpt lat="46.397469812538475" lon="8.130660661496222"><ele>1045.5999755859375</ele></trkpt><trkpt lat="46.39732979983091" lon="8.13045993866399"><ele>1045.5</ele></trkpt><trkpt lat="46.39716140227392" lon="8.130340771749616"><ele>1047.1999816894531</ele></trkpt><trkpt lat="46.3970604846254" lon="8.13021986419335"><ele>1048.2999877929688</ele></trkpt><trkpt lat="46.3966701310128" lon="8.129469858948141"><ele>1054.0999755859375</ele></trkpt><trkpt lat="46.396591529715806" lon="8.129229616373777"><ele>1056.1999816894531</ele></trkpt><trkpt lat="46.396540333516896" lon="8.128920810762793"><ele>1059.3999938964844</ele></trkpt><trkpt lat="46.39654840528965" lon="8.12892481405288"><ele>1059.3999938964844</ele></trkpt><trkpt lat="46.39654840528965" lon="8.12892481405288"><ele>1059.3999938964844</ele></trkpt><trkpt lat="46.39654840528965" lon="8.12892481405288"><ele>1059.3999938964844</ele></trkpt><trkpt lat="46.396540333516896" lon="8.128920810762793"><ele>1059.3999938964844</ele></trkpt><trkpt lat="46.39653023891151" lon="8.12850980926305"><ele>1061.6999816894531</ele></trkpt><trkpt lat="46.396440132986754" lon="8.128089990932494"><ele>1065.2999877929688</ele></trkpt><trkpt lat="46.396460412535816" lon="8.12800963409245"><ele>1066.0</ele></trkpt><trkpt lat="46.39653987903148" lon="8.127959933597594"><ele>1067.0999755859375</ele></trkpt><trkpt lat="46.39659031620249" lon="8.127950171940029"><ele>1067.6999816894531</ele></trkpt><trkpt lat="46.39688994642347" lon="8.127939672674984"><ele>1070.7999877929688</ele></trkpt><trkpt lat="46.397070459555835" lon="8.127990072593093"><ele>1072.5</ele></trkpt><trkpt lat="46.39734998345375" lon="8.128179557155818"><ele>1075.2999877929688</ele></trkpt><trkpt lat="46.39761042688042" lon="8.128400007262826"><ele>1077.8999938964844</ele></trkpt><trkpt lat="46.397799807135016" lon="8.128619556315243"><ele>1080.0999755859375</ele></trkpt><trkpt lat="46.3979815733619" lon="8.12875969428569"><ele>1080.8999938964844</ele></trkpt><trkpt lat="46.39798512402922" lon="8.128767540678382"><ele>1080.8999938964844</ele></trkpt><trkpt lat="46.39798512402922" lon="8.128767540678382"><ele>1080.8999938964844</ele></trkpt><trkpt lat="46.39798512402922" lon="8.128767540678382"><ele>1080.8999938964844</ele></trkpt><trkpt lat="46.3979815733619" lon="8.12875969428569"><ele>1080.8999938964844</ele></trkpt><trkpt lat="46.39820002857596" lon="8.1290797367692"><ele>1082.5</ele></trkpt><trkpt lat="46.39828152162954" lon="8.129140585660934"><ele>1083.0</ele></trkpt><trkpt lat="46.398470011074096" lon="8.129210596438497"><ele>1084.0</ele></trkpt><trkpt lat="46.398510181345046" lon="8.129261818248779"><ele>1084.2999877929688</ele></trkpt><trkpt lat="46.39859983092174" lon="8.12946060160175"><ele>1085.5</ele></trkpt><trkpt lat="46.39872030168772" lon="8.129620768595487"><ele>1086.0999755859375</ele></trkpt><trkpt lat="46.398861524648964" lon="8.12977079860866"><ele>1086.5999755859375</ele></trkpt><trkpt lat="46.39909019134939" lon="8.129890734795481"><ele>1087.0</ele></trkpt><trkpt lat="46.39923045877367" lon="8.130049856379628"><ele>1087.6999816894531</ele></trkpt><trkpt lat="46.39923135051504" lon="8.130051167681813"><ele>1087.6999816894531</ele></trkpt><trkpt lat="46.39923135051504" lon="8.130051167681813"><ele>1087.6999816894531</ele></trkpt><trkpt lat="46.39923135051504" lon="8.130051167681813"><ele>1087.6999816894531</ele></trkpt><trkpt lat="46.39923045877367" lon="8.130049856379628"><ele>1087.6999816894531</ele></trkpt><trkpt lat="46.39936981862411" lon="8.130210266914219"><ele>1087.8999938964844</ele></trkpt><trkpt lat="46.39951140526682" lon="8.13030049065128"><ele>1088.3999938964844</ele></trkpt><trkpt lat="46.399590452667326" lon="8.130319701973349"><ele>1088.5</ele></trkpt><trkpt lat="46.399680469185114" lon="8.13031044555828"><ele>1088.7999877929688</ele></trkpt><trkpt lat="46.40004038717598" lon="8.130149889271706"><ele>1089.0999755859375</ele></trkpt><trkpt lat="46.400051546283066" lon="8.130090216640383"><ele>1089.2999877929688</ele></trkpt><trkpt lat="46.400030203163624" lon="8.130049635190517"><ele>1089.7999877929688</ele></trkpt><trkpt lat="46.39980985876173" lon="8.13004032894969"><ele>1092.0999755859375</ele></trkpt><trkpt lat="46.39972997549921" lon="8.130010705441236"><ele>1093.2999877929688</ele></trkpt><trkpt lat="46.39970154687762" lon="8.129951829556376"><ele>1094.0</ele></trkpt><trkpt lat="46.39944032067433" lon="8.129269747529179"><ele>1100.5999755859375</ele></trkpt><trkpt lat="46.39926141127944" lon="8.128660233691335"><ele>1106.2999877929688</ele></trkpt><trkpt lat="46.399309993721545" lon="8.128659551031888"><ele>1106.5999755859375</ele></trkpt><trkpt lat="46.39944041566923" lon="8.128810742869973"><ele>1107.6999816894531</ele></trkpt><trkpt lat="46.3995201815851" lon="8.128859867807478"><ele>1108.7999877929688</ele></trkpt><trkpt lat="46.399709871504456" lon="8.128880483098328"><ele>1111.2999877929688</ele></trkpt><trkpt lat="46.399819867219776" lon="8.128840271383524"><ele>1112.6999816894531</ele></trkpt><trkpt lat="46.399859874043614" lon="8.128770563285798"><ele>1113.7999877929688</ele></trkpt><trkpt lat="46.399870013818145" lon="8.128730382304639"><ele>1114.2999877929688</ele></trkpt><trkpt lat="46.39982985379174" lon="8.12852962454781"><ele>1116.5999755859375</ele></trkpt><trkpt lat="46.39983033621684" lon="8.128450311720371"><ele>1117.3999938964844</ele></trkpt><trkpt lat="46.39988983143121" lon="8.128430262207985"><ele>1118.0999755859375</ele></trkpt><trkpt lat="46.39999142335728" lon="8.128440655302256"><ele>1119.8999938964844</ele></trkpt><trkpt lat="46.40005020098761" lon="8.128390689380467"><ele>1120.7999877929688</ele></trkpt><trkpt lat="46.400111495517194" lon="8.128370663151145"><ele>1122.3999938964844</ele></trkpt><trkpt lat="46.40015001082793" lon="8.12825022265315"><ele>1124.0</ele></trkpt><trkpt lat="46.40016998257488" lon="8.128220568876714"><ele>1125.3999938964844</ele></trkpt><trkpt lat="46.40024986723438" lon="8.128250190522522"><ele>1127.2999877929688</ele></trkpt><trkpt lat="46.40032027568668" lon="8.128210775088519"><ele>1129.5999755859375</ele></trkpt><trkpt lat="46.40051049878821" lon="8.127699561417103"><ele>1135.5999755859375</ele></trkpt><trkpt lat="46.400513149797916" lon="8.127707397099584"><ele>1135.5999755859375</ele></trkpt><trkpt lat="46.400513149797916" lon="8.127707397099584"><ele>1135.5999755859375</ele></trkpt><trkpt lat="46.400513149797916" lon="8.127707397099584"><ele>1135.5999755859375</ele></trkpt><trkpt lat="46.40051049878821" lon="8.127699561417103"><ele>1135.5999755859375</ele></trkpt><trkpt lat="46.400610372424126" lon="8.127400453202426"><ele>1142.7999877929688</ele></trkpt><trkpt lat="46.40065037785098" lon="8.127330742776394"><ele>1144.3999938964844</ele></trkpt><trkpt lat="46.40073027089238" lon="8.127210825681686"><ele>1147.0999755859375</ele></trkpt><trkpt lat="46.40112049411982" lon="8.126799665391445"><ele>1160.3999938964844</ele></trkpt><trkpt lat="46.401230244897306" lon="8.126799755729735"><ele>1162.3999938964844</ele></trkpt><trkpt lat="46.4012902691029" lon="8.126840827520937"><ele>1164.0999755859375</ele></trkpt><trkpt lat="46.40132985636592" lon="8.126840028911829"><ele>1165.6999816894531</ele></trkpt><trkpt lat="46.401490051764995" lon="8.12668081605807"><ele>1171.7999877929688</ele></trkpt><trkpt lat="46.401730306912214" lon="8.12667085789144"><ele>1182.0999755859375</ele></trkpt><trkpt lat="46.40171993151307" lon="8.126750048715621"><ele>1184.0999755859375</ele></trkpt><trkpt lat="46.4016502276063" lon="8.126970226876438"><ele>1188.2999877929688</ele></trkpt><trkpt lat="46.40187146514654" lon="8.12698083370924"><ele>1193.2999877929688</ele></trkpt><trkpt lat="46.40211142785847" lon="8.126870744861662"><ele>1203.1999816894531</ele></trkpt><trkpt lat="46.402419936377555" lon="8.126879857387394"><ele>1212.8999938964844</ele></trkpt><trkpt lat="46.40243990812451" lon="8.126850202213973"><ele>1215.6999816894531</ele></trkpt><trkpt lat="46.402420489583164" lon="8.126640597358346"><ele>1222.8999938964844</ele></trkpt><trkpt lat="46.40242991130799" lon="8.126570496708155"><ele>1225.5</ele></trkpt><trkpt lat="46.40250146295875" lon="8.12649078015238"><ele>1228.5</ele></trkpt><trkpt lat="46.40258141141385" lon="8.12650999892503"><ele>1232.1999816894531</ele></trkpt><trkpt lat="46.402640481013805" lon="8.126560161355883"><ele>1233.2999877929688</ele></trkpt><trkpt lat="46.40277020307258" lon="8.12653059605509"><ele>1236.6999816894531</ele></trkpt><trkpt lat="46.40278027905151" lon="8.12650081468746"><ele>1237.0</ele></trkpt><trkpt lat="46.40274016326293" lon="8.126440489199013"><ele>1238.0999755859375</ele></trkpt><trkpt lat="46.40263008000329" lon="8.126050283201039"><ele>1247.6999816894531</ele></trkpt><trkpt lat="46.40261982893571" lon="8.125960427802056"><ele>1249.0</ele></trkpt><trkpt lat="46.40263992641121" lon="8.12590996781364"><ele>1250.7999877929688</ele></trkpt><trkpt lat="46.402729942929" lon="8.125900704413652"><ele>1255.3999938964844</ele></trkpt><trkpt lat="46.40286992350593" lon="8.125959693454206"><ele>1259.0999755859375</ele></trkpt><trkpt lat="46.403110108338296" lon="8.126109677832574"><ele>1263.6999816894531</ele></trkpt><trkpt lat="46.40337140718475" lon="8.12618970964104"><ele>1268.7999877929688</ele></trkpt><trkpt lat="46.40348049486056" lon="8.126150778960437"><ele>1271.5999755859375</ele></trkpt><trkpt lat="46.40359030850232" lon="8.126140465959907"><ele>1273.7999877929688</ele></trkpt><trkpt lat="46.40360038494691" lon="8.126110684126616"><ele>1274.5</ele></trkpt><trkpt lat="46.40357010811567" lon="8.126059585716575"><ele>1275.6999816894531</ele></trkpt><trkpt lat="46.40347997331992" lon="8.125940108671784"><ele>1278.8999938964844</ele></trkpt><trkpt lat="46.40343026118353" lon="8.125830246601254"><ele>1280.1999816894531</ele></trkpt><trkpt lat="46.40340999746695" lon="8.12575976876542"><ele>1281.5999755859375</ele></trkpt><trkpt lat="46.4033103925176" lon="8.125569951720536"><ele>1285.5</ele></trkpt><trkpt lat="46.403311473317444" lon="8.125540056731552"><ele>1286.0</ele></trkpt><trkpt lat="46.403370131738484" lon="8.125509588979185"><ele>1287.5</ele></trkpt><trkpt lat="46.4034399962984" lon="8.125559888314456"><ele>1288.8999938964844</ele></trkpt><trkpt lat="46.40361985564232" lon="8.125569966156036"><ele>1294.0999755859375</ele></trkpt><trkpt lat="46.4036802505143" lon="8.12554992409423"><ele>1296.0</ele></trkpt><trkpt lat="46.403939825017005" lon="8.125320435035974"><ele>1302.7999877929688</ele></trkpt><trkpt lat="46.40404154313728" lon="8.125310017727315"><ele>1304.6999816894531</ele></trkpt><trkpt lat="46.40403008507565" lon="8.125270860735327"><ele>1305.0</ele></trkpt><trkpt lat="46.404001544229686" lon="8.125230187084526"><ele>1305.1999816894531</ele></trkpt><trkpt lat="46.403970478102565" lon="8.125160872936249"><ele>1308.1999816894531</ele></trkpt><trkpt lat="46.40378044452518" lon="8.124899690505117"><ele>1312.2999877929688</ele></trkpt><trkpt lat="46.403741581365466" lon="8.12478086259216"><ele>1314.0999755859375</ele></trkpt><trkpt lat="46.40376071538776" lon="8.124740791972727"><ele>1315.0</ele></trkpt><trkpt lat="46.40389031916857" lon="8.12473072623834"><ele>1319.5999755859375</ele></trkpt><trkpt lat="46.404021540656686" lon="8.124750590417534"><ele>1321.7999877929688</ele></trkpt><trkpt lat="46.40413015615195" lon="8.124789674766362"><ele>1324.5999755859375</ele></trkpt><trkpt lat="46.40408152341843" lon="8.124649916775525"><ele>1326.7999877929688</ele></trkpt><trkpt lat="46.40410161204636" lon="8.124600754585117"><ele>1327.6999816894531</ele></trkpt><trkpt lat="46.40414030011743" lon="8.124599943403155"><ele>1329.0999755859375</ele></trkpt><trkpt lat="46.40420026984066" lon="8.124650117009878"><ele>1331.1999816894531</ele></trkpt><trkpt lat="46.40434042457491" lon="8.124680497217923"><ele>1335.8999938964844</ele></trkpt><trkpt lat="46.404589854646474" lon="8.124640735331923"><ele>1342.2999877929688</ele></trkpt><trkpt lat="46.40464048041031" lon="8.124599761329591"><ele>1345.0999755859375</ele></trkpt><trkpt lat="46.40462045185268" lon="8.124490273185074"><ele>1347.2999877929688</ele></trkpt><trkpt lat="46.404720425605774" lon="8.124470729380846"><ele>1350.0999755859375</ele></trkpt><trkpt lat="46.404741421341896" lon="8.124420277774334"><ele>1351.1999816894531</ele></trkpt><trkpt lat="46.404750004876405" lon="8.124339759815484"><ele>1353.6999816894531</ele></trkpt><trkpt lat="46.404729925561696" lon="8.124089824967086"><ele>1359.8999938964844</ele></trkpt><trkpt lat="46.404760325327516" lon="8.123971870169044"><ele>1362.5</ele></trkpt><trkpt lat="46.4047998576425" lon="8.123980171978474"><ele>1364.5</ele></trkpt><trkpt lat="46.40484999585897" lon="8.124019817914814"><ele>1365.7999877929688</ele></trkpt><trkpt lat="46.40490025188774" lon="8.124039958696812"><ele>1366.5999755859375</ele></trkpt><trkpt lat="46.40496994042769" lon="8.123970615211874"><ele>1370.5999755859375</ele></trkpt><trkpt lat="46.40501018008217" lon="8.123861887026578"><ele>1373.3999938964844</ele></trkpt><trkpt lat="46.40509151527658" lon="8.123800492845476"><ele>1376.7999877929688</ele></trkpt><trkpt lat="46.405171463731676" lon="8.123819707892835"><ele>1379.0999755859375</ele></trkpt><trkpt lat="46.40519047155976" lon="8.123800441157073"><ele>1380.0</ele></trkpt><trkpt lat="46.40519154397771" lon="8.12377184536308"><ele>1380.6999816894531</ele></trkpt><trkpt lat="46.40512996399775" lon="8.123690441716462"><ele>1383.6999816894531</ele></trkpt><trkpt lat="46.405120375566185" lon="8.123639603611082"><ele>1384.7999877929688</ele></trkpt><trkpt lat="46.40542006120086" lon="8.123619976919144"><ele>1393.0999755859375</ele></trkpt><trkpt lat="46.405540311243385" lon="8.123520059511065"><ele>1395.6999816894531</ele></trkpt><trkpt lat="46.405551467090845" lon="8.123460379429162"><ele>1397.0999755859375</ele></trkpt><trkpt lat="46.40539026679471" lon="8.123340006917715"><ele>1402.0999755859375</ele></trkpt><trkpt lat="46.40536004398018" lon="8.12327980576083"><ele>1403.2999877929688</ele></trkpt><trkpt lat="46.405351464636624" lon="8.123210774268955"><ele>1404.1999816894531</ele></trkpt><trkpt lat="46.40539141278714" lon="8.123150157276541"><ele>1405.8999938964844</ele></trkpt><trkpt lat="46.40545996557921" lon="8.12311981106177"><ele>1408.1999816894531</ele></trkpt><trkpt lat="46.40554152522236" lon="8.123170256149024"><ele>1409.8999938964844</ele></trkpt><trkpt lat="46.405890269204974" lon="8.123220169451088"><ele>1417.1999816894531</ele></trkpt><trkpt lat="46.40605159942061" lon="8.123170185368508"><ele>1421.7999877929688</ele></trkpt><trkpt lat="46.40607163263485" lon="8.1231301240623"><ele>1424.0</ele></trkpt><trkpt lat="46.40598029922694" lon="8.122910496313125"><ele>1428.6999816894531</ele></trkpt><trkpt lat="46.40598162263632" lon="8.122840288560838"><ele>1431.3999938964844</ele></trkpt><trkpt lat="46.406060494016856" lon="8.122739846818149"><ele>1434.7999877929688</ele></trkpt><trkpt lat="46.40627033589408" lon="8.122700876090676"><ele>1439.1999816894531</ele></trkpt><trkpt lat="46.40630020853132" lon="8.122670041397214"><ele>1440.6999816894531</ele></trkpt><trkpt lat="46.40631046425551" lon="8.122610349673778"><ele>1442.3999938964844</ele></trkpt><trkpt lat="46.40632048482075" lon="8.122589668259025"><ele>1442.8999938964844</ele></trkpt><trkpt lat="46.40620024036616" lon="8.122390484437346"><ele>1448.1999816894531</ele></trkpt><trkpt lat="46.40621049609035" lon="8.122330792248249"><ele>1449.7999877929688</ele></trkpt><trkpt lat="46.40625044377521" lon="8.122270173858851"><ele>1452.2999877929688</ele></trkpt><trkpt lat="46.406400305218995" lon="8.122331882361323"><ele>1455.5</ele></trkpt><trkpt lat="46.40648044226691" lon="8.122319886926562"><ele>1458.6999816894531</ele></trkpt><trkpt lat="46.40678990678862" lon="8.12217032816261"><ele>1467.2999877929688</ele></trkpt><trkpt lat="46.406811621040106" lon="8.122149793896824"><ele>1468.1999816894531</ele></trkpt><trkpt lat="46.40680022491142" lon="8.122100232634693"><ele>1469.7999877929688</ele></trkpt><trkpt lat="46.406760106794536" lon="8.122039906214923"><ele>1472.8999938964844</ele></trkpt><trkpt lat="46.40655044047162" lon="8.121900719124824"><ele>1479.0999755859375</ele></trkpt><trkpt lat="46.40655044047162" lon="8.121900719124824"><ele>1479.0999755859375</ele></trkpt><trkpt lat="46.40655044047162" lon="8.121900719124824"><ele>1479.0999755859375</ele></trkpt><trkpt lat="46.40655044047162" lon="8.121900719124824"><ele>1479.0999755859375</ele></trkpt><trkpt lat="46.40655044047162" lon="8.121900719124824"><ele>1479.0999755859375</ele></trkpt><trkpt lat="46.40641041332856" lon="8.121699986048043"><ele>1484.0</ele></trkpt><trkpt lat="46.4064099364914" lon="8.121629755012691"><ele>1484.5999755859375</ele></trkpt><trkpt lat="46.406431634910405" lon="8.121611821465194"><ele>1485.1999816894531</ele></trkpt><trkpt lat="46.406521424185485" lon="8.121640261262655"><ele>1488.5999755859375</ele></trkpt><trkpt lat="46.406500375363976" lon="8.121550264302641"><ele>1490.2999877929688</ele></trkpt><trkpt lat="46.40644160145894" lon="8.12145068962127"><ele>1492.0</ele></trkpt><trkpt lat="46.40643021417782" lon="8.121100721415132"><ele>1498.8999938964844</ele></trkpt><trkpt lat="46.40644155582413" lon="8.12100983131677"><ele>1500.0999755859375</ele></trkpt><trkpt lat="46.40647027082741" lon="8.121021896135062"><ele>1500.5999755859375</ele></trkpt><trkpt lat="46.40650152042508" lon="8.121210857760161"><ele>1503.8999938964844</ele></trkpt><trkpt lat="46.40662044705823" lon="8.121330696623772"><ele>1508.7999877929688</ele></trkpt><trkpt lat="46.406880310270935" lon="8.121350870467722"><ele>1513.5</ele></trkpt><trkpt lat="46.40710041485727" lon="8.121250900439918"><ele>1523.0</ele></trkpt><trkpt lat="46.40715025737882" lon="8.121190404519439"><ele>1526.2999877929688</ele></trkpt><trkpt lat="46.40701004117727" lon="8.121020880993456"><ele>1532.3999938964844</ele></trkpt><trkpt lat="46.406941497232765" lon="8.120900375768542"><ele>1535.2999877929688</ele></trkpt><trkpt lat="46.40687157632783" lon="8.120709627866745"><ele>1539.3999938964844</ele></trkpt><trkpt lat="46.406860422343016" lon="8.120619755238295"><ele>1541.8999938964844</ele></trkpt><trkpt lat="46.40695037599653" lon="8.120620885398239"><ele>1544.6999816894531</ele></trkpt><trkpt lat="46.40703164646402" lon="8.120569887105376"><ele>1547.7999877929688</ele></trkpt><trkpt lat="46.40706157358363" lon="8.120529947802424"><ele>1549.0</ele></trkpt><trkpt lat="46.40707020834088" lon="8.12044032337144"><ele>1549.8999938964844</ele></trkpt><trkpt lat="46.40712148882449" lon="8.120290110819042"><ele>1552.5</ele></trkpt><trkpt lat="46.407231418415904" lon="8.12011072365567"><ele>1557.5</ele></trkpt><trkpt lat="46.40735076600686" lon="8.12001078389585"><ele>1562.5</ele></trkpt><trkpt lat="46.40755006298423" lon="8.119930054061115"><ele>1569.3999938964844</ele></trkpt><trkpt lat="46.40765045769513" lon="8.119840279221535"><ele>1573.0</ele></trkpt><trkpt lat="46.40788141498342" lon="8.119580475147814"><ele>1577.3999938964844</ele></trkpt><trkpt lat="46.40807009395212" lon="8.119320139288902"><ele>1583.2999877929688</ele></trkpt><trkpt lat="46.40827022399753" lon="8.119100260548294"><ele>1587.7999877929688</ele></trkpt><trkpt lat="46.40835142927244" lon="8.118910103105009"><ele>1592.3999938964844</ele></trkpt><trkpt lat="46.408410385251045" lon="8.118979769293219"><ele>1593.5999755859375</ele></trkpt><trkpt lat="46.408440120052546" lon="8.119121898896992"><ele>1596.3999938964844</ele></trkpt><trkpt lat="46.40845008799806" lon="8.119259878993034"><ele>1599.3999938964844</ele></trkpt><trkpt lat="46.40840990608558" lon="8.119659935124218"><ele>1602.7999877929688</ele></trkpt><trkpt lat="46.40845002839342" lon="8.119869822170585"><ele>1606.8999938964844</ele></trkpt><trkpt lat="46.40851000044495" lon="8.119919994380325"><ele>1607.5</ele></trkpt><trkpt lat="46.40854009753093" lon="8.119701885152608"><ele>1611.5999755859375</ele></trkpt><trkpt lat="46.40864044101909" lon="8.119320791214705"><ele>1617.7999877929688</ele></trkpt><trkpt lat="46.40866161417216" lon="8.119240424595773"><ele>1620.2999877929688</ele></trkpt><trkpt lat="46.40869046188891" lon="8.119230382144451"><ele>1622.5999755859375</ele></trkpt><trkpt lat="46.40886012837291" lon="8.119590155314654"><ele>1630.3999938964844</ele></trkpt><trkpt lat="46.408910206053406" lon="8.11964020319283"><ele>1631.8999938964844</ele></trkpt><trkpt lat="46.409110396169126" lon="8.119710342492908"><ele>1637.6999816894531</ele></trkpt><trkpt lat="46.409190103411674" lon="8.119769866578281"><ele>1640.0999755859375</ele></trkpt><trkpt lat="46.40961159160361" lon="8.120290171355009"><ele>1650.6999816894531</ele></trkpt><trkpt lat="46.40991019131616" lon="8.120600850321352"><ele>1654.0999755859375</ele></trkpt><trkpt lat="46.41004021698609" lon="8.120670112781227"><ele>1657.0999755859375</ele></trkpt><trkpt lat="46.41028016619384" lon="8.120860408060253"><ele>1660.7999877929688</ele></trkpt><trkpt lat="46.41050014551729" lon="8.120930802542716"><ele>1668.1999816894531</ele></trkpt><trkpt lat="46.41044155927375" lon="8.120800010394305"><ele>1671.5</ele></trkpt><trkpt lat="46.41043033450842" lon="8.120721835643053"><ele>1673.2999877929688</ele></trkpt><trkpt lat="46.41044036252424" lon="8.12069985223934"><ele>1674.0999755859375</ele></trkpt><trkpt lat="46.41038992581889" lon="8.120560058392584"><ele>1676.5</ele></trkpt><trkpt lat="46.41035010293126" lon="8.120300746988505"><ele>1680.6999816894531</ele></trkpt><trkpt lat="46.41041037067771" lon="8.12015193933621"><ele>1683.8999938964844</ele></trkpt><trkpt lat="46.41043011331931" lon="8.120159990619868"><ele>1684.6999816894531</ele></trkpt><trkpt lat="46.41047166381031" lon="8.120131899602711"><ele>1686.0</ele></trkpt><trkpt lat="46.410510359331965" lon="8.120129784569144"><ele>1687.0999755859375</ele></trkpt><trkpt lat="46.41079019382596" lon="8.120269857812673"><ele>1693.8999938964844</ele></trkpt><trkpt lat="46.4112016656436" lon="8.120510430075228"><ele>1702.7999877929688</ele></trkpt><trkpt lat="46.4112404002808" lon="8.120501812547445"><ele>1704.1999816894531</ele></trkpt><trkpt lat="46.41116153821349" lon="8.12030183384195"><ele>1708.7999877929688</ele></trkpt><trkpt lat="46.41117024375126" lon="8.12020049802959"><ele>1712.6999816894531</ele></trkpt><trkpt lat="46.411851591430604" lon="8.120441860053688"><ele>1728.8999938964844</ele></trkpt><trkpt lat="46.41228023124859" lon="8.120520077645779"><ele>1739.0</ele></trkpt><trkpt lat="46.41228047339246" lon="8.120479762088507"><ele>1739.7999877929688</ele></trkpt><trkpt lat="46.411750020459294" lon="8.119679740164429"><ele>1758.2999877929688</ele></trkpt><trkpt lat="46.41172991739586" lon="8.119581944309175"><ele>1763.3999938964844</ele></trkpt><trkpt lat="46.411781448405236" lon="8.119539671111852"><ele>1765.0</ele></trkpt><trkpt lat="46.411851674783975" lon="8.119530147407204"><ele>1767.7999877929688</ele></trkpt><trkpt lat="46.41218139836565" lon="8.119601915124804"><ele>1779.7999877929688</ele></trkpt><trkpt lat="46.41225025663152" lon="8.119670410640538"><ele>1780.8999938964844</ele></trkpt><trkpt lat="46.41238028276712" lon="8.119739673566073"><ele>1782.1999816894531</ele></trkpt><trkpt lat="46.413000093307346" lon="8.119891819078475"><ele>1791.5</ele></trkpt><trkpt lat="46.413531576283276" lon="8.119921900331974"><ele>1802.7999877929688</ele></trkpt><trkpt lat="46.413690206594765" lon="8.119871865492314"><ele>1807.2999877929688</ele></trkpt><trkpt lat="46.413900422398" lon="8.11977045238018"><ele>1813.5999755859375</ele></trkpt><trkpt lat="46.41415009275079" lon="8.119690343271941"><ele>1819.8999938964844</ele></trkpt><trkpt lat="46.41446170583367" lon="8.119631820823997"><ele>1826.1999816894531</ele></trkpt><trkpt lat="46.41490000206977" lon="8.11945002246648"><ele>1835.0999755859375</ele></trkpt><trkpt lat="46.41516993753612" lon="8.11929082358256"><ele>1842.1999816894531</ele></trkpt><trkpt lat="46.41525048715994" lon="8.119209890719503"><ele>1844.6999816894531</ele></trkpt><trkpt lat="46.41516153514385" lon="8.119191866833717"><ele>1844.6999816894531</ele></trkpt><trkpt lat="46.414961533620954" lon="8.119090509600937"><ele>1847.2999877929688</ele></trkpt><trkpt lat="46.41490156156942" lon="8.119040332268924"><ele>1848.5999755859375</ele></trkpt><trkpt lat="46.414800029248" lon="8.118869973812252"><ele>1852.3999938964844</ele></trkpt><trkpt lat="46.414761521387845" lon="8.118840876501054"><ele>1853.0</ele></trkpt><trkpt lat="46.414580455981195" lon="8.118731954600662"><ele>1855.7999877929688</ele></trkpt><trkpt lat="46.414280424360186" lon="8.11850968748331"><ele>1864.0</ele></trkpt><trkpt lat="46.41408141935244" lon="8.1182418637909"><ele>1870.3999938964844</ele></trkpt><trkpt lat="46.4139016228728" lon="8.117920955177397"><ele>1875.6999816894531</ele></trkpt><trkpt lat="46.413811549544334" lon="8.117789764422923"><ele>1880.0</ele></trkpt><trkpt lat="46.4137401166372" lon="8.117700427770615"><ele>1881.7999877929688</ele></trkpt><trkpt lat="46.41341170202941" lon="8.117410181555897"><ele>1887.2999877929688</ele></trkpt><trkpt lat="46.41333049861714" lon="8.117299913428724"><ele>1889.3999938964844</ele></trkpt><trkpt lat="46.41326014325023" lon="8.117180676665157"><ele>1890.1999816894531</ele></trkpt><trkpt lat="46.413000320550054" lon="8.116551829501987"><ele>1896.8999938964844</ele></trkpt><trkpt lat="46.41297045908868" lon="8.11643049865961"><ele>1897.7999877929688</ele></trkpt><trkpt lat="46.41296031884849" lon="8.116170248016715"><ele>1902.0</ele></trkpt><trkpt lat="46.412820383906364" lon="8.115650855470449"><ele>1910.7999877929688</ele></trkpt><trkpt lat="46.41278151841834" lon="8.11537984199822"><ele>1912.5</ele></trkpt><trkpt lat="46.41267001628876" lon="8.115070206578821"><ele>1917.0</ele></trkpt><trkpt lat="46.41268032975495" lon="8.11500010220334"><ele>1918.0999755859375</ele></trkpt><trkpt lat="46.41274156002328" lon="8.114990459755063"><ele>1918.8999938964844</ele></trkpt><trkpt lat="46.413040360901505" lon="8.115269915666431"><ele>1926.8999938964844</ele></trkpt><trkpt lat="46.413211707025766" lon="8.115500962827355"><ele>1932.5</ele></trkpt><trkpt lat="46.41333160083741" lon="8.11561041045934"><ele>1935.0999755859375</ele></trkpt><trkpt lat="46.41357006225735" lon="8.115749951917678"><ele>1942.0999755859375</ele></trkpt><trkpt lat="46.413661643862724" lon="8.115779708139598"><ele>1944.1999816894531</ele></trkpt><trkpt lat="46.413870219141245" lon="8.115801819600165"><ele>1948.1999816894531</ele></trkpt><trkpt lat="46.414020154159516" lon="8.115851813927293"><ele>1950.5999755859375</ele></trkpt><trkpt lat="46.41410040622577" lon="8.11582029890269"><ele>1951.8999938964844</ele></trkpt><trkpt lat="46.41418003849685" lon="8.115741952322423"><ele>1953.1999816894531</ele></trkpt><trkpt lat="46.41423017997295" lon="8.115630721207708"><ele>1954.5999755859375</ele></trkpt><trkpt lat="46.414250450674444" lon="8.115550333634019"><ele>1955.3999938964844</ele></trkpt><trkpt lat="46.41423018043861" lon="8.115479845553637"><ele>1956.1999816894531</ele></trkpt><trkpt lat="46.41411028802395" lon="8.11537039745599"><ele>1959.3999938964844</ele></trkpt><trkpt lat="46.413830200675875" lon="8.114970210473984"><ele>1964.5999755859375</ele></trkpt><trkpt lat="46.41359148314223" lon="8.11457184329629"><ele>1968.8999938964844</ele></trkpt><trkpt lat="46.41350002447143" lon="8.114370406605303"><ele>1971.5</ele></trkpt><trkpt lat="46.41350539820269" lon="8.114374375436455"><ele>1971.5</ele></trkpt><trkpt lat="46.41350539820269" lon="8.114374375436455"><ele>1971.5</ele></trkpt><trkpt lat="46.41350539820269" lon="8.114374375436455"><ele>1971.5</ele></trkpt><trkpt lat="46.41350002447143" lon="8.114370406605303"><ele>1971.5</ele></trkpt><trkpt lat="46.413190175779164" lon="8.113679818809032"><ele>1977.7999877929688</ele></trkpt><trkpt lat="46.41282022744417" lon="8.113110751379281"><ele>1984.0</ele></trkpt><trkpt lat="46.4125602748245" lon="8.112500136718154"><ele>1994.7999877929688</ele></trkpt><trkpt lat="46.412420400884" lon="8.112270794808865"><ele>1999.5</ele></trkpt><trkpt lat="46.41232034005225" lon="8.111850758083165"><ele>2006.6999816894531</ele></trkpt><trkpt lat="46.41224164003506" lon="8.111620876006782"><ele>2009.7999877929688</ele></trkpt><trkpt lat="46.412250098306686" lon="8.111559852492064"><ele>2010.0</ele></trkpt><trkpt lat="46.41227996023372" lon="8.111530308611691"><ele>2010.5</ele></trkpt><trkpt lat="46.41234010551125" lon="8.11155186360702"><ele>2011.2999877929688</ele></trkpt><trkpt lat="46.412690207827836" lon="8.111980204936117"><ele>2016.2999877929688</ele></trkpt><trkpt lat="46.412740350235254" lon="8.112019845284522"><ele>2017.0999755859375</ele></trkpt><trkpt lat="46.41283007198945" lon="8.112059976905584"><ele>2018.5999755859375</ele></trkpt><trkpt lat="46.41311170300469" lon="8.112050463911146"><ele>2024.0</ele></trkpt><trkpt lat="46.41343014873564" lon="8.111900939140469"><ele>2030.0</ele></trkpt><trkpt lat="46.41350038163364" lon="8.111890104599297"><ele>2032.3999938964844</ele></trkpt><trkpt lat="46.413791491184384" lon="8.111950943246484"><ele>2038.5</ele></trkpt><trkpt lat="46.41408141562715" lon="8.11205989215523"><ele>2044.1999816894531</ele></trkpt><trkpt lat="46.41426019836217" lon="8.112099828664213"><ele>2046.5</ele></trkpt><trkpt lat="46.41426735604182" lon="8.112106421031058"><ele>2046.5</ele></trkpt><trkpt lat="46.41426735604182" lon="8.112106421031058"><ele>2046.5</ele></trkpt><trkpt lat="46.41426735604182" lon="8.112106421031058"><ele>2046.5</ele></trkpt><trkpt lat="46.41426019836217" lon="8.112099828664213"><ele>2046.5</ele></trkpt><trkpt lat="46.41456000925973" lon="8.112210202496499"><ele>2050.3999938964844</ele></trkpt><trkpt lat="46.41469997726381" lon="8.112120892386883"><ele>2052.8999938964844</ele></trkpt><trkpt lat="46.41498023364693" lon="8.112039825413376"><ele>2058.8999938964844</ele></trkpt><trkpt lat="46.41505038924515" lon="8.112041996326298"><ele>2059.699981689453</ele></trkpt><trkpt lat="46.41544154752046" lon="8.112070261500776"><ele>2068.3999938964844</ele></trkpt><trkpt lat="46.4156416147016" lon="8.112010310404003"><ele>2073.0</ele></trkpt><trkpt lat="46.41586015466601" lon="8.11202082503587"><ele>2076.2999877929688</ele></trkpt><trkpt lat="46.41589013999328" lon="8.111970470286906"><ele>2077.3999938964844</ele></trkpt><trkpt lat="46.41588048450649" lon="8.111930029001087"><ele>2077.699981689453</ele></trkpt><trkpt lat="46.4157614801079" lon="8.111821896862239"><ele>2079.5999755859375</ele></trkpt><trkpt lat="46.41550142969936" lon="8.1115299211815"><ele>2084.0999755859375</ele></trkpt><trkpt lat="46.41513011464849" lon="8.111189745832235"><ele>2088.8999938964844</ele></trkpt><trkpt lat="46.41498143225908" lon="8.111079948488623"><ele>2089.699981689453</ele></trkpt><trkpt lat="46.41485001798719" lon="8.110940450336784"><ele>2089.7999877929688</ele></trkpt><trkpt lat="46.41469156416133" lon="8.110809722915292"><ele>2091.8999938964844</ele></trkpt><trkpt lat="46.41464147530496" lon="8.110760977957398"><ele>2092.0999755859375</ele></trkpt><trkpt lat="46.414630143437535" lon="8.110699706710875"><ele>2092.3999938964844</ele></trkpt><trkpt lat="46.414630436338484" lon="8.11065028514713"><ele>2092.699981689453</ele></trkpt><trkpt lat="46.41465034894645" lon="8.110629721079022"><ele>2092.699981689453</ele></trkpt><trkpt lat="46.414680033456534" lon="8.110630088485777"><ele>2092.8999938964844</ele></trkpt><trkpt lat="46.41507017472759" lon="8.110830018296838"><ele>2096.199981689453</ele></trkpt><trkpt lat="46.415321458596736" lon="8.110931981820613"><ele>2100.3999938964844</ele></trkpt><trkpt lat="46.41542041487992" lon="8.110931906383485"><ele>2102.2999877929688</ele></trkpt><trkpt lat="46.415620372630656" lon="8.110890158917755"><ele>2104.0999755859375</ele></trkpt><trkpt lat="46.41617164714262" lon="8.11092039803043"><ele>2111.0999755859375</ele></trkpt><trkpt lat="46.416211403906345" lon="8.110890974290669"><ele>2111.5999755859375</ele></trkpt><trkpt lat="46.41624048165977" lon="8.110841907560825"><ele>2111.8999938964844</ele></trkpt><trkpt lat="46.41622999543324" lon="8.110789749771357"><ele>2112.3999938964844</ele></trkpt><trkpt lat="46.416070327628404" lon="8.110560151282698"><ele>2116.0999755859375</ele></trkpt><trkpt lat="46.415751529857516" lon="8.11000991705805"><ele>2123.8999938964844</ele></trkpt><trkpt lat="46.41503149922937" lon="8.108700344339013"><ele>2146.7999877929688</ele></trkpt><trkpt lat="46.414811410941184" lon="8.108190369326621"><ele>2156.8999938964844</ele></trkpt><trkpt lat="46.414670053403825" lon="8.10760072618723"><ele>2161.5</ele></trkpt><trkpt lat="46.41444045910612" lon="8.10687082959339"><ele>2166.0</ele></trkpt><trkpt lat="46.41444580256939" lon="8.106879999861121"><ele>2166.0</ele></trkpt><trkpt lat="46.41444580256939" lon="8.106879999861121"><ele>2166.0</ele></trkpt><trkpt lat="46.41444580256939" lon="8.106879999861121"><ele>2166.0</ele></trkpt><trkpt lat="46.41444045910612" lon="8.10687082959339"><ele>2166.0</ele></trkpt><trkpt lat="46.41441046446562" lon="8.106770310085267"><ele>2167.0</ele></trkpt><trkpt lat="46.414391494356096" lon="8.10663090646267"><ele>2168.3999938964844</ele></trkpt><trkpt lat="46.41437040269375" lon="8.106240449938923"><ele>2171.5999755859375</ele></trkpt><trkpt lat="46.41437172424048" lon="8.105709799099714"><ele>2178.0</ele></trkpt><trkpt lat="46.41436157235876" lon="8.105600418988615"><ele>2179.0</ele></trkpt><trkpt lat="46.41406047111377" lon="8.10432988917455"><ele>2189.3999938964844</ele></trkpt><trkpt lat="46.41400011954829" lon="8.104189980309457"><ele>2190.3999938964844</ele></trkpt><trkpt lat="46.41392160160467" lon="8.104079763870686"><ele>2192.7999877929688</ele></trkpt><trkpt lat="46.413820314221084" lon="8.103710441384465"><ele>2198.8999938964844</ele></trkpt><trkpt lat="46.413661418017" lon="8.103500393684953"><ele>2204.699981689453</ele></trkpt><trkpt lat="46.41359030734748" lon="8.103200376033783"><ele>2204.5</ele></trkpt><trkpt lat="46.41356018045917" lon="8.103121968917549"><ele>2204.5999755859375</ele></trkpt><trkpt lat="46.41350032296032" lon="8.103051002137363"><ele>2204.699981689453</ele></trkpt><trkpt lat="46.413380356971174" lon="8.102951987180859"><ele>2206.0999755859375</ele></trkpt><trkpt lat="46.41328158415854" lon="8.10292086424306"><ele>2207.3999938964844</ele></trkpt><trkpt lat="46.41320164036006" lon="8.102900377009064"><ele>2208.8999938964844</ele></trkpt><trkpt lat="46.41298009781167" lon="8.102941889315844"><ele>2213.8999938964844</ele></trkpt><trkpt lat="46.41292175045237" lon="8.102920365519822"><ele>2214.5</ele></trkpt><trkpt lat="46.41293014306575" lon="8.10286974394694"><ele>2214.699981689453</ele></trkpt><trkpt lat="46.412930104881525" lon="8.102876246441156"><ele>2214.699981689453</ele></trkpt><trkpt lat="46.412930104881525" lon="8.102876246441156"><ele>2214.699981689453</ele></trkpt><trkpt lat="46.412930104881525" lon="8.102876246441156"><ele>2214.699981689453</ele></trkpt><trkpt lat="46.41293014306575" lon="8.10286974394694"><ele>2214.699981689453</ele></trkpt><trkpt lat="46.41292175045237" lon="8.102920365519822"><ele>2214.5</ele></trkpt><trkpt lat="46.4127003736794" lon="8.102779792621732"><ele>2217.699981689453</ele></trkpt><trkpt lat="46.412380024790764" lon="8.102641911711544"><ele>2217.7999877929688</ele></trkpt><trkpt lat="46.41232005273923" lon="8.102590454742312"><ele>2217.0</ele></trkpt><trkpt lat="46.412070425227284" lon="8.102050253655761"><ele>2216.5</ele></trkpt><trkpt lat="46.41185024380684" lon="8.101550735533237"><ele>2214.0999755859375</ele></trkpt><trkpt lat="46.41163032175973" lon="8.10116047412157"><ele>2211.0999755859375</ele></trkpt><trkpt lat="46.41139019932598" lon="8.100840201601386"><ele>2210.0999755859375</ele></trkpt><trkpt lat="46.411210109479725" lon="8.10056098131463"><ele>2207.699981689453</ele></trkpt><trkpt lat="46.410861548502" lon="8.099860926158726"><ele>2207.7999877929688</ele></trkpt><trkpt lat="46.41070145694539" lon="8.09970030747354"><ele>2208.0</ele></trkpt><trkpt lat="46.410180224105716" lon="8.099299893714488"><ele>2208.0999755859375</ele></trkpt><trkpt lat="46.41031170124188" lon="8.099122016690671"><ele>2210.7999877929688</ele></trkpt><trkpt lat="46.410331793595105" lon="8.099070238880813"><ele>2211.3999938964844</ele></trkpt><trkpt lat="46.4103214610368" lon="8.098990778904408"><ele>2211.7999877929688</ele></trkpt><trkpt lat="46.410370006226" lon="8.098841805011034"><ele>2213.5999755859375</ele></trkpt><trkpt lat="46.410390377976" lon="8.098741909023374"><ele>2211.5999755859375</ele></trkpt><trkpt lat="46.410371760837734" lon="8.098540096078068"><ele>2212.199981689453</ele></trkpt><trkpt lat="46.41027176147327" lon="8.098410125821829"><ele>2212.5999755859375</ele></trkpt><trkpt lat="46.40999004198238" lon="8.097971018403769"><ele>2214.7999877929688</ele></trkpt><trkpt lat="46.40993160242215" lon="8.097810341510922"><ele>2216.5999755859375</ele></trkpt><trkpt lat="46.409840484615415" lon="8.097699990030378"><ele>2218.699981689453</ele></trkpt><trkpt lat="46.409700255375355" lon="8.097371852491051"><ele>2225.7999877929688</ele></trkpt><trkpt lat="46.409580470528454" lon="8.096930817700922"><ele>2233.0999755859375</ele></trkpt><trkpt lat="46.40958316903561" lon="8.096930850297213"><ele>2233.0999755859375</ele></trkpt><trkpt lat="46.40958316903561" lon="8.096930850297213"><ele>2233.0999755859375</ele></trkpt><trkpt lat="46.40958316903561" lon="8.096930850297213"><ele>2233.0999755859375</ele></trkpt><trkpt lat="46.409580470528454" lon="8.096930817700922"><ele>2233.0999755859375</ele></trkpt><trkpt lat="46.40952023025602" lon="8.096770121250302"><ele>2234.5</ele></trkpt><trkpt lat="46.40933143021539" lon="8.096440099179745"><ele>2239.0999755859375</ele></trkpt><trkpt lat="46.409211579244584" lon="8.09632029896602"><ele>2239.5999755859375</ele></trkpt><trkpt lat="46.40911026345566" lon="8.096261848695576"><ele>2239.5</ele></trkpt><trkpt lat="46.40898174466565" lon="8.096240785438567"><ele>2244.7999877929688</ele></trkpt><trkpt lat="46.408870082814246" lon="8.096260242164135"><ele>2247.699981689453</ele></trkpt><trkpt lat="46.40867001237348" lon="8.096012021414936"><ele>2250.8999938964844</ele></trkpt><trkpt lat="46.40850037429482" lon="8.095790181308985"><ele>2251.8999938964844</ele></trkpt><trkpt lat="46.40844174288213" lon="8.09566202154383"><ele>2252.5</ele></trkpt><trkpt lat="46.408300248906016" lon="8.095240245107561"><ele>2254.8999938964844</ele></trkpt><trkpt lat="46.40828031208366" lon="8.095109953079373"><ele>2255.199981689453</ele></trkpt><trkpt lat="46.4083015806973" lon="8.095010071061552"><ele>2256.0</ele></trkpt><trkpt lat="46.40828039031476" lon="8.094940887764096"><ele>2256.199981689453</ele></trkpt><trkpt lat="46.4081217283383" lon="8.094531912822276"><ele>2260.5</ele></trkpt><trkpt lat="46.40801148163155" lon="8.094150835182518"><ele>2266.7999877929688</ele></trkpt><trkpt lat="46.407891772687435" lon="8.09385027596727"><ele>2271.3999938964844</ele></trkpt><trkpt lat="46.40783007442951" lon="8.093629747163504"><ele>2272.699981689453</ele></trkpt><trkpt lat="46.407741667702794" lon="8.09336077934131"><ele>2278.199981689453</ele></trkpt><trkpt lat="46.40763020236045" lon="8.093190372455865"><ele>2283.3999938964844</ele></trkpt><trkpt lat="46.40750028146431" lon="8.093100373633206"><ele>2287.8999938964844</ele></trkpt><trkpt lat="46.40746008744463" lon="8.093050471041352"><ele>2289.0999755859375</ele></trkpt><trkpt lat="46.407320180907845" lon="8.092819899786264"><ele>2291.5999755859375</ele></trkpt><trkpt lat="46.40726024238393" lon="8.092761956620961"><ele>2292.699981689453</ele></trkpt><trkpt lat="46.40718023665249" lon="8.092751889955252"><ele>2293.7999877929688</ele></trkpt><trkpt lat="46.40715169161558" lon="8.092709930613637"><ele>2294.3999938964844</ele></trkpt><trkpt lat="46.40701154433191" lon="8.092520974110812"><ele>2295.5999755859375</ele></trkpt><trkpt lat="46.40690042078495" lon="8.09229075210169"><ele>2294.3999938964844</ele></trkpt><trkpt lat="46.406871769577265" lon="8.092110941186547"><ele>2294.3999938964844</ele></trkpt><trkpt lat="46.40682141715661" lon="8.091950376983732"><ele>2294.0</ele></trkpt><trkpt lat="46.40672091534361" lon="8.091750195715576"><ele>2294.3999938964844</ele></trkpt><trkpt lat="46.40677142934874" lon="8.091570037417114"><ele>2292.7999877929688</ele></trkpt><trkpt lat="46.4068416133523" lon="8.091410922817886"><ele>2294.5999755859375</ele></trkpt><trkpt lat="46.406971737742424" lon="8.091309749986976"><ele>2298.0999755859375</ele></trkpt><trkpt lat="46.40704046655446" lon="8.091090795118362"><ele>2300.3999938964844</ele></trkpt><trkpt lat="46.40719150938094" lon="8.090480082202703"><ele>2302.5</ele></trkpt><trkpt lat="46.407200476154685" lon="8.090171976014972"><ele>2307.8999938964844</ele></trkpt><trkpt lat="46.4072503275238" lon="8.089950191788375"><ele>2310.2999877929688</ele></trkpt><trkpt lat="46.407261543907225" lon="8.089720140676945"><ele>2312.8999938964844</ele></trkpt><trkpt lat="46.40713036293164" lon="8.088751011528075"><ele>2323.8999938964844</ele></trkpt><trkpt lat="46.40716024301946" lon="8.088560198433697"><ele>2326.0</ele></trkpt><trkpt lat="46.40738042630255" lon="8.087969812564552"><ele>2335.2999877929688</ele></trkpt><trkpt lat="46.40749019244686" lon="8.087809864897281"><ele>2338.199981689453</ele></trkpt><trkpt lat="46.40756165748462" lon="8.087740492541343"><ele>2339.5999755859375</ele></trkpt><trkpt lat="46.4077204442583" lon="8.087660459801555"><ele>2342.5</ele></trkpt><trkpt lat="46.4078902406618" lon="8.087700203992426"><ele>2345.7999877929688</ele></trkpt><trkpt lat="46.40805159183219" lon="8.087800970766693"><ele>2348.199981689453</ele></trkpt><trkpt lat="46.408181741368026" lon="8.087851946242154"><ele>2349.699981689453</ele></trkpt><trkpt lat="46.4082414675504" lon="8.087790235877037"><ele>2349.7999877929688</ele></trkpt><trkpt lat="46.40837006410584" lon="8.08764091366902"><ele>2350.7999877929688</ele></trkpt><trkpt lat="46.40857176063582" lon="8.08745084842667"><ele>2354.199981689453</ele></trkpt><trkpt lat="46.40858007967472" lon="8.087411932181567"><ele>2354.5</ele></trkpt><trkpt lat="46.40864148596302" lon="8.087371049448848"><ele>2355.7999877929688</ele></trkpt><trkpt lat="46.40873039141297" lon="8.087240759283304"><ele>2359.2999877929688</ele></trkpt><trkpt lat="46.40881177270785" lon="8.087010239250958"><ele>2362.5</ele></trkpt><trkpt lat="46.40883166482672" lon="8.086520180571824"><ele>2368.5999755859375</ele></trkpt><trkpt lat="46.40895176352933" lon="8.08644098136574"><ele>2372.7999877929688</ele></trkpt><trkpt lat="46.40900164656341" lon="8.086370048113167"><ele>2375.0999755859375</ele></trkpt><trkpt lat="46.409061804413795" lon="8.08639027364552"><ele>2377.5999755859375</ele></trkpt><trkpt lat="46.409101443365216" lon="8.086380342487246"><ele>2378.5999755859375</ele></trkpt><trkpt lat="46.409121396485716" lon="8.086351969279349"><ele>2379.5999755859375</ele></trkpt><trkpt lat="46.40912170661613" lon="8.086139986757189"><ele>2381.5</ele></trkpt><trkpt lat="46.40909034758806" lon="8.085960140451789"><ele>2383.8999938964844</ele></trkpt><trkpt lat="46.409001803491265" lon="8.085711985360831"><ele>2385.3999938964844</ele></trkpt><trkpt lat="46.408910115715116" lon="8.085541824810207"><ele>2385.8999938964844</ele></trkpt><trkpt lat="46.40884036431089" lon="8.08531080186367"><ele>2387.2999877929688</ele></trkpt><trkpt lat="46.408846609294415" lon="8.085319979581982"><ele>2387.2999877929688</ele></trkpt><trkpt lat="46.408846609294415" lon="8.085319979581982"><ele>2387.2999877929688</ele></trkpt><trkpt lat="46.408846609294415" lon="8.085319979581982"><ele>2387.2999877929688</ele></trkpt><trkpt lat="46.40884036431089" lon="8.08531080186367"><ele>2387.2999877929688</ele></trkpt><trkpt lat="46.40871024830267" lon="8.084779941476882"><ele>2389.699981689453</ele></trkpt><trkpt lat="46.40861167572439" lon="8.084080392029136"><ele>2393.5</ele></trkpt><trkpt lat="46.408590456005186" lon="8.083540426101536"><ele>2395.0</ele></trkpt><trkpt lat="46.408400495070964" lon="8.082140121608973"><ele>2403.199981689453</ele></trkpt><trkpt lat="46.40842181816697" lon="8.081869868095964"><ele>2404.5999755859375</ele></trkpt><trkpt lat="46.40848165098578" lon="8.081629982218146"><ele>2405.5999755859375</ele></trkpt><trkpt lat="46.408511583227664" lon="8.081110131461173"><ele>2408.5</ele></trkpt><trkpt lat="46.40845182677731" lon="8.080701064318419"><ele>2411.0999755859375</ele></trkpt><trkpt lat="46.40844026533887" lon="8.080200230702758"><ele>2412.8999938964844</ele></trkpt><trkpt lat="46.408401594962925" lon="8.07987984875217"><ele>2415.699981689453</ele></trkpt><trkpt lat="46.40837174607441" lon="8.079430820886046"><ele>2419.2999877929688</ele></trkpt><trkpt lat="46.40838182717562" lon="8.078919840045273"><ele>2423.699981689453</ele></trkpt><trkpt lat="46.40840093744919" lon="8.07888104999438"><ele>2424.2999877929688</ele></trkpt><trkpt lat="46.40839026402682" lon="8.078700153622776"><ele>2427.699981689453</ele></trkpt><trkpt lat="46.408261459786445" lon="8.078409923706204"><ele>2432.0</ele></trkpt><trkpt lat="46.408001826144755" lon="8.077549836598337"><ele>2441.0</ele></trkpt><trkpt lat="46.40774156386033" lon="8.076960252132267"><ele>2445.8999938964844</ele></trkpt><trkpt lat="46.40763141075149" lon="8.076391943730414"><ele>2450.199981689453</ele></trkpt><trkpt lat="46.407421758398414" lon="8.075920006725937"><ele>2454.699981689453</ele></trkpt><trkpt lat="46.4072603341192" lon="8.075349802616984"><ele>2460.0999755859375</ele></trkpt><trkpt lat="46.40722029749304" lon="8.075110044330359"><ele>2459.7999877929688</ele></trkpt><trkpt lat="46.40716029750183" lon="8.074580046348274"><ele>2462.5999755859375</ele></trkpt><trkpt lat="46.407070212997496" lon="8.073959964327514"><ele>2465.2999877929688</ele></trkpt><trkpt lat="46.40700172353536" lon="8.07366005377844"><ele>2468.5</ele></trkpt><trkpt lat="46.40693154092878" lon="8.073501876089722"><ele>2469.5</ele></trkpt><trkpt lat="46.406870246399194" lon="8.073202050756663"><ele>2471.3999938964844</ele></trkpt><trkpt lat="46.406821608543396" lon="8.073051928542554"><ele>2472.199981689453</ele></trkpt><trkpt lat="46.40681142779067" lon="8.072620053309947"><ele>2475.0</ele></trkpt><trkpt lat="46.406890344340354" lon="8.072020157240331"><ele>2483.0999755859375</ele></trkpt><trkpt lat="46.406910410150886" lon="8.071970973163843"><ele>2483.7999877929688</ele></trkpt><trkpt lat="46.406991767231375" lon="8.071900396142155"><ele>2485.5999755859375</ele></trkpt><trkpt lat="46.4070615391247" lon="8.071810176130384"><ele>2486.0</ele></trkpt><trkpt lat="46.407150470186025" lon="8.071510802488774"><ele>2489.699981689453</ele></trkpt><trkpt lat="46.407111840322614" lon="8.071339989546686"><ele>2489.199981689453</ele></trkpt><trkpt lat="46.40711183194071" lon="8.071180030703545"><ele>2488.5</ele></trkpt><trkpt lat="46.40714020188898" lon="8.070931969210505"><ele>2488.0</ele></trkpt><trkpt lat="46.40727175679058" lon="8.070731926243752"><ele>2487.7999877929688</ele></trkpt><trkpt lat="46.40734040364623" lon="8.070682005956769"><ele>2487.5</ele></trkpt><trkpt lat="46.407391691580415" lon="8.070680001750588"><ele>2486.7999877929688</ele></trkpt><trkpt lat="46.407420467585325" lon="8.070520377252251"><ele>2487.0999755859375</ele></trkpt><trkpt lat="46.407440416980535" lon="8.070491998456419"><ele>2487.2999877929688</ele></trkpt><trkpt lat="46.40751171903685" lon="8.070449911989272"><ele>2486.8999938964844</ele></trkpt><trkpt lat="46.40754140354693" lon="8.070450257044286"><ele>2487.199981689453</ele></trkpt><trkpt lat="46.40762017900124" lon="8.070520099718124"><ele>2488.5999755859375</ele></trkpt><trkpt lat="46.40774172451347" lon="8.070502006448805"><ele>2486.7999877929688</ele></trkpt><trkpt lat="46.4078104943037" lon="8.070429978426546"><ele>2486.0999755859375</ele></trkpt><trkpt lat="46.40784157020971" lon="8.070341906044632"><ele>2484.699981689453</ele></trkpt><trkpt lat="46.40788143919781" lon="8.070290349889547"><ele>2484.3999938964844</ele></trkpt><trkpt lat="46.407931812573224" lon="8.070290935225785"><ele>2482.8999938964844</ele></trkpt><trkpt lat="46.407940190285444" lon="8.070240313187242"><ele>2481.5</ele></trkpt><trkpt lat="46.40805149869993" lon="8.07012196118012"><ele>2480.5999755859375</ele></trkpt><trkpt lat="46.40812184335664" lon="8.070090266875923"><ele>2481.0999755859375</ele></trkpt><trkpt lat="46.408128125593066" lon="8.070092940703034"><ele>2481.0999755859375</ele></trkpt><trkpt lat="46.408128125593066" lon="8.070092940703034"><ele>2481.0999755859375</ele></trkpt><trkpt lat="46.408128125593066" lon="8.070092940703034"><ele>2481.0999755859375</ele></trkpt><trkpt lat="46.40812184335664" lon="8.070090266875923"><ele>2481.0999755859375</ele></trkpt><trkpt lat="46.408241655211896" lon="8.070060447789729"><ele>2482.2999877929688</ele></trkpt><trkpt lat="46.40824024612084" lon="8.06999020371586"><ele>2480.2999877929688</ele></trkpt><trkpt lat="46.40832148632035" lon="8.069940428249538"><ele>2480.0</ele></trkpt><trkpt lat="46.40839176531881" lon="8.069920436944813"><ele>2479.199981689453</ele></trkpt><trkpt lat="46.40843162685633" lon="8.06987018045038"><ele>2478.0</ele></trkpt><trkpt lat="46.408550263848156" lon="8.069889766164124"><ele>2476.7999877929688</ele></trkpt><trkpt lat="46.408630488440394" lon="8.069860786665231"><ele>2475.199981689453</ele></trkpt><trkpt lat="46.408761493861675" lon="8.069920831825584"><ele>2471.699981689453</ele></trkpt><trkpt lat="46.40883019100875" lon="8.06986180646345"><ele>2470.3999938964844</ele></trkpt><trkpt lat="46.40890025347471" lon="8.069880827795714"><ele>2469.7999877929688</ele></trkpt><trkpt lat="46.40891048731282" lon="8.069819821510464"><ele>2466.3999938964844</ele></trkpt><trkpt lat="46.409001557156444" lon="8.069781864527613"><ele>2466.0999755859375</ele></trkpt><trkpt lat="46.40912030311301" lon="8.069781944155693"><ele>2467.3999938964844</ele></trkpt><trkpt lat="46.40923146903515" lon="8.069850863423198"><ele>2467.0999755859375</ele></trkpt><trkpt lat="46.40925018209964" lon="8.06972102727741"><ele>2463.0</ele></trkpt><trkpt lat="46.40927008725703" lon="8.069700449705124"><ele>2461.7999877929688</ele></trkpt><trkpt lat="46.40931034926325" lon="8.069739933591336"><ele>2461.0</ele></trkpt><trkpt lat="46.40935178520158" lon="8.069730010349303"><ele>2458.8999938964844</ele></trkpt><trkpt lat="46.409540253225714" lon="8.069810232613236"><ele>2458.0999755859375</ele></trkpt><trkpt lat="46.40965162497014" lon="8.069680171087384"><ele>2450.199981689453</ele></trkpt><trkpt lat="46.4098017453216" lon="8.069700122345239"><ele>2447.199981689453</ele></trkpt><trkpt lat="46.40984048275277" lon="8.069690168369561"><ele>2446.5</ele></trkpt><trkpt lat="46.409900235012174" lon="8.069621933624148"><ele>2445.699981689453</ele></trkpt><trkpt lat="46.40998024260625" lon="8.069631966762245"><ele>2443.8999938964844</ele></trkpt><trkpt lat="46.410010107792914" lon="8.06959979981184"><ele>2443.699981689453</ele></trkpt><trkpt lat="46.41021173680201" lon="8.069740001112223"><ele>2445.7999877929688</ele></trkpt><trkpt lat="46.410221797879785" lon="8.069710205309093"><ele>2445.0999755859375</ele></trkpt><trkpt lat="46.410260470118374" lon="8.06971195479855"><ele>2443.0999755859375</ele></trkpt><trkpt lat="46.41030017239973" lon="8.069690306670964"><ele>2442.2999877929688</ele></trkpt><trkpt lat="46.41039154212922" lon="8.069760298356414"><ele>2443.5</ele></trkpt><trkpt lat="46.410410374403" lon="8.069770921487361"><ele>2444.0</ele></trkpt><trkpt lat="46.41041049035266" lon="8.0697501138784"><ele>2443.8999938964844</ele></trkpt><trkpt lat="46.41063021775335" lon="8.069871018640697"><ele>2443.3999938964844</ele></trkpt><trkpt lat="46.410741650965065" lon="8.069891822058707"><ele>2441.199981689453</ele></trkpt><trkpt lat="46.41083048749715" lon="8.069931871257722"><ele>2439.7999877929688</ele></trkpt><trkpt lat="46.41100168833509" lon="8.069881838746369"><ele>2440.2999877929688</ele></trkpt><trkpt lat="46.41103014070541" lon="8.069941995665431"><ele>2439.0999755859375</ele></trkpt><trkpt lat="46.41123009286821" lon="8.070060071535408"><ele>2440.0</ele></trkpt><trkpt lat="46.41132010705769" lon="8.07021198561415"><ele>2441.7999877929688</ele></trkpt><trkpt lat="46.41138022392988" lon="8.070239996537566"><ele>2441.2999877929688</ele></trkpt><trkpt lat="46.411381733603776" lon="8.070292037911713"><ele>2442.5</ele></trkpt><trkpt lat="46.41135178133845" lon="8.0703398110345"><ele>2443.5999755859375</ele></trkpt><trkpt lat="46.41137140477076" lon="8.070369952823967"><ele>2444.0999755859375</ele></trkpt><trkpt lat="46.41139017930254" lon="8.070390980690718"><ele>2444.699981689453</ele></trkpt><trkpt lat="46.41144156875089" lon="8.070370769128203"><ele>2445.0</ele></trkpt><trkpt lat="46.411551660858095" lon="8.070470894221216"><ele>2444.699981689453</ele></trkpt><trkpt lat="46.41169172292575" lon="8.070681918878108"><ele>2447.3999938964844</ele></trkpt><trkpt lat="46.41183038940653" lon="8.070820094551891"><ele>2444.3999938964844</ele></trkpt><trkpt lat="46.411881612148136" lon="8.070829794742167"><ele>2443.5</ele></trkpt><trkpt lat="46.41191044775769" lon="8.070821026340127"><ele>2444.0999755859375</ele></trkpt><trkpt lat="46.41197145683691" lon="8.07085034949705"><ele>2443.199981689453</ele></trkpt><trkpt lat="46.41195013560355" lon="8.070801978930831"><ele>2442.5</ele></trkpt><trkpt lat="46.41202031355351" lon="8.070800194516778"><ele>2441.199981689453</ele></trkpt><trkpt lat="46.41216183826327" lon="8.070909791626036"><ele>2439.5999755859375</ele></trkpt><trkpt lat="46.41222030809149" lon="8.070910471957177"><ele>2438.8999938964844</ele></trkpt><trkpt lat="46.41230161488056" lon="8.07101026456803"><ele>2438.0999755859375</ele></trkpt><trkpt lat="46.41233141487464" lon="8.070989801548421"><ele>2436.7999877929688</ele></trkpt><trkpt lat="46.41240181121975" lon="8.071110276971012"><ele>2435.8999938964844</ele></trkpt><trkpt lat="46.41252168919891" lon="8.071230028290302"><ele>2433.5999755859375</ele></trkpt><trkpt lat="46.412550415843725" lon="8.07124076737091"><ele>2432.199981689453</ele></trkpt><trkpt lat="46.41260141367093" lon="8.07129078451544"><ele>2430.7999877929688</ele></trkpt><trkpt lat="46.41264020930976" lon="8.07127042626962"><ele>2429.5999755859375</ele></trkpt><trkpt lat="46.412700361572206" lon="8.071291936561465"><ele>2427.5999755859375</ele></trkpt><trkpt lat="46.41271037934348" lon="8.071269942913204"><ele>2426.5</ele></trkpt><trkpt lat="46.41273180115968" lon="8.07130010612309"><ele>2425.0999755859375</ele></trkpt><trkpt lat="46.41282142093405" lon="8.07136097829789"><ele>2423.7999877929688</ele></trkpt><trkpt lat="46.4128704527393" lon="8.071440887171775"><ele>2422.699981689453</ele></trkpt><trkpt lat="46.412970199249685" lon="8.071460257750005"><ele>2420.3999938964844</ele></trkpt><trkpt lat="46.413070287089795" lon="8.071579780895263"><ele>2421.2999877929688</ele></trkpt><trkpt lat="46.41317154979333" lon="8.071649893652648"><ele>2418.7999877929688</ele></trkpt><trkpt lat="46.413261451758444" lon="8.071660045534372"><ele>2416.8999938964844</ele></trkpt><trkpt lat="46.41335022263229" lon="8.07171180471778"><ele>2414.699981689453</ele></trkpt><trkpt lat="46.4135900773108" lon="8.07177182752639"><ele>2406.7999877929688</ele></trkpt><trkpt lat="46.41366047272459" lon="8.07173102768138"><ele>2405.3999938964844</ele></trkpt><trkpt lat="46.413701792713255" lon="8.071741914376616"><ele>2404.0999755859375</ele></trkpt><trkpt lat="46.413721807301044" lon="8.071701827459037"><ele>2402.5</ele></trkpt><trkpt lat="46.41378016769886" lon="8.071722017135471"><ele>2401.5999755859375</ele></trkpt><trkpt lat="46.413890208117664" lon="8.071669973433018"><ele>2400.5</ele></trkpt><trkpt lat="46.41402025567368" lon="8.071740423329175"><ele>2398.0</ele></trkpt><trkpt lat="46.41407157946378" lon="8.07173191709444"><ele>2396.5</ele></trkpt><trkpt lat="46.41417037555948" lon="8.07176038203761"><ele>2394.5</ele></trkpt><trkpt lat="46.414211478084326" lon="8.071810286026448"><ele>2394.0999755859375</ele></trkpt><trkpt lat="46.414400226436555" lon="8.071839799173176"><ele>2387.0</ele></trkpt><trkpt lat="46.41443148534745" lon="8.071880483999848"><ele>2386.8999938964844</ele></trkpt><trkpt lat="46.414440473075956" lon="8.071881889365613"><ele>2386.2999877929688</ele></trkpt><trkpt lat="46.414441604632884" lon="8.07184028159827"><ele>2385.0999755859375</ele></trkpt><trkpt lat="46.41466013900936" lon="8.07185193290934"><ele>2377.0999755859375</ele></trkpt><trkpt lat="46.41466042865068" lon="8.071799909695983"><ele>2374.7999877929688</ele></trkpt><trkpt lat="46.41473171627149" lon="8.071760419756174"><ele>2372.2999877929688</ele></trkpt><trkpt lat="46.41476168343797" lon="8.07171004312113"><ele>2371.0</ele></trkpt><trkpt lat="46.41477157827467" lon="8.071710158605129"><ele>2371.199981689453</ele></trkpt><trkpt lat="46.41487024445087" lon="8.071762034669518"><ele>2371.8999938964844</ele></trkpt><trkpt lat="46.41517027467489" lon="8.072000954300165"><ele>2370.5</ele></trkpt><trkpt lat="46.41529144346714" lon="8.072050492744893"><ele>2371.8999938964844</ele></trkpt><trkpt lat="46.41556020732969" lon="8.07225003046915"><ele>2370.7999877929688</ele></trkpt><trkpt lat="46.415651792660356" lon="8.072281014639884"><ele>2370.7999877929688</ele></trkpt><trkpt lat="46.41571016097441" lon="8.072299905586988"><ele>2370.7999877929688</ele></trkpt><trkpt lat="46.41580028086901" lon="8.072271041106433"><ele>2369.699981689453</ele></trkpt><trkpt lat="46.41599032143131" lon="8.072230335325003"><ele>2366.199981689453</ele></trkpt><trkpt lat="46.41617011837661" lon="8.072251942940056"><ele>2362.7999877929688</ele></trkpt><trkpt lat="46.4163900827989" lon="8.072329950053245"><ele>2362.0</ele></trkpt><trkpt lat="46.41689041862264" lon="8.072461958043277"><ele>2362.5</ele></trkpt><trkpt lat="46.417291653342545" lon="8.07262012688443"><ele>2362.0</ele></trkpt><trkpt lat="46.41741028288379" lon="8.072641022969037"><ele>2363.0</ele></trkpt><trkpt lat="46.41761022480205" lon="8.072760423179716"><ele>2363.2999877929688</ele></trkpt><trkpt lat="46.41803027037531" lon="8.072771831881255"><ele>2360.7999877929688</ele></trkpt><trkpt lat="46.418181797489524" lon="8.072862052358687"><ele>2361.699981689453</ele></trkpt><trkpt lat="46.41855154791847" lon="8.073019859846681"><ele>2362.3999938964844</ele></trkpt><trkpt lat="46.4185902280733" lon="8.073020312003791"><ele>2362.7999877929688</ele></trkpt><trkpt lat="46.418671634979546" lon="8.073101909831166"><ele>2363.0</ele></trkpt><trkpt lat="46.41887175058946" lon="8.07319009769708"><ele>2360.5</ele></trkpt><trkpt lat="46.419100186321884" lon="8.073361867107451"><ele>2360.7999877929688</ele></trkpt><trkpt lat="46.419290458317846" lon="8.07344083674252"><ele>2360.0999755859375</ele></trkpt><trkpt lat="46.419401665683836" lon="8.073501972481608"><ele>2359.699981689453</ele></trkpt><trkpt lat="46.41951041482389" lon="8.07352015376091"><ele>2359.8999938964844</ele></trkpt><trkpt lat="46.4197801197879" lon="8.073711920995265"><ele>2361.5</ele></trkpt><trkpt lat="46.41984028648585" lon="8.073730836156756"><ele>2361.8999938964844</ele></trkpt><trkpt lat="46.420010149944574" lon="8.07392013631761"><ele>2361.699981689453</ele></trkpt><trkpt lat="46.42028008680791" lon="8.07407028414309"><ele>2360.5999755859375</ele></trkpt><trkpt lat="46.42038011318073" lon="8.074200233444571"><ele>2359.5999755859375</ele></trkpt><trkpt lat="46.42054165014997" lon="8.074269765522331"><ele>2356.5</ele></trkpt><trkpt lat="46.42066044639796" lon="8.074260749388486"><ele>2354.199981689453</ele></trkpt><trkpt lat="46.420831765048206" lon="8.07418990926817"><ele>2352.7999877929688</ele></trkpt><trkpt lat="46.420941514894366" lon="8.074189892970026"><ele>2351.0</ele></trkpt><trkpt lat="46.42127025173977" lon="8.074120894540101"><ele>2347.5</ele></trkpt><trkpt lat="46.42167175235227" lon="8.074230959638953"><ele>2341.7999877929688</ele></trkpt><trkpt lat="46.421670069452375" lon="8.074210126884282"><ele>2341.5</ele></trkpt><trkpt lat="46.421590057667345" lon="8.074040082283318"><ele>2338.2999877929688</ele></trkpt><trkpt lat="46.42154012713581" lon="8.0739601473324"><ele>2336.699981689453</ele></trkpt><trkpt lat="46.421540229115635" lon="8.073941936716437"><ele>2336.2999877929688</ele></trkpt><trkpt lat="46.42194016370922" lon="8.074010356329381"><ele>2330.7999877929688</ele></trkpt><trkpt lat="46.422220329754055" lon="8.074100791011006"><ele>2328.699981689453</ele></trkpt><trkpt lat="46.42246159771457" lon="8.074229796417058"><ele>2326.699981689453</ele></trkpt><trkpt lat="46.422560101840645" lon="8.074310301337391"><ele>2326.2999877929688</ele></trkpt><trkpt lat="46.422631561756134" lon="8.07440089667216"><ele>2325.0999755859375</ele></trkpt><trkpt lat="46.422751552890986" lon="8.074499865528196"><ele>2324.8999938964844</ele></trkpt><trkpt lat="46.42282166518271" lon="8.074509792495519"><ele>2324.3999938964844</ele></trkpt><trkpt lat="46.42302175750956" lon="8.074601894710213"><ele>2319.5999755859375</ele></trkpt><trkpt lat="46.4230515002273" lon="8.074591835960746"><ele>2318.8999938964844</ele></trkpt><trkpt lat="46.42285178788006" lon="8.074270785786211"><ele>2311.3999938964844</ele></trkpt><trkpt lat="46.42286174092442" lon="8.074260495137423"><ele>2310.699981689453</ele></trkpt><trkpt lat="46.42300010146573" lon="8.074292034376413"><ele>2309.5</ele></trkpt><trkpt lat="46.42308157263324" lon="8.074361933860928"><ele>2308.0</ele></trkpt><trkpt lat="46.42318020062521" lon="8.074420326389372"><ele>2306.2999877929688</ele></trkpt><trkpt lat="46.42344153439626" lon="8.074500137474388"><ele>2304.0999755859375</ele></trkpt><trkpt lat="46.423631630372256" lon="8.07461033621803"><ele>2301.5</ele></trkpt><trkpt lat="46.42371046124026" lon="8.074669798836112"><ele>2300.3999938964844</ele></trkpt><trkpt lat="46.4237702852115" lon="8.07474985299632"><ele>2299.5</ele></trkpt><trkpt lat="46.42388037359342" lon="8.0748500097543"><ele>2298.3999938964844</ele></trkpt><trkpt lat="46.42402013903484" lon="8.074951815418899"><ele>2297.3999938964844</ele></trkpt><trkpt lat="46.42415008274838" lon="8.075040497351438"><ele>2295.199981689453</ele></trkpt><trkpt lat="46.42438161512837" lon="8.07514077797532"><ele>2294.3999938964844</ele></trkpt><trkpt lat="46.42448012623936" lon="8.075219986960292"><ele>2294.3999938964844</ele></trkpt><trkpt lat="46.4247604040429" lon="8.075450931675732"><ele>2298.5999755859375</ele></trkpt><trkpt lat="46.42491147713736" lon="8.075621821917593"><ele>2301.8999938964844</ele></trkpt><trkpt lat="46.425030290614814" lon="8.075770218856633"><ele>2302.199981689453</ele></trkpt><trkpt lat="46.42510147020221" lon="8.07575023919344"><ele>2300.2999877929688</ele></trkpt><trkpt lat="46.42515173461288" lon="8.075770342722535"><ele>2300.2999877929688</ele></trkpt><trkpt lat="46.42518034437671" lon="8.075801900587976"><ele>2300.5999755859375</ele></trkpt><trkpt lat="46.425230112392455" lon="8.075910460203886"><ele>2300.5999755859375</ele></trkpt><trkpt lat="46.42535032052547" lon="8.075970412231982"><ele>2298.699981689453</ele></trkpt><trkpt lat="46.4256601203233" lon="8.07623033085838"><ele>2297.5999755859375</ele></trkpt><trkpt lat="46.42575159482658" lon="8.076280840206891"><ele>2297.5999755859375</ele></trkpt><trkpt lat="46.425880244001746" lon="8.076439763884991"><ele>2299.5</ele></trkpt><trkpt lat="46.42604042729363" lon="8.076589952223003"><ele>2300.7999877929688</ele></trkpt><trkpt lat="46.42619048943743" lon="8.076780351810157"><ele>2302.3999938964844</ele></trkpt><trkpt lat="46.42637141980231" lon="8.076920378487557"><ele>2303.0</ele></trkpt><trkpt lat="46.426461775787175" lon="8.077009905129671"><ele>2304.0</ele></trkpt><trkpt lat="46.42650039726868" lon="8.077180782798678"><ele>2304.7999877929688</ele></trkpt><trkpt lat="46.426550273317844" lon="8.077269834000617"><ele>2305.3999938964844</ele></trkpt><trkpt lat="46.42668178025633" lon="8.077400174923241"><ele>2305.3999938964844</ele></trkpt><trkpt lat="46.42682172032073" lon="8.077470772434026"><ele>2308.5999755859375</ele></trkpt><trkpt lat="46.426921802107245" lon="8.077590337023139"><ele>2310.3999938964844</ele></trkpt><trkpt lat="46.42698010383174" lon="8.077620945405215"><ele>2311.5</ele></trkpt><trkpt lat="46.42710159905255" lon="8.077771986369044"><ele>2315.5</ele></trkpt><trkpt lat="46.427200057543814" lon="8.077860310208052"><ele>2317.5999755859375</ele></trkpt><trkpt lat="46.4272615686059" lon="8.077959907706827"><ele>2318.699981689453</ele></trkpt><trkpt lat="46.42734145792201" lon="8.078150790184736"><ele>2322.199981689453</ele></trkpt><trkpt lat="46.42756180372089" lon="8.078479929827154"><ele>2326.199981689453</ele></trkpt><trkpt lat="46.427600423339754" lon="8.078650812618434"><ele>2329.7999877929688</ele></trkpt><trkpt lat="46.427721813786775" lon="8.078820069786161"><ele>2330.3999938964844</ele></trkpt><trkpt lat="46.42784005124122" lon="8.079069951549172"><ele>2335.3999938964844</ele></trkpt><trkpt lat="46.42793017812073" lon="8.079199811443686"><ele>2336.199981689453</ele></trkpt><trkpt lat="46.42805032338947" lon="8.079430202487856"><ele>2338.5999755859375</ele></trkpt><trkpt lat="46.42809018585831" lon="8.079539955593646"><ele>2340.199981689453</ele></trkpt><trkpt lat="46.4282815111801" lon="8.079750372562557"><ele>2341.7999877929688</ele></trkpt><trkpt lat="46.428341783583164" lon="8.079909805674106"><ele>2344.199981689453</ele></trkpt><trkpt lat="46.42848171759397" lon="8.08014043373987"><ele>2347.3999938964844</ele></trkpt><trkpt lat="46.428541474975646" lon="8.080390931107104"><ele>2349.7999877929688</ele></trkpt><trkpt lat="46.4287001946941" lon="8.08063999703154"><ele>2351.5999755859375</ele></trkpt><trkpt lat="46.4288003728725" lon="8.081060104537755"><ele>2356.199981689453</ele></trkpt><trkpt lat="46.42881172243506" lon="8.08128010854125"><ele>2357.199981689453</ele></trkpt><trkpt lat="46.42888008104637" lon="8.081440940964967"><ele>2358.3999938964844</ele></trkpt><trkpt lat="46.42888272833079" lon="8.08145007956773"><ele>2358.3999938964844</ele></trkpt><trkpt lat="46.42888272833079" lon="8.08145007956773"><ele>2358.3999938964844</ele></trkpt><trkpt lat="46.42888272833079" lon="8.08145007956773"><ele>2358.3999938964844</ele></trkpt><trkpt lat="46.42888008104637" lon="8.081440940964967"><ele>2358.3999938964844</ele></trkpt><trkpt lat="46.428901612292975" lon="8.081610326655209"><ele>2359.5999755859375</ele></trkpt><trkpt lat="46.42896159412339" lon="8.081820498686284"><ele>2360.0999755859375</ele></trkpt><trkpt lat="46.42896035593003" lon="8.081880330108106"><ele>2360.2999877929688</ele></trkpt><trkpt lat="46.42894016811624" lon="8.08195034507662"><ele>2360.3999938964844</ele></trkpt><trkpt lat="46.428931563626975" lon="8.082040012814105"><ele>2361.199981689453</ele></trkpt><trkpt lat="46.42902155406773" lon="8.08235201984644"><ele>2362.7999877929688</ele></trkpt><trkpt lat="46.429080134257674" lon="8.082491922657937"><ele>2363.8999938964844</ele></trkpt><trkpt lat="46.4292916492559" lon="8.082789761479944"><ele>2368.0</ele></trkpt><trkpt lat="46.4294501952827" lon="8.082910035271198"><ele>2369.0</ele></trkpt><trkpt lat="46.42999010439962" lon="8.083200067281723"><ele>2369.7999877929688</ele></trkpt><trkpt lat="46.430071791633964" lon="8.083230960648507"><ele>2368.5999755859375</ele></trkpt><trkpt lat="46.43036044342443" lon="8.083410028368235"><ele>2367.7999877929688</ele></trkpt><trkpt lat="46.430500098038465" lon="8.0835300819017"><ele>2367.3999938964844</ele></trkpt><trkpt lat="46.43055007327348" lon="8.083600931800902"><ele>2367.3999938964844</ele></trkpt><trkpt lat="46.43071029847488" lon="8.083742047194391"><ele>2367.7999877929688</ele></trkpt><trkpt lat="46.430791542399675" lon="8.083850999362767"><ele>2366.3999938964844</ele></trkpt><trkpt lat="46.43109181057662" lon="8.08420195011422"><ele>2365.3999938964844</ele></trkpt><trkpt lat="46.431210045702755" lon="8.084291828330606"><ele>2365.3999938964844</ele></trkpt><trkpt lat="46.43131159665063" lon="8.084309949539602"><ele>2364.5999755859375</ele></trkpt><trkpt lat="46.431390304118395" lon="8.084390250500292"><ele>2364.199981689453</ele></trkpt><trkpt lat="46.43150156503543" lon="8.084441014565527"><ele>2363.7999877929688</ele></trkpt><trkpt lat="46.43159005604684" lon="8.084540948271751"><ele>2363.3999938964844</ele></trkpt><trkpt lat="46.43176030088216" lon="8.08466007001698"><ele>2362.5999755859375</ele></trkpt><trkpt lat="46.43188016442582" lon="8.084779894445091"><ele>2361.0999755859375</ele></trkpt><trkpt lat="46.4319617995061" lon="8.0848198980093"><ele>2360.2999877929688</ele></trkpt><trkpt lat="46.4321901248768" lon="8.084849938284606"><ele>2358.7999877929688</ele></trkpt><trkpt lat="46.432520386297256" lon="8.084830450359732"><ele>2358.0</ele></trkpt><trkpt lat="46.432560187764466" lon="8.084791891276836"><ele>2357.7999877929688</ele></trkpt><trkpt lat="46.43262047087774" lon="8.084790006279945"><ele>2356.7999877929688</ele></trkpt><trkpt lat="46.43272015592083" lon="8.084819816984236"><ele>2356.199981689453</ele></trkpt><trkpt lat="46.43284154124558" lon="8.08483036980033"><ele>2356.199981689453</ele></trkpt><trkpt lat="46.43322003353387" lon="8.085030041635036"><ele>2358.5999755859375</ele></trkpt><trkpt lat="46.43353156372905" lon="8.085140442475677"><ele>2359.0</ele></trkpt><trkpt lat="46.43374092131853" lon="8.085342007689178"><ele>2361.5</ele></trkpt><trkpt lat="46.43382003577426" lon="8.085350756999105"><ele>2361.8999938964844</ele></trkpt><trkpt lat="46.434010240249336" lon="8.085440198890865"><ele>2362.699981689453</ele></trkpt><trkpt lat="46.43411048408598" lon="8.08552987035364"><ele>2364.8999938964844</ele></trkpt><trkpt lat="46.43421005085111" lon="8.085580499842763"><ele>2366.5</ele></trkpt><trkpt lat="46.434430391993374" lon="8.085590932983905"><ele>2367.2999877929688</ele></trkpt><trkpt lat="46.434710156638175" lon="8.08575040474534"><ele>2370.0999755859375</ele></trkpt><trkpt lat="46.43482176493853" lon="8.085740024689585"><ele>2367.8999938964844</ele></trkpt><trkpt lat="46.434891706332564" lon="8.08577989321202"><ele>2369.0999755859375</ele></trkpt><trkpt lat="46.43514155363664" lon="8.085821906104684"><ele>2368.199981689453</ele></trkpt><trkpt lat="46.435300392564386" lon="8.085890159010887"><ele>2368.3999938964844</ele></trkpt><trkpt lat="46.43549020914361" lon="8.085889820475131"><ele>2370.8999938964844</ele></trkpt><trkpt lat="46.43561148317531" lon="8.085919892415404"><ele>2371.7999877929688</ele></trkpt><trkpt lat="46.43573028082028" lon="8.085910899564624"><ele>2372.0</ele></trkpt><trkpt lat="46.43580034049228" lon="8.085929951630533"><ele>2373.5</ele></trkpt><trkpt lat="46.43598037306219" lon="8.085909978486598"><ele>2374.0</ele></trkpt><trkpt lat="46.436250464525074" lon="8.086030305363238"><ele>2373.2999877929688</ele></trkpt><trkpt lat="46.436500097159296" lon="8.086110052652657"><ele>2374.5</ele></trkpt><trkpt lat="46.43654040526599" lon="8.08614046080038"><ele>2374.5</ele></trkpt><trkpt lat="46.43658144259825" lon="8.08620080538094"><ele>2375.5</ele></trkpt><trkpt lat="46.43696167226881" lon="8.086410930845886"><ele>2377.3999938964844</ele></trkpt><trkpt lat="46.437100095674396" lon="8.086430799216032"><ele>2375.7999877929688</ele></trkpt><trkpt lat="46.437261684797704" lon="8.086489980574697"><ele>2374.8999938964844</ele></trkpt><trkpt lat="46.43742180103436" lon="8.086491891182959"><ele>2372.699981689453</ele></trkpt><trkpt lat="46.437800355721265" lon="8.08667988050729"><ele>2367.199981689453</ele></trkpt><trkpt lat="46.437870467081666" lon="8.086689826101065"><ele>2366.3999938964844</ele></trkpt><trkpt lat="46.437990334350616" lon="8.086650918703526"><ele>2364.5999755859375</ele></trkpt><trkpt lat="46.438380180858076" lon="8.086751863360405"><ele>2359.199981689453</ele></trkpt><trkpt lat="46.43851017486304" lon="8.086830188054591"><ele>2358.699981689453</ele></trkpt><trkpt lat="46.43861008202657" lon="8.086820971220732"><ele>2358.5999755859375</ele></trkpt><trkpt lat="46.438720389734954" lon="8.086880844086409"><ele>2356.0999755859375</ele></trkpt><trkpt lat="46.438791459891945" lon="8.086880391463637"><ele>2354.8999938964844</ele></trkpt><trkpt lat="46.438901701010764" lon="8.086951975245029"><ele>2353.699981689453</ele></trkpt><trkpt lat="46.43912159465253" lon="8.087040483020246"><ele>2347.199981689453</ele></trkpt><trkpt lat="46.43915020907298" lon="8.087070753332227"><ele>2346.5</ele></trkpt><trkpt lat="46.43917151493952" lon="8.087120455224067"><ele>2344.699981689453</ele></trkpt><trkpt lat="46.439251645468175" lon="8.087580752559006"><ele>2331.7999877929688</ele></trkpt><trkpt lat="46.43935022037476" lon="8.087961896322668"><ele>2326.199981689453</ele></trkpt><trkpt lat="46.43939029611647" lon="8.088190095033497"><ele>2322.5999755859375</ele></trkpt><trkpt lat="46.439491419587284" lon="8.088439844548702"><ele>2316.0</ele></trkpt><trkpt lat="46.439621610566974" lon="8.088640494737774"><ele>2309.0999755859375</ele></trkpt><trkpt lat="46.43974017724395" lon="8.088671843521297"><ele>2306.699981689453</ele></trkpt><trkpt lat="46.43979016318917" lon="8.088740107603371"><ele>2305.0999755859375</ele></trkpt><trkpt lat="46.439931576605886" lon="8.08918032841757"><ele>2302.7999877929688</ele></trkpt><trkpt lat="46.44006165582687" lon="8.089400501456112"><ele>2302.2999877929688</ele></trkpt><trkpt lat="46.440091494470835" lon="8.089530986268073"><ele>2302.3999938964844</ele></trkpt><trkpt lat="46.4401200376451" lon="8.089730423409492"><ele>2301.0999755859375</ele></trkpt><trkpt lat="46.440180295147" lon="8.089889901224524"><ele>2299.7999877929688</ele></trkpt><trkpt lat="46.440270408988" lon="8.09001980908215"><ele>2299.8999938964844</ele></trkpt><trkpt lat="46.44039020733908" lon="8.090150073636323"><ele>2299.8999938964844</ele></trkpt><trkpt lat="46.440480089280754" lon="8.090320318937302"><ele>2299.3999938964844</ele></trkpt><trkpt lat="46.44052034430206" lon="8.09035984100774"><ele>2299.0</ele></trkpt><trkpt lat="46.44058172451332" lon="8.090480295941234"><ele>2297.7999877929688</ele></trkpt><trkpt lat="46.440571571700275" lon="8.090681872796267"><ele>2297.699981689453</ele></trkpt><trkpt lat="46.440550254657865" lon="8.090790924616158"><ele>2298.199981689453</ele></trkpt><trkpt lat="46.44058177853003" lon="8.090940951369703"><ele>2298.3999938964844</ele></trkpt><trkpt lat="46.44059039093554" lon="8.091321030631661"><ele>2301.7999877929688</ele></trkpt><trkpt lat="46.44055018341169" lon="8.091429854743183"><ele>2302.0999755859375</ele></trkpt><trkpt lat="46.44048005156219" lon="8.091579960193485"><ele>2302.699981689453</ele></trkpt><trkpt lat="46.44042039103806" lon="8.091629992704839"><ele>2303.199981689453</ele></trkpt><trkpt lat="46.440381419379264" lon="8.09168027387932"><ele>2303.699981689453</ele></trkpt><trkpt lat="46.44037167588249" lon="8.09181028464809"><ele>2304.7999877929688</ele></trkpt><trkpt lat="46.440320373978466" lon="8.091971025802195"><ele>2304.699981689453</ele></trkpt><trkpt lat="46.44033153029159" lon="8.092221005819738"><ele>2305.5999755859375</ele></trkpt><trkpt lat="46.44033780461177" lon="8.092224984895438"><ele>2305.5999755859375</ele></trkpt><trkpt lat="46.44033780461177" lon="8.092224984895438"><ele>2305.5999755859375</ele></trkpt><trkpt lat="46.44033780461177" lon="8.092224984895438"><ele>2305.5999755859375</ele></trkpt><trkpt lat="46.44033153029159" lon="8.092221005819738"><ele>2305.5999755859375</ele></trkpt><trkpt lat="46.44030145043507" lon="8.09260191814974"><ele>2307.2999877929688</ele></trkpt><trkpt lat="46.44019024679437" lon="8.093010480515659"><ele>2309.699981689453</ele></trkpt><trkpt lat="46.44019021652639" lon="8.093171838205308"><ele>2310.5</ele></trkpt><trkpt lat="46.44017176842317" lon="8.09325099363923"><ele>2310.7999877929688</ele></trkpt><trkpt lat="46.43998156907037" lon="8.093629972543567"><ele>2313.699981689453</ele></trkpt><trkpt lat="46.439980196766555" lon="8.093711935915053"><ele>2313.699981689453</ele></trkpt><trkpt lat="46.43987020244822" lon="8.094222007319331"><ele>2317.2999877929688</ele></trkpt><trkpt lat="46.43985150381923" lon="8.094500252977014"><ele>2318.3999938964844</ele></trkpt><trkpt lat="46.439821674488485" lon="8.094680768903345"><ele>2319.3999938964844</ele></trkpt><trkpt lat="46.43978162901476" lon="8.0947609632276"><ele>2320.199981689453</ele></trkpt><trkpt lat="46.439791766926646" lon="8.095030448399484"><ele>2321.5999755859375</ele></trkpt><trkpt lat="46.439781405963004" lon="8.095111001748592"><ele>2322.3999938964844</ele></trkpt><trkpt lat="46.43975024251267" lon="8.095210822299123"><ele>2323.199981689453</ele></trkpt><trkpt lat="46.43975175591186" lon="8.095260288566351"><ele>2324.0</ele></trkpt><trkpt lat="46.43969140155241" lon="8.095430024433881"><ele>2325.8999938964844</ele></trkpt><trkpt lat="46.43961164820939" lon="8.09553185896948"><ele>2325.699981689453</ele></trkpt><trkpt lat="46.43955028895289" lon="8.095719799399376"><ele>2327.699981689453</ele></trkpt><trkpt lat="46.43957028537989" lon="8.095839757472277"><ele>2328.199981689453</ele></trkpt><trkpt lat="46.439601422753185" lon="8.095899992622435"><ele>2328.199981689453</ele></trkpt><trkpt lat="46.439630354288965" lon="8.096030469518155"><ele>2329.0</ele></trkpt><trkpt lat="46.43965003080666" lon="8.096050226595253"><ele>2329.0</ele></trkpt><trkpt lat="46.43967020045966" lon="8.096140258479863"><ele>2329.7999877929688</ele></trkpt><trkpt lat="46.439671652857214" lon="8.096200134139508"><ele>2330.3999938964844</ele></trkpt><trkpt lat="46.43963143322617" lon="8.096310254186392"><ele>2331.3999938964844</ele></trkpt><trkpt lat="46.439640142489225" lon="8.096359807997942"><ele>2332.0</ele></trkpt><trkpt lat="46.43967043282464" lon="8.096410924103111"><ele>2332.5</ele></trkpt><trkpt lat="46.43967014644295" lon="8.09646036894992"><ele>2332.5</ele></trkpt><trkpt lat="46.43962003104389" lon="8.09657036839053"><ele>2331.3999938964844</ele></trkpt><trkpt lat="46.4396216571331" lon="8.096600317396224"><ele>2331.3999938964844</ele></trkpt><trkpt lat="46.439861678052694" lon="8.096940255723894"><ele>2332.199981689453</ele></trkpt><trkpt lat="46.439931547269225" lon="8.096991852391511"><ele>2332.5</ele></trkpt><trkpt lat="46.43997043231502" lon="8.09711204096675"><ele>2332.3999938964844</ele></trkpt><trkpt lat="46.440021571703255" lon="8.09729093592614"><ele>2332.7999877929688</ele></trkpt><trkpt lat="46.440101669635624" lon="8.097440253477544"><ele>2335.3999938964844</ele></trkpt><trkpt lat="46.44015004159883" lon="8.09763082722202"><ele>2336.199981689453</ele></trkpt><trkpt lat="46.4401703835465" lon="8.097690932452679"><ele>2336.199981689453</ele></trkpt><trkpt lat="46.44017140567303" lon="8.097979828249663"><ele>2336.7999877929688</ele></trkpt><trkpt lat="46.44033047975972" lon="8.098780747503042"><ele>2342.0999755859375</ele></trkpt><trkpt lat="46.44033146975562" lon="8.098919996526092"><ele>2342.8999938964844</ele></trkpt><trkpt lat="46.44031176250428" lon="8.099060294684023"><ele>2342.8999938964844</ele></trkpt><trkpt lat="46.44039045739919" lon="8.0994503358379"><ele>2344.5</ele></trkpt><trkpt lat="46.440440255682915" lon="8.099549839273095"><ele>2344.199981689453</ele></trkpt><trkpt lat="46.44058029493317" lon="8.099600994028151"><ele>2346.5999755859375</ele></trkpt><trkpt lat="46.44062143890187" lon="8.099641835317016"><ele>2347.699981689453</ele></trkpt><trkpt lat="46.4406416057609" lon="8.099731869529933"><ele>2348.0</ele></trkpt><trkpt lat="46.44075162708759" lon="8.099839915987104"><ele>2350.5999755859375</ele></trkpt><trkpt lat="46.440771558787674" lon="8.099970288109034"><ele>2351.699981689453</ele></trkpt><trkpt lat="46.44074021698907" lon="8.100100034847856"><ele>2351.199981689453</ele></trkpt><trkpt lat="46.44075042800978" lon="8.100200358778238"><ele>2351.3999938964844</ele></trkpt><trkpt lat="46.44074163446203" lon="8.100319970399141"><ele>2351.7999877929688</ele></trkpt><trkpt lat="46.4407903784886" lon="8.100600342266262"><ele>2353.5999755859375</ele></trkpt><trkpt lat="46.440791707485914" lon="8.100681038573384"><ele>2354.5999755859375</ele></trkpt><trkpt lat="46.44084037048742" lon="8.100820871070027"><ele>2357.2999877929688</ele></trkpt><trkpt lat="46.44081167317927" lon="8.10095975920558"><ele>2357.0999755859375</ele></trkpt><trkpt lat="46.440840162336826" lon="8.101010857149959"><ele>2357.699981689453</ele></trkpt><trkpt lat="46.44084173347801" lon="8.101049915421754"><ele>2358.0999755859375</ele></trkpt><trkpt lat="46.44061023602262" lon="8.10141014913097"><ele>2360.7999877929688</ele></trkpt><trkpt lat="46.44058159086853" lon="8.101539928466082"><ele>2361.5999755859375</ele></trkpt><trkpt lat="46.44062142446637" lon="8.101651024539024"><ele>2362.699981689453</ele></trkpt><trkpt lat="46.44062142446637" lon="8.101651024539024"><ele>2362.699981689453</ele></trkpt><trkpt lat="46.44062142446637" lon="8.101651024539024"><ele>2362.699981689453</ele></trkpt><trkpt lat="46.44062142446637" lon="8.101651024539024"><ele>2362.699981689453</ele></trkpt><trkpt lat="46.44062142446637" lon="8.101651024539024"><ele>2362.699981689453</ele></trkpt><trkpt lat="46.44082039408386" lon="8.101931931450963"><ele>2363.8999938964844</ele></trkpt><trkpt lat="46.440901638474315" lon="8.10219188220799"><ele>2365.0999755859375</ele></trkpt><trkpt lat="46.44118015514687" lon="8.102560952771455"><ele>2366.0</ele></trkpt><trkpt lat="46.44127165013924" lon="8.102759870234877"><ele>2366.2999877929688</ele></trkpt><trkpt lat="46.441274325829" lon="8.1027638069354"><ele>2366.2999877929688</ele></trkpt><trkpt lat="46.441274325829" lon="8.1027638069354"><ele>2366.2999877929688</ele></trkpt><trkpt lat="46.441274325829" lon="8.1027638069354"><ele>2366.2999877929688</ele></trkpt><trkpt lat="46.44127165013924" lon="8.102759870234877"><ele>2366.2999877929688</ele></trkpt><trkpt lat="46.441320485435426" lon="8.102869777474552"><ele>2367.199981689453</ele></trkpt><trkpt lat="46.441640325356275" lon="8.103402024134994"><ele>2366.0</ele></trkpt><trkpt lat="46.44176152674481" lon="8.103750959970057"><ele>2365.699981689453</ele></trkpt><trkpt lat="46.4419204313308" lon="8.103959816973656"><ele>2366.7999877929688</ele></trkpt><trkpt lat="46.44197021052241" lon="8.104061929974705"><ele>2366.8999938964844</ele></trkpt><trkpt lat="46.44226045906544" lon="8.104730466846377"><ele>2368.3999938964844</ele></trkpt><trkpt lat="46.44231181545183" lon="8.10487033938989"><ele>2368.3999938964844</ele></trkpt><trkpt lat="46.44234154280275" lon="8.105170010123402"><ele>2369.199981689453</ele></trkpt><trkpt lat="46.44238012144342" lon="8.105340958107263"><ele>2368.699981689453</ele></trkpt><trkpt lat="46.4424403575249" lon="8.105500460602343"><ele>2368.8999938964844</ele></trkpt><trkpt lat="46.44252151949331" lon="8.105619878973812"><ele>2368.0999755859375</ele></trkpt><trkpt lat="46.44253142690286" lon="8.105770955327898"><ele>2368.2999877929688</ele></trkpt><trkpt lat="46.442560489755124" lon="8.106030277907848"><ele>2368.0</ele></trkpt><trkpt lat="46.4426101106219" lon="8.106311976909637"><ele>2367.5999755859375</ele></trkpt><trkpt lat="46.4426208822988" lon="8.106316013261676"><ele>2367.5999755859375</ele></trkpt><trkpt lat="46.4426208822988" lon="8.106316013261676"><ele>2367.5999755859375</ele></trkpt><trkpt lat="46.4426208822988" lon="8.106316013261676"><ele>2367.5999755859375</ele></trkpt><trkpt lat="46.4426101106219" lon="8.106311976909637"><ele>2367.5999755859375</ele></trkpt><trkpt lat="46.442680267151445" lon="8.106619955506176"><ele>2367.5</ele></trkpt><trkpt lat="46.44277163874358" lon="8.107450033538043"><ele>2368.8999938964844</ele></trkpt><trkpt lat="46.443031610455364" lon="8.108520340174437"><ele>2366.7999877929688</ele></trkpt><trkpt lat="46.44308014027774" lon="8.10868100496009"><ele>2365.5</ele></trkpt><trkpt lat="46.44316047756001" lon="8.109091921709478"><ele>2364.3999938964844</ele></trkpt><trkpt lat="46.44322143867612" lon="8.109280068892986"><ele>2364.2999877929688</ele></trkpt><trkpt lat="46.443251446355134" lon="8.10953029897064"><ele>2362.7999877929688</ele></trkpt><trkpt lat="46.44332180172205" lon="8.109650893136859"><ele>2361.3999938964844</ele></trkpt><trkpt lat="46.44332013372332" lon="8.109781008213758"><ele>2363.8999938964844</ele></trkpt><trkpt lat="46.443411531858146" lon="8.109842000994831"><ele>2364.0</ele></trkpt><trkpt lat="46.443511525169015" lon="8.10997077031061"><ele>2362.7999877929688</ele></trkpt><trkpt lat="46.44361020345241" lon="8.110169797670096"><ele>2361.0999755859375</ele></trkpt><trkpt lat="46.44375019799918" lon="8.110379747580737"><ele>2360.0</ele></trkpt><trkpt lat="46.44378025084734" lon="8.110469913575798"><ele>2359.699981689453</ele></trkpt><trkpt lat="46.443811510223895" lon="8.110660300124437"><ele>2359.8999938964844</ele></trkpt><trkpt lat="46.443871676921844" lon="8.110830222722143"><ele>2360.3999938964844</ele></trkpt><trkpt lat="46.44396171858534" lon="8.111120241694152"><ele>2359.5999755859375</ele></trkpt><trkpt lat="46.44417034042999" lon="8.11159001942724"><ele>2357.5999755859375</ele></trkpt><trkpt lat="46.44436035212129" lon="8.111860460136086"><ele>2359.5999755859375</ele></trkpt><trkpt lat="46.444421763531864" lon="8.11197183886543"><ele>2359.0</ele></trkpt><trkpt lat="46.444440190680325" lon="8.1120501505211"><ele>2358.2999877929688</ele></trkpt><trkpt lat="46.4444803763181" lon="8.112100101541728"><ele>2357.699981689453</ele></trkpt><trkpt lat="46.44456182420254" lon="8.112170085310936"><ele>2356.8999938964844</ele></trkpt><trkpt lat="46.44472160516307" lon="8.112380290403962"><ele>2356.699981689453</ele></trkpt><trkpt lat="46.44489009026438" lon="8.112791018094867"><ele>2353.5</ele></trkpt><trkpt lat="46.44493039930239" lon="8.112820149865001"><ele>2353.699981689453</ele></trkpt><trkpt lat="46.44502018485218" lon="8.113000857178122"><ele>2350.7999877929688</ele></trkpt><trkpt lat="46.44505155226216" lon="8.113020767457783"><ele>2350.5</ele></trkpt><trkpt lat="46.44505035923794" lon="8.113070205785334"><ele>2350.2999877929688</ele></trkpt><trkpt lat="46.445090126711875" lon="8.113190428353846"><ele>2349.699981689453</ele></trkpt><trkpt lat="46.44516167929396" lon="8.11326029151678"><ele>2348.3999938964844</ele></trkpt><trkpt lat="46.44542030058801" lon="8.1136409137398"><ele>2348.3999938964844</ele></trkpt><trkpt lat="46.44549048086628" lon="8.11379014654085"><ele>2345.7999877929688</ele></trkpt><trkpt lat="46.44551015459001" lon="8.113809912465513"><ele>2345.0</ele></trkpt><trkpt lat="46.4455801313743" lon="8.113842016085982"><ele>2342.5999755859375</ele></trkpt><trkpt lat="46.445631723850965" lon="8.113940263632685"><ele>2341.2999877929688</ele></trkpt><trkpt lat="46.44565007975325" lon="8.114030288998038"><ele>2339.8999938964844</ele></trkpt><trkpt lat="46.445690194610506" lon="8.11409195465967"><ele>2338.7999877929688</ele></trkpt><trkpt lat="46.445710418745875" lon="8.114170290529728"><ele>2337.5</ele></trkpt><trkpt lat="46.44576032040641" lon="8.114250298123807"><ele>2337.199981689453</ele></trkpt><trkpt lat="46.44582005450502" lon="8.114340838976204"><ele>2337.199981689453</ele></trkpt><trkpt lat="46.44594181003049" lon="8.114439961500466"><ele>2337.5</ele></trkpt><trkpt lat="46.44600142771378" lon="8.114550022874027"><ele>2335.5999755859375</ele></trkpt><trkpt lat="46.44606140162796" lon="8.114600223489106"><ele>2335.2999877929688</ele></trkpt><trkpt lat="46.44618009356782" lon="8.114760475233197"><ele>2333.199981689453</ele></trkpt><trkpt lat="46.44624005956575" lon="8.114811977837235"><ele>2332.5999755859375</ele></trkpt><trkpt lat="46.44630166189745" lon="8.114890830591321"><ele>2331.2999877929688</ele></trkpt><trkpt lat="46.446320249699056" lon="8.114941817708313"><ele>2330.7999877929688</ele></trkpt><trkpt lat="46.44631011458114" lon="8.114982035476714"><ele>2330.2999877929688</ele></trkpt><trkpt lat="46.44633004395291" lon="8.1151098231785"><ele>2328.0999755859375</ele></trkpt><trkpt lat="46.44656029064208" lon="8.115570795722306"><ele>2318.7999877929688</ele></trkpt><trkpt lat="46.4466316010803" lon="8.115530039183795"><ele>2315.2999877929688</ele></trkpt><trkpt lat="46.44663015846163" lon="8.115470155142248"><ele>2314.2999877929688</ele></trkpt><trkpt lat="46.446721483021975" lon="8.115391905419528"><ele>2309.5</ele></trkpt><trkpt lat="46.44675158569589" lon="8.115322003141046"><ele>2307.0999755859375</ele></trkpt><trkpt lat="46.4467901638709" lon="8.115490368567407"><ele>2302.2999877929688</ele></trkpt><trkpt lat="46.44678147044033" lon="8.115590470377356"><ele>2299.5999755859375</ele></trkpt><trkpt lat="46.4469014168717" lon="8.115539908409119"><ele>2295.2999877929688</ele></trkpt><trkpt lat="46.446941717062145" lon="8.115570344030857"><ele>2294.2999877929688</ele></trkpt><trkpt lat="46.44702021591365" lon="8.115681945346296"><ele>2290.7999877929688</ele></trkpt><trkpt lat="46.44702010694891" lon="8.115700164344162"><ele>2290.2999877929688</ele></trkpt><trkpt lat="46.44692162331194" lon="8.11577181564644"><ele>2286.0</ele></trkpt><trkpt lat="46.446921452414244" lon="8.115800444968045"><ele>2285.5</ele></trkpt><trkpt lat="46.44705003686249" lon="8.11596082476899"><ele>2280.699981689453</ele></trkpt><trkpt lat="46.44719145493582" lon="8.116081020794809"><ele>2275.0999755859375</ele></trkpt><trkpt lat="46.44719043094665" lon="8.116101830732077"><ele>2273.699981689453</ele></trkpt><trkpt lat="46.44713178277016" lon="8.116131031420082"><ele>2271.5999755859375</ele></trkpt><trkpt lat="46.44713160395622" lon="8.116160962264985"><ele>2270.7999877929688</ele></trkpt><trkpt lat="46.44728004699573" lon="8.11630987841636"><ele>2264.3999938964844</ele></trkpt><trkpt lat="46.4473014571704" lon="8.116340078879148"><ele>2262.7999877929688</ele></trkpt><trkpt lat="46.44714157190174" lon="8.116450006142259"><ele>2259.0999755859375</ele></trkpt><trkpt lat="46.447090475354344" lon="8.11657040193677"><ele>2257.699981689453</ele></trkpt><trkpt lat="46.44706150982529" lon="8.116750940214843"><ele>2255.0999755859375</ele></trkpt><trkpt lat="46.44717180309817" lon="8.116659915074706"><ele>2251.5999755859375</ele></trkpt><trkpt lat="46.44725018600002" lon="8.116640070918947"><ele>2248.8999938964844</ele></trkpt><trkpt lat="46.44737151265144" lon="8.116659806575626"><ele>2244.699981689453</ele></trkpt><trkpt lat="46.44741007592529" lon="8.116679809987545"><ele>2243.8999938964844</ele></trkpt><trkpt lat="46.44756090641022" lon="8.116880816407502"><ele>2238.7999877929688</ele></trkpt><trkpt lat="46.44763173535466" lon="8.116920745000243"><ele>2236.0999755859375</ele></trkpt><trkpt lat="46.44760157633573" lon="8.116999756544828"><ele>2233.699981689453</ele></trkpt><trkpt lat="46.447700111661106" lon="8.117069964762777"><ele>2229.5</ele></trkpt><trkpt lat="46.447670124005526" lon="8.117120346520096"><ele>2227.5999755859375</ele></trkpt><trkpt lat="46.447671743575484" lon="8.117150300182402"><ele>2226.0</ele></trkpt><trkpt lat="46.44773015845567" lon="8.117160140536726"><ele>2223.8999938964844</ele></trkpt><trkpt lat="46.447780165821314" lon="8.117221933789551"><ele>2221.5</ele></trkpt><trkpt lat="46.44776002597064" lon="8.117280247621238"><ele>2219.0999755859375</ele></trkpt><trkpt lat="46.4476614324376" lon="8.117370116058737"><ele>2215.699981689453</ele></trkpt><trkpt lat="46.44776147091761" lon="8.117489799391478"><ele>2211.699981689453</ele></trkpt><trkpt lat="46.44793167244643" lon="8.117610360961407"><ele>2205.699981689453</ele></trkpt><trkpt lat="46.4479215987958" lon="8.11764016887173"><ele>2205.699981689453</ele></trkpt><trkpt lat="46.447820127010345" lon="8.117759934160858"><ele>2201.699981689453</ele></trkpt><trkpt lat="46.447940250858665" lon="8.11783041479066"><ele>2198.199981689453</ele></trkpt><trkpt lat="46.448000464588404" lon="8.117840278428048"><ele>2196.8999938964844</ele></trkpt><trkpt lat="46.448241440113634" lon="8.118009882047772"><ele>2190.7999877929688</ele></trkpt><trkpt lat="46.44842008780688" lon="8.118071986362338"><ele>2188.2999877929688</ele></trkpt><trkpt lat="46.448425461538136" lon="8.118075957987458"><ele>2188.2999877929688</ele></trkpt><trkpt lat="46.448425461538136" lon="8.118075957987458"><ele>2188.2999877929688</ele></trkpt><trkpt lat="46.448425461538136" lon="8.118075957987458"><ele>2188.2999877929688</ele></trkpt><trkpt lat="46.44842008780688" lon="8.118071986362338"><ele>2188.2999877929688</ele></trkpt><trkpt lat="46.44851155951619" lon="8.118119984865189"><ele>2188.699981689453</ele></trkpt><trkpt lat="46.44856163719669" lon="8.118170068133622"><ele>2188.0999755859375</ele></trkpt><trkpt lat="46.448590063955635" lon="8.11823029210791"><ele>2188.0999755859375</ele></trkpt><trkpt lat="46.4486616756767" lon="8.118289755657315"><ele>2187.5999755859375</ele></trkpt><trkpt lat="46.44879013625905" lon="8.118319997098297"><ele>2185.699981689453</ele></trkpt><trkpt lat="46.448811545968056" lon="8.11835019942373"><ele>2185.699981689453</ele></trkpt><trkpt lat="46.44910043803975" lon="8.118480062112212"><ele>2182.5</ele></trkpt><trkpt lat="46.4492904227227" lon="8.118751850910485"><ele>2172.0</ele></trkpt><trkpt lat="46.44933162955567" lon="8.118780999910086"><ele>2171.0</ele></trkpt><trkpt lat="46.44943040004" lon="8.118961844127625"><ele>2163.8999938964844</ele></trkpt><trkpt lat="46.44962178263813" lon="8.119150357320905"><ele>2155.5</ele></trkpt><trkpt lat="46.44943148968741" lon="8.119229964446276"><ele>2148.699981689453</ele></trkpt><trkpt lat="46.44936035666615" lon="8.11924078548327"><ele>2147.5999755859375</ele></trkpt><trkpt lat="46.44936012243852" lon="8.119279827456921"><ele>2146.3999938964844</ele></trkpt><trkpt lat="46.449530438985676" lon="8.119380877353251"><ele>2142.699981689453</ele></trkpt><trkpt lat="46.44972162600607" lon="8.119601927697659"><ele>2133.2999877929688</ele></trkpt><trkpt lat="46.44980044057593" lon="8.119660182856023"><ele>2131.0999755859375</ele></trkpt><trkpt lat="46.449641451239586" lon="8.119770116172731"><ele>2124.5</ele></trkpt><trkpt lat="46.449771468061954" lon="8.119840727187693"><ele>2120.0999755859375</ele></trkpt><trkpt lat="46.4498903863132" lon="8.119961958378553"><ele>2114.5999755859375</ele></trkpt><trkpt lat="46.4498003157787" lon="8.119980349671096"><ele>2111.699981689453</ele></trkpt><trkpt lat="46.45000019995496" lon="8.120250970125198"><ele>2103.0</ele></trkpt><trkpt lat="46.449851526878774" lon="8.12029075017199"><ele>2098.199981689453</ele></trkpt><trkpt lat="46.44985140953213" lon="8.120310271158814"><ele>2097.699981689453</ele></trkpt><trkpt lat="46.44993008300662" lon="8.120391952805221"><ele>2094.2999877929688</ele></trkpt><trkpt lat="46.449950482696295" lon="8.120440364815295"><ele>2092.5</ele></trkpt><trkpt lat="46.44998004985973" lon="8.120460259262472"><ele>2092.199981689453</ele></trkpt><trkpt lat="46.450101557187736" lon="8.12059974623844"><ele>2089.3999938964844</ele></trkpt><trkpt lat="46.45025142561644" lon="8.120660197455436"><ele>2084.5999755859375</ele></trkpt><trkpt lat="46.45034047961235" lon="8.120810991618782"><ele>2082.5999755859375</ele></trkpt><trkpt lat="46.450370469130576" lon="8.120910284109414"><ele>2080.8999938964844</ele></trkpt><trkpt lat="46.450390368234366" lon="8.121041988022625"><ele>2079.5</ele></trkpt><trkpt lat="46.450460366904736" lon="8.12121987529099"><ele>2076.0999755859375</ele></trkpt><trkpt lat="46.45088035054505" lon="8.121540128719062"><ele>2066.5999755859375</ele></trkpt><trkpt lat="46.45098031545058" lon="8.121521863620728"><ele>2065.2999877929688</ele></trkpt><trkpt lat="46.45103034423664" lon="8.121579760685563"><ele>2064.199981689453</ele></trkpt><trkpt lat="46.451141650788486" lon="8.121620207559317"><ele>2063.2999877929688</ele></trkpt><trkpt lat="46.451211453881115" lon="8.121680957265198"><ele>2062.3999938964844</ele></trkpt><trkpt lat="46.45131022948772" lon="8.121710834559053"><ele>2061.5</ele></trkpt><trkpt lat="46.451480192132294" lon="8.121870461385697"><ele>2058.699981689453</ele></trkpt><trkpt lat="46.45155047951266" lon="8.122000199742615"><ele>2057.0</ele></trkpt><trkpt lat="46.451570206321776" lon="8.122010860592127"><ele>2056.8999938964844</ele></trkpt><trkpt lat="46.45172163983807" lon="8.121960704680532"><ele>2052.699981689453</ele></trkpt><trkpt lat="46.45181044843048" lon="8.122151850257069"><ele>2050.0</ele></trkpt><trkpt lat="46.45185170928016" lon="8.122171893250197"><ele>2050.0</ele></trkpt><trkpt lat="46.451900236774236" lon="8.122180314268917"><ele>2050.0</ele></trkpt><trkpt lat="46.45203013718128" lon="8.122120777145028"><ele>2050.3999938964844</ele></trkpt><trkpt lat="46.452151455916464" lon="8.122141828760505"><ele>2049.0999755859375</ele></trkpt><trkpt lat="46.452201664913446" lon="8.122169794049114"><ele>2049.5999755859375</ele></trkpt><trkpt lat="46.45234001800418" lon="8.122349851764739"><ele>2046.0999755859375</ele></trkpt><trkpt lat="46.45243171323091" lon="8.122509798500687"><ele>2043.6999816894531</ele></trkpt><trkpt lat="46.45253143878654" lon="8.122829941101372"><ele>2039.6999816894531</ele></trkpt><trkpt lat="46.452580007724464" lon="8.123129915446043"><ele>2034.3999938964844</ele></trkpt><trkpt lat="46.45259031234309" lon="8.123360423836857"><ele>2029.5</ele></trkpt><trkpt lat="46.4526114766486" lon="8.123430975712836"><ele>2027.7999877929688</ele></trkpt><trkpt lat="46.452741731889546" lon="8.12361093563959"><ele>2023.2999877929688</ele></trkpt><trkpt lat="46.45254016527906" lon="8.123620104044676"><ele>2015.2999877929688</ele></trkpt><trkpt lat="46.45247029978782" lon="8.123569761868566"><ele>2012.6999816894531</ele></trkpt><trkpt lat="46.45250003552064" lon="8.123710706830025"><ele>2009.8999938964844</ele></trkpt><trkpt lat="46.45268168486655" lon="8.124020171817392"><ele>2001.0999755859375</ele></trkpt><trkpt lat="46.452880310826" lon="8.12419969541952"><ele>1997.1999816894531</ele></trkpt><trkpt lat="46.45292018447071" lon="8.124300420749933"><ele>1994.5</ele></trkpt><trkpt lat="46.453060088679194" lon="8.124520854558796"><ele>1986.6999816894531</ele></trkpt><trkpt lat="46.453110163100064" lon="8.124570947606117"><ele>1984.7999877929688</ele></trkpt><trkpt lat="46.4532017367892" lon="8.12475042277947"><ele>1979.6999816894531</ele></trkpt><trkpt lat="46.45324022229761" lon="8.124931829981506"><ele>1975.3999938964844</ele></trkpt><trkpt lat="46.45328011084348" lon="8.125029954127967"><ele>1974.0</ele></trkpt><trkpt lat="46.453330121934414" lon="8.125090459827334"><ele>1972.0999755859375</ele></trkpt><trkpt lat="46.45339015405625" lon="8.12513026688248"><ele>1971.0</ele></trkpt><trkpt lat="46.45347015140578" lon="8.12529007345438"><ele>1967.0</ele></trkpt><trkpt lat="46.4536102921702" lon="8.125619850121439"><ele>1961.5</ele></trkpt><trkpt lat="46.45366029674187" lon="8.125830040313303"><ele>1956.2999877929688</ele></trkpt><trkpt lat="46.4537215763703" lon="8.125960976816714"><ele>1953.7999877929688</ele></trkpt><trkpt lat="46.453780472278595" lon="8.12603981886059"><ele>1951.3999938964844</ele></trkpt><trkpt lat="46.45386170828715" lon="8.126440440770239"><ele>1945.5999755859375</ele></trkpt><trkpt lat="46.45393083849922" lon="8.126611827872694"><ele>1943.5999755859375</ele></trkpt><trkpt lat="46.45396023103967" lon="8.12666036002338"><ele>1942.8999938964844</ele></trkpt><trkpt lat="46.45395021792501" lon="8.12667975667864"><ele>1941.5999755859375</ele></trkpt><trkpt lat="46.45384154794738" lon="8.126649742946029"><ele>1938.3999938964844</ele></trkpt><trkpt lat="46.45387002499774" lon="8.126700866501778"><ele>1936.8999938964844</ele></trkpt><trkpt lat="46.45394043298438" lon="8.126809792593122"><ele>1934.5</ele></trkpt><trkpt lat="46.45423158816993" lon="8.127010029740632"><ele>1933.3999938964844</ele></trkpt><trkpt lat="46.45428010774776" lon="8.1270197564736"><ele>1934.2999877929688</ele></trkpt><trkpt lat="46.454360402189195" lon="8.127130111213773"><ele>1932.6999816894531</ele></trkpt><trkpt lat="46.45445016538724" lon="8.127310873940587"><ele>1930.3999938964844</ele></trkpt><trkpt lat="46.45445160148665" lon="8.1273707668297"><ele>1931.0</ele></trkpt><trkpt lat="46.45424018846825" lon="8.127520372159779"><ele>1929.5999755859375</ele></trkpt><trkpt lat="46.454170079901814" lon="8.12751037068665"><ele>1928.0</ele></trkpt><trkpt lat="46.45395015226677" lon="8.127580467611551"><ele>1923.7999877929688</ele></trkpt><trkpt lat="46.453881598543376" lon="8.127610835712403"><ele>1921.6999816894531</ele></trkpt><trkpt lat="46.45382036687806" lon="8.127620470710099"><ele>1919.5</ele></trkpt><trkpt lat="46.453770293388516" lon="8.127570373471826"><ele>1918.5</ele></trkpt><trkpt lat="46.45358154922724" lon="8.127541943918914"><ele>1912.8999938964844</ele></trkpt><trkpt lat="46.453670444432646" lon="8.127420721575618"><ele>1909.2999877929688</ele></trkpt><trkpt lat="46.4535316163674" lon="8.127320036757737"><ele>1904.0</ele></trkpt><trkpt lat="46.45342162065208" lon="8.12736029131338"><ele>1901.1999816894531</ele></trkpt><trkpt lat="46.45332997851074" lon="8.127340904902667"><ele>1897.7999877929688</ele></trkpt><trkpt lat="46.453270483296365" lon="8.127360975369811"><ele>1896.5</ele></trkpt><trkpt lat="46.453100393060595" lon="8.127520212903619"><ele>1893.0</ele></trkpt><trkpt lat="46.45293162763119" lon="8.127460799179971"><ele>1885.6999816894531</ele></trkpt><trkpt lat="46.45289013069123" lon="8.127479795832187"><ele>1884.3999938964844</ele></trkpt><trkpt lat="46.45268022408709" lon="8.127380813006312"><ele>1877.8999938964844</ele></trkpt><trkpt lat="46.45260016573593" lon="8.127379796467721"><ele>1875.5999755859375</ele></trkpt><trkpt lat="46.452540188562125" lon="8.127330876421183"><ele>1872.5999755859375</ele></trkpt><trkpt lat="46.45235007908195" lon="8.127230843994766"><ele>1864.2999877929688</ele></trkpt><trkpt lat="46.4524701340124" lon="8.127460143528879"><ele>1864.3999938964844</ele></trkpt><trkpt lat="46.45254167774692" lon="8.127530035097152"><ele>1863.7999877929688</ele></trkpt><trkpt lat="46.45257164584473" lon="8.127631938550621"><ele>1861.7999877929688</ele></trkpt><trkpt lat="46.45262160850689" lon="8.12770025478676"><ele>1861.3999938964844</ele></trkpt><trkpt lat="46.4528900841251" lon="8.128079822286963"><ele>1861.1999816894531</ele></trkpt><trkpt lat="46.45298045547679" lon="8.128160368651152"><ele>1866.2999877929688</ele></trkpt><trkpt lat="46.45300156157464" lon="8.128240033052862"><ele>1864.5</ele></trkpt><trkpt lat="46.45299142180011" lon="8.12828025361523"><ele>1864.0999755859375</ele></trkpt><trkpt lat="46.453059958759695" lon="8.128400871064514"><ele>1865.3999938964844</ele></trkpt><trkpt lat="46.453070452436805" lon="8.128450464922935"><ele>1864.3999938964844</ele></trkpt><trkpt lat="46.453040385618806" lon="8.128660939168185"><ele>1858.5999755859375</ele></trkpt><trkpt lat="46.45305141527206" lon="8.128770412877202"><ele>1857.7999877929688</ele></trkpt><trkpt lat="46.45325037045404" lon="8.129190755076706"><ele>1857.5999755859375</ele></trkpt><trkpt lat="46.45332016563043" lon="8.129399897996336"><ele>1853.1999816894531</ele></trkpt><trkpt lat="46.453320026863366" lon="8.129570404067636"><ele>1846.2999877929688</ele></trkpt><trkpt lat="46.453301545232534" lon="8.129650867078453"><ele>1843.5999755859375</ele></trkpt><trkpt lat="46.45331035833806" lon="8.129680916201323"><ele>1843.8999938964844</ele></trkpt><trkpt lat="46.45333015592769" lon="8.129679866600782"><ele>1844.0</ele></trkpt><trkpt lat="46.45332007855177" lon="8.129709674976766"><ele>1842.6999816894531</ele></trkpt><trkpt lat="46.453260337002575" lon="8.129770088475198"><ele>1840.2999877929688</ele></trkpt><trkpt lat="46.45325026009232" lon="8.129799896851182"><ele>1839.2999877929688</ele></trkpt><trkpt lat="46.4531817054376" lon="8.129830261692405"><ele>1837.6999816894531</ele></trkpt><trkpt lat="46.453161670360714" lon="8.129870355594903"><ele>1837.5</ele></trkpt><trkpt lat="46.45313046453521" lon="8.13011986296624"><ele>1834.8999938964844</ele></trkpt><trkpt lat="46.453070069197565" lon="8.130139918532223"><ele>1832.5999755859375</ele></trkpt><trkpt lat="46.453021474182606" lon="8.130290283355862"><ele>1830.0</ele></trkpt><trkpt lat="46.45301018888131" lon="8.130370838101953"><ele>1830.6999816894531</ele></trkpt><trkpt lat="46.45295027270913" lon="8.130459883250296"><ele>1828.0999755859375</ele></trkpt><trkpt lat="46.45289011579007" lon="8.130440894514322"><ele>1831.0999755859375</ele></trkpt><trkpt lat="46.45274014491588" lon="8.13025025324896"><ele>1833.3999938964844</ele></trkpt><trkpt lat="46.45267028314993" lon="8.130199903156608"><ele>1835.0</ele></trkpt><trkpt lat="46.452650430146605" lon="8.130210062488914"><ele>1835.3999938964844</ele></trkpt><trkpt lat="46.45265023596585" lon="8.130389678291976"><ele>1835.1999816894531</ele></trkpt><trkpt lat="46.45271995104849" lon="8.130611835978925"><ele>1836.0</ele></trkpt><trkpt lat="46.45272995950654" lon="8.130740819498897"><ele>1830.7999877929688</ele></trkpt><trkpt lat="46.452770200092345" lon="8.13078037975356"><ele>1828.5</ele></trkpt><trkpt lat="46.452770160045475" lon="8.13078688737005"><ele>1828.5</ele></trkpt><trkpt lat="46.452770160045475" lon="8.13078688737005"><ele>1828.5</ele></trkpt><trkpt lat="46.452770160045475" lon="8.13078688737005"><ele>1828.5</ele></trkpt><trkpt lat="46.452770200092345" lon="8.13078037975356"><ele>1828.5</ele></trkpt><trkpt lat="46.452720233704895" lon="8.130860439967364"><ele>1825.7999877929688</ele></trkpt><trkpt lat="46.45270024891943" lon="8.13103980338201"><ele>1825.3999938964844</ele></trkpt><trkpt lat="46.45271031279117" lon="8.131159677170217"><ele>1824.2999877929688</ele></trkpt><trkpt lat="46.45274040475488" lon="8.131240759044886"><ele>1822.7999877929688</ele></trkpt><trkpt lat="46.452730271499604" lon="8.131279677152634"><ele>1821.8999938964844</ele></trkpt><trkpt lat="46.452780208550394" lon="8.131351901683956"><ele>1822.0</ele></trkpt><trkpt lat="46.45279148919508" lon="8.13141972757876"><ele>1820.6999816894531</ele></trkpt><trkpt lat="46.45277037099004" lon="8.131489743478596"><ele>1819.0999755859375</ele></trkpt><trkpt lat="46.45280040754005" lon="8.131579936016351"><ele>1819.7999877929688</ele></trkpt><trkpt lat="46.452570379246026" lon="8.131830806843936"><ele>1822.0999755859375</ele></trkpt><trkpt lat="46.4524203739129" lon="8.131940824910998"><ele>1817.7999877929688</ele></trkpt><trkpt lat="46.452400154899806" lon="8.132010851521045"><ele>1816.3999938964844</ele></trkpt><trkpt lat="46.45240146992728" lon="8.13209026446566"><ele>1818.0</ele></trkpt><trkpt lat="46.45234148949385" lon="8.13218971947208"><ele>1820.5</ele></trkpt><trkpt lat="46.45226998953149" lon="8.132260391954333"><ele>1818.8999938964844</ele></trkpt><trkpt lat="46.45226159179583" lon="8.132309744134545"><ele>1818.5</ele></trkpt><trkpt lat="46.45227022143081" lon="8.132369726896286"><ele>1819.3999938964844</ele></trkpt><trkpt lat="46.452271464280784" lon="8.13246085261926"><ele>1820.6999816894531</ele></trkpt><trkpt lat="46.452250472735614" lon="8.132510043680668"><ele>1818.0</ele></trkpt><trkpt lat="46.45220158761367" lon="8.132560179568827"><ele>1816.5999755859375</ele></trkpt><trkpt lat="46.45217158505693" lon="8.132611858192831"><ele>1814.5999755859375</ele></trkpt><trkpt lat="46.45207143528387" lon="8.1326600369066"><ele>1814.5999755859375</ele></trkpt><trkpt lat="46.45206009177491" lon="8.13274969952181"><ele>1813.0</ele></trkpt><trkpt lat="46.45209012692794" lon="8.132839891593903"><ele>1811.3999938964844</ele></trkpt><trkpt lat="46.452140014618635" lon="8.132919925265014"><ele>1808.5</ele></trkpt><trkpt lat="46.45211008284241" lon="8.132959890644997"><ele>1806.6999816894531</ele></trkpt><trkpt lat="46.4520399752073" lon="8.13294988218695"><ele>1804.1999816894531</ele></trkpt><trkpt lat="46.45201993826777" lon="8.132989973761141"><ele>1802.0999755859375</ele></trkpt><trkpt lat="46.451891417615116" lon="8.132970107253641"><ele>1802.8999938964844</ele></trkpt><trkpt lat="46.451800025533885" lon="8.132910368964076"><ele>1810.1999816894531</ele></trkpt><trkpt lat="46.451781501527876" lon="8.132850260473788"><ele>1811.8999938964844</ele></trkpt><trkpt lat="46.45173022057861" lon="8.132850905880332"><ele>1812.5</ele></trkpt><trkpt lat="46.451660161837935" lon="8.132980165537447"><ele>1814.5999755859375</ele></trkpt><trkpt lat="46.45164162199944" lon="8.13306973548606"><ele>1813.0</ele></trkpt><trkpt lat="46.45163019141182" lon="8.133320789318532"><ele>1812.2999877929688</ele></trkpt><trkpt lat="46.451491517946124" lon="8.133930742740631"><ele>1805.5</ele></trkpt><trkpt lat="46.45146031258628" lon="8.134031863417476"><ele>1804.0999755859375</ele></trkpt><trkpt lat="46.45142140612006" lon="8.134361958131194"><ele>1797.5999755859375</ele></trkpt><trkpt lat="46.45142996031791" lon="8.134580727200955"><ele>1792.5</ele></trkpt><trkpt lat="46.45149040175602" lon="8.134699943475425"><ele>1788.7999877929688</ele></trkpt><trkpt lat="46.451501545030624" lon="8.13478989340365"><ele>1787.5999755859375</ele></trkpt><trkpt lat="46.45155148720369" lon="8.134860817342997"><ele>1785.0</ele></trkpt><trkpt lat="46.45155044877902" lon="8.135030005127192"><ele>1778.6999816894531</ele></trkpt><trkpt lat="46.45151149388403" lon="8.135220832191408"><ele>1769.7999877929688</ele></trkpt><trkpt lat="46.451571566518396" lon="8.135399915277958"><ele>1762.7999877929688</ele></trkpt><trkpt lat="46.45148045802489" lon="8.135440394282341"><ele>1757.2999877929688</ele></trkpt><trkpt lat="46.45140165835619" lon="8.135380811989307"><ele>1755.5</ele></trkpt><trkpt lat="46.451331495307386" lon="8.135379911400378"><ele>1755.5</ele></trkpt><trkpt lat="46.451311578042805" lon="8.1354004801251"><ele>1754.7999877929688</ele></trkpt><trkpt lat="46.451280498411506" lon="8.135480776429176"><ele>1752.6999816894531</ele></trkpt><trkpt lat="46.4512201664038" lon="8.13549041422084"><ele>1753.0999755859375</ele></trkpt><trkpt lat="46.45115005923435" lon="8.135480402968824"><ele>1753.2999877929688</ele></trkpt><trkpt lat="46.4510900224559" lon="8.135441887192428"><ele>1752.8999938964844</ele></trkpt><trkpt lat="46.451050139497966" lon="8.135490833315998"><ele>1751.3999938964844</ele></trkpt><trkpt lat="46.45100160129368" lon="8.135630775708705"><ele>1747.2999877929688</ele></trkpt><trkpt lat="46.450980057008564" lon="8.135769763030112"><ele>1742.6999816894531</ele></trkpt><trkpt lat="46.450940165668726" lon="8.135820010211319"><ele>1739.6999816894531</ele></trkpt><trkpt lat="46.450790339615196" lon="8.135900081135333"><ele>1735.0</ele></trkpt><trkpt lat="46.450711586512625" lon="8.135979765094817"><ele>1738.5999755859375</ele></trkpt><trkpt lat="46.45047998195514" lon="8.135900000110269"><ele>1748.7999877929688</ele></trkpt><trkpt lat="46.4502904494293" lon="8.136000384576619"><ele>1746.0999755859375</ele></trkpt><trkpt lat="46.450240075588226" lon="8.135999736841768"><ele>1744.3999938964844</ele></trkpt><trkpt lat="46.45018141437322" lon="8.136030219029635"><ele>1742.2999877929688</ele></trkpt><trkpt lat="46.44999023200944" lon="8.135960083920509"><ele>1749.6999816894531</ele></trkpt><trkpt lat="46.4499502228573" lon="8.136029853019863"><ele>1756.7999877929688</ele></trkpt><trkpt lat="46.44994008075446" lon="8.136070069856942"><ele>1758.8999938964844</ele></trkpt><trkpt lat="46.44997023278847" lon="8.136140739545226"><ele>1758.7999877929688</ele></trkpt><trkpt lat="46.44996999297291" lon="8.136179781518877"><ele>1758.1999816894531</ele></trkpt><trkpt lat="46.449940180405974" lon="8.136200222186744"><ele>1756.0</ele></trkpt><trkpt lat="46.44992169458419" lon="8.136280678678304"><ele>1757.0</ele></trkpt><trkpt lat="46.449811696540564" lon="8.136320913210511"><ele>1757.1999816894531</ele></trkpt><trkpt lat="46.44978037662804" lon="8.136440249159932"><ele>1756.5</ele></trkpt><trkpt lat="46.44971145270392" lon="8.13653046824038"><ele>1754.5999755859375</ele></trkpt><trkpt lat="46.44966994645074" lon="8.136550758499652"><ele>1753.2999877929688</ele></trkpt><trkpt lat="46.44954142533243" lon="8.13653088407591"><ele>1750.5999755859375</ele></trkpt><trkpt lat="46.449541609268636" lon="8.136500951834023"><ele>1750.6999816894531</ele></trkpt><trkpt lat="46.44943043636158" lon="8.136439653113484"><ele>1752.5</ele></trkpt><trkpt lat="46.44935166556388" lon="8.136521935928613"><ele>1751.2999877929688</ele></trkpt><trkpt lat="46.44913012441248" lon="8.136560733430088"><ele>1745.0999755859375</ele></trkpt><trkpt lat="46.44905161764473" lon="8.136600069701672"><ele>1742.6999816894531</ele></trkpt><trkpt lat="46.44890046026558" lon="8.136750399600714"><ele>1740.2999877929688</ele></trkpt><trkpt lat="46.448810250964016" lon="8.136790886055678"><ele>1736.7999877929688</ele></trkpt><trkpt lat="46.44861149415374" lon="8.136781820096076"><ele>1730.5</ele></trkpt><trkpt lat="46.44855990866199" lon="8.136831914074719"><ele>1728.6999816894531</ele></trkpt><trkpt lat="46.44848140887916" lon="8.136869947426021"><ele>1723.5</ele></trkpt><trkpt lat="46.448371628299356" lon="8.137020806781948"><ele>1715.5</ele></trkpt><trkpt lat="46.44834163971245" lon="8.13706987677142"><ele>1714.1999816894531</ele></trkpt><trkpt lat="46.448351696599275" lon="8.137189741246402"><ele>1709.0999755859375</ele></trkpt><trkpt lat="46.448201458435506" lon="8.137190409004688"><ele>1702.5999755859375</ele></trkpt><trkpt lat="46.448060060385615" lon="8.137070153839886"><ele>1695.3999938964844</ele></trkpt><trkpt lat="46.447990256827325" lon="8.137010688893497"><ele>1692.5</ele></trkpt><trkpt lat="46.447650094050914" lon="8.136589840985835"><ele>1677.2999877929688</ele></trkpt><trkpt lat="46.44764035474509" lon="8.136710751336068"><ele>1676.1999816894531</ele></trkpt><trkpt lat="46.447430280037224" lon="8.136640372220427"><ele>1670.7999877929688</ele></trkpt><trkpt lat="46.447350214701146" lon="8.136640643700957"><ele>1671.3999938964844</ele></trkpt><trkpt lat="46.44701159792021" lon="8.136700056958944"><ele>1657.5</ele></trkpt><trkpt lat="46.44696019589901" lon="8.136720218230039"><ele>1653.2999877929688</ele></trkpt><trkpt lat="46.44685140857473" lon="8.136709708254784"><ele>1651.1999816894531</ele></trkpt><trkpt lat="46.44680167874321" lon="8.136750714387745"><ele>1649.5999755859375</ele></trkpt><trkpt lat="46.4467701097019" lon="8.136910384520888"><ele>1645.7999877929688</ele></trkpt><trkpt lat="46.44672001944855" lon="8.137009950354695"><ele>1643.5999755859375</ele></trkpt><trkpt lat="46.44665007526055" lon="8.137119672261178"><ele>1641.5999755859375</ele></trkpt><trkpt lat="46.446539947763085" lon="8.137180722784251"><ele>1637.5</ele></trkpt><trkpt lat="46.44638000847772" lon="8.137150032445788"><ele>1637.8999938964844</ele></trkpt><trkpt lat="46.44623163435608" lon="8.137140314094722"><ele>1637.3999938964844</ele></trkpt><trkpt lat="46.44605044508353" lon="8.137200449593365"><ele>1636.5999755859375</ele></trkpt><trkpt lat="46.4459499171935" lon="8.137309776153415"><ele>1636.0999755859375</ele></trkpt><trkpt lat="46.44586040219292" lon="8.137529864907265"><ele>1635.6999816894531</ele></trkpt><trkpt lat="46.445781553164124" lon="8.137770912609994"><ele>1634.7999877929688</ele></trkpt><trkpt lat="46.44575156411156" lon="8.1378199798055"><ele>1634.5999755859375</ele></trkpt><trkpt lat="46.445421567652375" lon="8.137940662913024"><ele>1632.7999877929688</ele></trkpt><trkpt lat="46.44550012610853" lon="8.139060887508094"><ele>1631.8999938964844</ele></trkpt><trkpt lat="46.44552006199956" lon="8.139620751608163"><ele>1634.2999877929688</ele></trkpt><trkpt lat="46.445561673957855" lon="8.140020823571831"><ele>1643.5</ele></trkpt><trkpt lat="46.44553046440706" lon="8.14012193121016"><ele>1649.6999816894531</ele></trkpt><trkpt lat="46.44552024034783" lon="8.140320916194469"><ele>1656.3999938964844</ele></trkpt><trkpt lat="46.44537022849545" lon="8.14043089793995"><ele>1660.6999816894531</ele></trkpt><trkpt lat="46.44533021515235" lon="8.140500656794757"><ele>1662.0999755859375</ele></trkpt><trkpt lat="46.445311597548425" lon="8.140601925551891"><ele>1663.8999938964844</ele></trkpt><trkpt lat="46.44533012621105" lon="8.140660728793591"><ele>1665.6999816894531</ele></trkpt><trkpt lat="46.44534154608846" lon="8.140850882977247"><ele>1670.6999816894531</ele></trkpt><trkpt lat="46.44541028048843" lon="8.140791907906532"><ele>1674.2999877929688</ele></trkpt><trkpt lat="46.44543004501611" lon="8.140941826160997"><ele>1677.5999755859375</ele></trkpt><trkpt lat="46.44547168072313" lon="8.14090071991086"><ele>1677.8999938964844</ele></trkpt><trkpt lat="46.44551015039906" lon="8.141080813016742"><ele>1682.1999816894531</ele></trkpt><trkpt lat="46.44559037592262" lon="8.141200280748308"><ele>1686.5999755859375</ele></trkpt><trkpt lat="46.44572168588638" lon="8.141060127876699"><ele>1692.8999938964844</ele></trkpt><trkpt lat="46.44585014227778" lon="8.141090422403067"><ele>1697.8999938964844</ele></trkpt><trkpt lat="46.445890406146646" lon="8.140980323776603"><ele>1701.0</ele></trkpt><trkpt lat="46.445929929148406" lon="8.140989945270121"><ele>1702.5999755859375</ele></trkpt><trkpt lat="46.4460014058277" lon="8.141360475681722"><ele>1711.3999938964844</ele></trkpt><trkpt lat="46.44600013596937" lon="8.141420324798673"><ele>1712.5</ele></trkpt><trkpt lat="46.44597144657746" lon="8.141550096217543"><ele>1717.0999755859375</ele></trkpt><trkpt lat="46.445980256423354" lon="8.141580143012106"><ele>1718.2999877929688</ele></trkpt><trkpt lat="46.446030389051884" lon="8.141619835980237"><ele>1721.2999877929688</ele></trkpt><trkpt lat="46.44609154900536" lon="8.141621930059046"><ele>1723.2999877929688</ele></trkpt><trkpt lat="46.44621002441272" lon="8.141520652920008"><ele>1728.7999877929688</ele></trkpt><trkpt lat="46.44631013041362" lon="8.141480304300785"><ele>1732.0</ele></trkpt><trkpt lat="46.446419945918024" lon="8.14147001458332"><ele>1737.8999938964844</ele></trkpt><trkpt lat="46.44646036066115" lon="8.14148094970733"><ele>1739.6999816894531</ele></trkpt><trkpt lat="46.44647012697533" lon="8.141501899342984"><ele>1740.8999938964844</ele></trkpt><trkpt lat="46.446490212809294" lon="8.141599767841399"><ele>1744.5999755859375</ele></trkpt><trkpt lat="46.44648046931252" lon="8.141720675863326"><ele>1749.2999877929688</ele></trkpt><trkpt lat="46.44641998130828" lon="8.141900791786611"><ele>1753.0</ele></trkpt><trkpt lat="46.4462915933691" lon="8.142150304280221"><ele>1757.3999938964844</ele></trkpt><trkpt lat="46.44620017753914" lon="8.14224021974951"><ele>1762.0</ele></trkpt><trkpt lat="46.446180168073624" lon="8.142420859541744"><ele>1769.0</ele></trkpt><trkpt lat="46.4461415540427" lon="8.14240994816646"><ele>1772.5</ele></trkpt><trkpt lat="46.44607017794624" lon="8.142459778580815"><ele>1777.5</ele></trkpt><trkpt lat="46.446073735598475" lon="8.14246633183211"><ele>1777.5</ele></trkpt><trkpt lat="46.446073735598475" lon="8.14246633183211"><ele>1777.5</ele></trkpt><trkpt lat="46.446073735598475" lon="8.14246633183211"><ele>1777.5</ele></trkpt><trkpt lat="46.44607017794624" lon="8.142459778580815"><ele>1777.5</ele></trkpt><trkpt lat="46.44602020410821" lon="8.142539818771183"><ele>1778.8999938964844</ele></trkpt><trkpt lat="46.4458815138787" lon="8.142709808889776"><ele>1789.0</ele></trkpt><trkpt lat="46.44591166265309" lon="8.142780477181077"><ele>1791.5</ele></trkpt><trkpt lat="46.44576149247587" lon="8.143060938455164"><ele>1806.1999816894531</ele></trkpt><trkpt lat="46.44571006204933" lon="8.143230756744742"><ele>1809.3999938964844</ele></trkpt><trkpt lat="46.44567003939301" lon="8.143301815260202"><ele>1812.2999877929688</ele></trkpt><trkpt lat="46.4456416615285" lon="8.143380832858384"><ele>1813.2999877929688</ele></trkpt><trkpt lat="46.445640148594975" lon="8.143479720689356"><ele>1814.0</ele></trkpt><trkpt lat="46.44564997870475" lon="8.143490260001272"><ele>1814.7999877929688</ele></trkpt><trkpt lat="46.44573150202632" lon="8.14340022020042"><ele>1818.0</ele></trkpt><trkpt lat="46.44576035160571" lon="8.143390183802694"><ele>1818.7999877929688</ele></trkpt><trkpt lat="46.44574033934623" lon="8.143570821266621"><ele>1820.8999938964844</ele></trkpt><trkpt lat="46.445749992039055" lon="8.14360998896882"><ele>1821.6999816894531</ele></trkpt><trkpt lat="46.44578045513481" lon="8.1436299062334"><ele>1823.1999816894531</ele></trkpt><trkpt lat="46.445830058306456" lon="8.143609728198498"><ele>1824.0999755859375</ele></trkpt><trkpt lat="46.445880367420614" lon="8.143620793242007"><ele>1825.3999938964844</ele></trkpt><trkpt lat="46.44589014118537" lon="8.143640441820025"><ele>1826.0</ele></trkpt><trkpt lat="46.445910022594035" lon="8.143770841881633"><ele>1826.0999755859375</ele></trkpt><trkpt lat="46.4458914748393" lon="8.143860399257392"><ele>1826.7999877929688</ele></trkpt><trkpt lat="46.445841434877366" lon="8.143950847908854"><ele>1826.0</ele></trkpt><trkpt lat="46.44548159465194" lon="8.144240288063884"><ele>1815.7999877929688</ele></trkpt><trkpt lat="46.445430256426334" lon="8.14425003156066"><ele>1814.0999755859375</ele></trkpt><trkpt lat="46.44530027965084" lon="8.144319918006659"><ele>1810.6999816894531</ele></trkpt><trkpt lat="46.445261656306684" lon="8.144310305826366"><ele>1809.0</ele></trkpt><trkpt lat="46.44519014842808" lon="8.144380952697247"><ele>1807.0</ele></trkpt><trkpt lat="46.44510167092085" lon="8.144431857857853"><ele>1805.5</ele></trkpt><trkpt lat="46.44509147712961" lon="8.1444798768498"><ele>1804.5</ele></trkpt><trkpt lat="46.44502037530765" lon="8.144629913847893"><ele>1802.5</ele></trkpt><trkpt lat="46.44500169670209" lon="8.144740289542824"><ele>1800.5</ele></trkpt><trkpt lat="46.4449702128768" lon="8.144739879760891"><ele>1799.0</ele></trkpt><trkpt lat="46.444971688091755" lon="8.14479195466265"><ele>1798.0</ele></trkpt><trkpt lat="46.444911427330226" lon="8.144789868500084"><ele>1795.0999755859375</ele></trkpt><trkpt lat="46.44492010679096" lon="8.144840735476464"><ele>1793.5</ele></trkpt><trkpt lat="46.44495026161894" lon="8.144910102244467"><ele>1793.5</ele></trkpt><trkpt lat="46.4449302861467" lon="8.144939774181694"><ele>1793.5</ele></trkpt><trkpt lat="46.444899970665574" lon="8.145040888804942"><ele>1794.7999877929688</ele></trkpt><trkpt lat="46.44480021344498" lon="8.14516972983256"><ele>1795.5</ele></trkpt><trkpt lat="46.444741517771035" lon="8.145349858794361"><ele>1793.8999938964844</ele></trkpt><trkpt lat="46.44462164584547" lon="8.145530491601676"><ele>1789.8999938964844</ele></trkpt><trkpt lat="46.444551572203636" lon="8.145659717265517"><ele>1788.2999877929688</ele></trkpt><trkpt lat="46.4444213998504" lon="8.14576083002612"><ele>1785.5999755859375</ele></trkpt><trkpt lat="46.44426031084731" lon="8.145770443137735"><ele>1782.0999755859375</ele></trkpt><trkpt lat="46.4442204805091" lon="8.145810266491026"><ele>1781.3999938964844</ele></trkpt><trkpt lat="46.44409165298566" lon="8.145839820150286"><ele>1777.5999755859375</ele></trkpt><trkpt lat="46.443941690959036" lon="8.145940674003214"><ele>1774.0999755859375</ele></trkpt><trkpt lat="46.44390006130561" lon="8.145980473607779"><ele>1774.0</ele></trkpt><trkpt lat="46.44371045427397" lon="8.146380124147981"><ele>1770.3999938964844</ele></trkpt><trkpt lat="46.44361152173951" lon="8.146520683076233"><ele>1770.1999816894531</ele></trkpt><trkpt lat="46.443430019076914" lon="8.146630232222378"><ele>1769.1999816894531</ele></trkpt><trkpt lat="46.44335035746917" lon="8.146709877066314"><ele>1767.7999877929688</ele></trkpt><trkpt lat="46.44326026691124" lon="8.146730824373662"><ele>1766.7999877929688</ele></trkpt><trkpt lat="46.44309020554647" lon="8.14688086276874"><ele>1761.6999816894531</ele></trkpt><trkpt lat="46.442899958230555" lon="8.146949952933937"><ele>1756.2999877929688</ele></trkpt><trkpt lat="46.44287997391075" lon="8.146980924531817"><ele>1755.6999816894531</ele></trkpt><trkpt lat="46.442870296537876" lon="8.14709011092782"><ele>1753.7999877929688</ele></trkpt><trkpt lat="46.442850132938474" lon="8.147149709518999"><ele>1752.0999755859375</ele></trkpt><trkpt lat="46.4427614598535" lon="8.147231838200241"><ele>1752.0</ele></trkpt><trkpt lat="46.442700235173106" lon="8.147240147925913"><ele>1751.0999755859375</ele></trkpt><trkpt lat="46.44266046071425" lon="8.147270860616118"><ele>1749.7999877929688</ele></trkpt><trkpt lat="46.442491703201085" lon="8.147500294726342"><ele>1748.8999938964844</ele></trkpt><trkpt lat="46.442350331228226" lon="8.147521872073412"><ele>1746.6999816894531</ele></trkpt><trkpt lat="46.44227157672867" lon="8.147600224241614"><ele>1745.3999938964844</ele></trkpt><trkpt lat="46.44198159547523" lon="8.147649789694697"><ele>1741.7999877929688</ele></trkpt><trkpt lat="46.44178035808727" lon="8.147749964147806"><ele>1735.6999816894531</ele></trkpt><trkpt lat="46.441660087089986" lon="8.147849895060062"><ele>1732.7999877929688</ele></trkpt><trkpt lat="46.44156041787937" lon="8.147819962818176"><ele>1730.1999816894531</ele></trkpt><trkpt lat="46.44152021734044" lon="8.147630746476352"><ele>1728.3999938964844</ele></trkpt><trkpt lat="46.44150145724416" lon="8.147609680425376"><ele>1727.3999938964844</ele></trkpt><trkpt lat="46.44142157770693" lon="8.147580007556826"><ele>1725.0999755859375</ele></trkpt><trkpt lat="46.441380004398525" lon="8.147610695566982"><ele>1723.7999877929688</ele></trkpt><trkpt lat="46.44135159254074" lon="8.147550464142114"><ele>1721.6999816894531</ele></trkpt><trkpt lat="46.441310457885265" lon="8.147510887123644"><ele>1719.6999816894531</ele></trkpt><trkpt lat="46.44126008404419" lon="8.147510228678584"><ele>1718.0999755859375</ele></trkpt><trkpt lat="46.44122993014753" lon="8.14744086517021"><ele>1716.0999755859375</ele></trkpt><trkpt lat="46.441200310364366" lon="8.14743006741628"><ele>1714.0999755859375</ele></trkpt><trkpt lat="46.44111999263987" lon="8.147470660042018"><ele>1712.6999816894531</ele></trkpt><trkpt lat="46.441070079337806" lon="8.147540278267115"><ele>1710.2999877929688</ele></trkpt><trkpt lat="46.440960206557065" lon="8.147559663280845"><ele>1706.0</ele></trkpt><trkpt lat="46.44085041247308" lon="8.147710479795933"><ele>1700.7999877929688</ele></trkpt><trkpt lat="46.440800038632005" lon="8.147709821816534"><ele>1700.0999755859375</ele></trkpt><trkpt lat="46.44075030460954" lon="8.147750813048333"><ele>1699.1999816894531</ele></trkpt><trkpt lat="46.44073159294203" lon="8.147721939720213"><ele>1696.7999877929688</ele></trkpt><trkpt lat="46.44066148623824" lon="8.147711914032698"><ele>1693.0</ele></trkpt><trkpt lat="46.44056156743318" lon="8.148009905125946"><ele>1687.0999755859375</ele></trkpt><trkpt lat="46.44052163604647" lon="8.14820978185162"><ele>1687.5</ele></trkpt><trkpt lat="46.44047140562907" lon="8.14833014504984"><ele>1686.0999755859375</ele></trkpt><trkpt lat="46.44037163630128" lon="8.148460270371288"><ele>1685.0999755859375</ele></trkpt><trkpt lat="46.44021003507078" lon="8.148551848717034"><ele>1683.2999877929688</ele></trkpt><trkpt lat="46.44014991726726" lon="8.148670779541135"><ele>1680.2999877929688</ele></trkpt><trkpt lat="46.440020153298974" lon="8.148849959019572"><ele>1676.0</ele></trkpt><trkpt lat="46.439900463446975" lon="8.14900064188987"><ele>1674.0</ele></trkpt><trkpt lat="46.43986166128889" lon="8.149019652977586"><ele>1673.2999877929688</ele></trkpt><trkpt lat="46.439711472485214" lon="8.14930006256327"><ele>1670.5</ele></trkpt><trkpt lat="46.43971019797027" lon="8.149359904229641"><ele>1669.8999938964844</ele></trkpt><trkpt lat="46.43956023361534" lon="8.149460740853101"><ele>1669.7999877929688</ele></trkpt><trkpt lat="46.43945017363876" lon="8.14951004832983"><ele>1669.3999938964844</ele></trkpt><trkpt lat="46.439340190030634" lon="8.14969078451395"><ele>1668.0999755859375</ele></trkpt><trkpt lat="46.43930042348802" lon="8.149720192421228"><ele>1667.7999877929688</ele></trkpt><trkpt lat="46.439140047412366" lon="8.149759731721133"><ele>1668.5999755859375</ele></trkpt><trkpt lat="46.43900002306327" lon="8.149709750432521"><ele>1668.2999877929688</ele></trkpt><trkpt lat="46.438880247529596" lon="8.149730302393436"><ele>1668.2999877929688</ele></trkpt><trkpt lat="46.43871162645519" lon="8.150080731138587"><ele>1668.0</ele></trkpt><trkpt lat="46.43863988900557" lon="8.150330930482596"><ele>1664.0</ele></trkpt><trkpt lat="46.43849026784301" lon="8.150520251132548"><ele>1661.7999877929688</ele></trkpt><trkpt lat="46.438301435206085" lon="8.150650500319898"><ele>1662.2999877929688</ele></trkpt><trkpt lat="46.43814998026937" lon="8.150701864156872"><ele>1662.3999938964844</ele></trkpt><trkpt lat="46.437940129544586" lon="8.15074074966833"><ele>1660.7999877929688</ele></trkpt><trkpt lat="46.43782153259963" lon="8.150860207621008"><ele>1660.5999755859375</ele></trkpt><trkpt lat="46.43779032025486" lon="8.15095999231562"><ele>1658.7999877929688</ele></trkpt><trkpt lat="46.43764044344425" lon="8.15118964156136"><ele>1650.5999755859375</ele></trkpt><trkpt lat="46.43766025081277" lon="8.151330433320254"><ele>1649.5999755859375</ele></trkpt><trkpt lat="46.4376603984274" lon="8.151450147852302"><ele>1647.7999877929688</ele></trkpt><trkpt lat="46.4374215407297" lon="8.151380648370832"><ele>1646.0</ele></trkpt><trkpt lat="46.43732039257884" lon="8.151299945544451"><ele>1645.7999877929688</ele></trkpt><trkpt lat="46.43726024683565" lon="8.15127963759005"><ele>1646.0999755859375</ele></trkpt><trkpt lat="46.437169902492315" lon="8.151340909767896"><ele>1646.0999755859375</ele></trkpt><trkpt lat="46.43706021737307" lon="8.151330360677093"><ele>1646.2999877929688</ele></trkpt><trkpt lat="46.43682996183634" lon="8.151180300861597"><ele>1645.0999755859375</ele></trkpt><trkpt lat="46.436740066856146" lon="8.151170012541115"><ele>1645.2999877929688</ele></trkpt><trkpt lat="46.43658144120127" lon="8.151360507123172"><ele>1645.5</ele></trkpt><trkpt lat="46.43657014891505" lon="8.151439731940627"><ele>1646.5</ele></trkpt><trkpt lat="46.43656012322754" lon="8.151460419408977"><ele>1646.3999938964844</ele></trkpt><trkpt lat="46.43627999583259" lon="8.151659725699574"><ele>1643.7999877929688</ele></trkpt><trkpt lat="46.43618027959019" lon="8.151780726853758"><ele>1642.5999755859375</ele></trkpt><trkpt lat="46.43605010211468" lon="8.15188180981204"><ele>1641.5999755859375</ele></trkpt><trkpt lat="46.43591140303761" lon="8.152050441130996"><ele>1637.8999938964844</ele></trkpt><trkpt lat="46.43585010431707" lon="8.152070454321802"><ele>1636.2999877929688</ele></trkpt><trkpt lat="46.43587995972484" lon="8.15190039202571"><ele>1635.5</ele></trkpt><trkpt lat="46.43570020282641" lon="8.152160867117345"><ele>1636.2999877929688</ele></trkpt><trkpt lat="46.435459988657385" lon="8.152450472582132"><ele>1636.5</ele></trkpt><trkpt lat="46.43526994297281" lon="8.152630136348307"><ele>1636.5</ele></trkpt><trkpt lat="46.434960055630654" lon="8.152840750757605"><ele>1636.2999877929688</ele></trkpt><trkpt lat="46.434889973606914" lon="8.152969944290817"><ele>1636.2999877929688</ele></trkpt><trkpt lat="46.4347800235264" lon="8.153430406935513"><ele>1636.5999755859375</ele></trkpt><trkpt lat="46.43472991883755" lon="8.153529935982078"><ele>1636.3999938964844</ele></trkpt><trkpt lat="46.43469020863995" lon="8.153550231363624"><ele>1636.1999816894531</ele></trkpt><trkpt lat="46.434581423178315" lon="8.153539690189064"><ele>1636.1999816894531</ele></trkpt><trkpt lat="46.43452017381787" lon="8.153551895171404"><ele>1636.3999938964844</ele></trkpt><trkpt lat="46.434411665424705" lon="8.153640244621783"><ele>1635.6999816894531</ele></trkpt><trkpt lat="46.43435009708628" lon="8.153560063336045"><ele>1631.5</ele></trkpt><trkpt lat="46.434210784733295" lon="8.153540011495352"><ele>1627.8999938964844</ele></trkpt><trkpt lat="46.4340915963985" lon="8.153610004112124"><ele>1626.8999938964844</ele></trkpt><trkpt lat="46.43404996441677" lon="8.153649791143835"><ele>1627.0</ele></trkpt><trkpt lat="46.43373036803678" lon="8.153830340132117"><ele>1621.7999877929688</ele></trkpt><trkpt lat="46.433651520404965" lon="8.153779858257622"><ele>1619.6999816894531</ele></trkpt><trkpt lat="46.43360011652112" lon="8.15379999903962"><ele>1619.5999755859375</ele></trkpt><trkpt lat="46.43352011591196" lon="8.153789836447686"><ele>1617.2999877929688</ele></trkpt><trkpt lat="46.43346021557227" lon="8.153730496298522"><ele>1614.8999938964844</ele></trkpt><trkpt lat="46.43344042589888" lon="8.1537302355282"><ele>1614.2999877929688</ele></trkpt><trkpt lat="46.43344760593027" lon="8.153732932172716"><ele>1614.2999877929688</ele></trkpt><trkpt lat="46.43344760593027" lon="8.153732932172716"><ele>1614.2999877929688</ele></trkpt><trkpt lat="46.43344760593027" lon="8.153732932172716"><ele>1614.2999877929688</ele></trkpt><trkpt lat="46.43344042589888" lon="8.1537302355282"><ele>1614.2999877929688</ele></trkpt><trkpt lat="46.43338992120698" lon="8.153750387951732"><ele>1612.6999816894531</ele></trkpt><trkpt lat="46.43336004810408" lon="8.153779919724911"><ele>1611.6999816894531</ele></trkpt><trkpt lat="46.43332040356472" lon="8.153789806179702"><ele>1610.5</ele></trkpt><trkpt lat="46.433250485919416" lon="8.153749851044267"><ele>1607.6999816894531</ele></trkpt><trkpt lat="46.433121524751186" lon="8.153800195548683"><ele>1602.3999938964844</ele></trkpt><trkpt lat="46.43291155528277" lon="8.154000401031226"><ele>1596.8999938964844</ele></trkpt><trkpt lat="46.43282031733543" lon="8.154060350265354"><ele>1595.0999755859375</ele></trkpt><trkpt lat="46.43273004516959" lon="8.154109903145581"><ele>1593.3999938964844</ele></trkpt><trkpt lat="46.43259028997272" lon="8.154160104691982"><ele>1589.6999816894531</ele></trkpt><trkpt lat="46.43257145723328" lon="8.154150748625398"><ele>1589.5</ele></trkpt><trkpt lat="46.43247157195583" lon="8.154440877959132"><ele>1589.0999755859375</ele></trkpt><trkpt lat="46.43233043933287" lon="8.15470964461565"><ele>1589.5</ele></trkpt><trkpt lat="46.43168988963589" lon="8.155570315662771"><ele>1588.0999755859375</ele></trkpt><trkpt lat="46.43163149850443" lon="8.155699652153999"><ele>1587.7999877929688</ele></trkpt><trkpt lat="46.43158145295456" lon="8.155931883957237"><ele>1586.6999816894531</ele></trkpt><trkpt lat="46.43152042850852" lon="8.156050776131451"><ele>1585.8999938964844</ele></trkpt><trkpt lat="46.431481485720724" lon="8.156091895885766"><ele>1585.5999755859375</ele></trkpt><trkpt lat="46.43128038197756" lon="8.156169903930277"><ele>1585.5</ele></trkpt><trkpt lat="46.431171542499214" lon="8.156310281716287"><ele>1585.5</ele></trkpt><trkpt lat="46.43115040939301" lon="8.15638025989756"><ele>1585.5</ele></trkpt><trkpt lat="46.43113018665463" lon="8.156590765342116"><ele>1585.6999816894531</ele></trkpt><trkpt lat="46.431130095850676" lon="8.157031826209277"><ele>1586.8999938964844</ele></trkpt><trkpt lat="46.43106997013092" lon="8.15715072862804"><ele>1587.6999816894531</ele></trkpt><trkpt lat="46.43096036184579" lon="8.157270276453346"><ele>1587.5</ele></trkpt><trkpt lat="46.43071988876909" lon="8.157740677706897"><ele>1587.0999755859375</ele></trkpt><trkpt lat="46.430549879558384" lon="8.157880240119994"><ele>1586.7999877929688</ele></trkpt><trkpt lat="46.43039007857442" lon="8.157970496919006"><ele>1586.1999816894531</ele></trkpt><trkpt lat="46.43015151657164" lon="8.158280887175351"><ele>1587.5</ele></trkpt><trkpt lat="46.43012145301327" lon="8.158340336754918"><ele>1587.6999816894531</ele></trkpt><trkpt lat="46.42993030883372" lon="8.158549871761352"><ele>1587.8999938964844</ele></trkpt><trkpt lat="46.42983027221635" lon="8.158720281906426"><ele>1588.3999938964844</ele></trkpt><trkpt lat="46.42962164012715" lon="8.158850219100714"><ele>1587.7999877929688</ele></trkpt><trkpt lat="46.429380369372666" lon="8.159161866176873"><ele>1588.5</ele></trkpt><trkpt lat="46.429081404116005" lon="8.159350447822362"><ele>1586.1999816894531</ele></trkpt><trkpt lat="46.428740210365504" lon="8.159530661068857"><ele>1584.3999938964844</ele></trkpt><trkpt lat="46.428520255256444" lon="8.159601897001266"><ele>1583.3999938964844</ele></trkpt><trkpt lat="46.42830988205969" lon="8.15958088869229"><ele>1583.0</ele></trkpt><trkpt lat="46.42811044305563" lon="8.159679717384279"><ele>1584.1999816894531</ele></trkpt><trkpt lat="46.427981595974416" lon="8.159711831714958"><ele>1584.0999755859375</ele></trkpt><trkpt lat="46.42774989036843" lon="8.159650209359825"><ele>1583.1999816894531</ele></trkpt><trkpt lat="46.427660243585706" lon="8.15960088185966"><ele>1582.5999755859375</ele></trkpt><trkpt lat="46.42752998555079" lon="8.15957183111459"><ele>1581.7999877929688</ele></trkpt><trkpt lat="46.42741143843159" lon="8.159540333785117"><ele>1581.1999816894531</ele></trkpt><trkpt lat="46.42727013863623" lon="8.159550166223198"><ele>1580.8999938964844</ele></trkpt><trkpt lat="46.427041503135115" lon="8.15943004237488"><ele>1580.2999877929688</ele></trkpt><trkpt lat="46.42684018285945" lon="8.159400048665702"><ele>1579.2999877929688</ele></trkpt><trkpt lat="46.42672143736854" lon="8.15939977299422"><ele>1579.2999877929688</ele></trkpt><trkpt lat="46.426630007103086" lon="8.159489626064897"><ele>1578.7999877929688</ele></trkpt><trkpt lat="46.42651029583067" lon="8.15949974488467"><ele>1578.7999877929688</ele></trkpt><trkpt lat="46.42642000457272" lon="8.15955188497901"><ele>1579.5</ele></trkpt><trkpt lat="46.426140390802175" lon="8.159809662029147"><ele>1578.6999816894531</ele></trkpt><trkpt lat="46.42590154521167" lon="8.15988064231351"><ele>1577.3999938964844</ele></trkpt><trkpt lat="46.425700357183814" lon="8.159829834476113"><ele>1576.3999938964844</ele></trkpt><trkpt lat="46.42545033013448" lon="8.159820007625967"><ele>1573.5</ele></trkpt><trkpt lat="46.42541151819751" lon="8.159840306732804"><ele>1572.8999938964844</ele></trkpt><trkpt lat="46.42525037005544" lon="8.160000781528652"><ele>1573.3999938964844</ele></trkpt><trkpt lat="46.42517000436783" lon="8.160189648158848"><ele>1571.2999877929688</ele></trkpt><trkpt lat="46.42512045567855" lon="8.160200697835535"><ele>1569.7999877929688</ele></trkpt><trkpt lat="46.42505163047463" lon="8.160130834206939"><ele>1570.3999938964844</ele></trkpt><trkpt lat="46.42501037660986" lon="8.160110771656036"><ele>1569.7999877929688</ele></trkpt><trkpt lat="46.4250184558332" lon="8.160113480873406"><ele>1569.7999877929688</ele></trkpt><trkpt lat="46.4250184558332" lon="8.160113480873406"><ele>1569.7999877929688</ele></trkpt><trkpt lat="46.4250184558332" lon="8.160113480873406"><ele>1569.7999877929688</ele></trkpt><trkpt lat="46.42501037660986" lon="8.160110771656036"><ele>1569.7999877929688</ele></trkpt><trkpt lat="46.42492035776377" lon="8.1601199824363"><ele>1569.0</ele></trkpt><trkpt lat="46.42480000294745" lon="8.160089762881398"><ele>1568.5999755859375</ele></trkpt><trkpt lat="46.424950253684074" lon="8.16037015710026"><ele>1571.5999755859375</ele></trkpt><trkpt lat="46.42491035256535" lon="8.160420362371951"><ele>1572.1999816894531</ele></trkpt><trkpt lat="46.424915741197765" lon="8.160421735141426"><ele>1572.1999816894531</ele></trkpt><trkpt lat="46.424915741197765" lon="8.160421735141426"><ele>1572.1999816894531</ele></trkpt><trkpt lat="46.424915741197765" lon="8.160421735141426"><ele>1572.1999816894531</ele></trkpt><trkpt lat="46.42491035256535" lon="8.160420362371951"><ele>1572.1999816894531</ele></trkpt><trkpt lat="46.42487148940563" lon="8.160590266343206"><ele>1575.7999877929688</ele></trkpt><trkpt lat="46.424951509572566" lon="8.16088013490662"><ele>1577.3999938964844</ele></trkpt><trkpt lat="46.42522000009194" lon="8.161240162793547"><ele>1586.2999877929688</ele></trkpt><trkpt lat="46.42527147755027" lon="8.161350125912577"><ele>1588.7999877929688</ele></trkpt><trkpt lat="46.425275017507374" lon="8.161359279882163"><ele>1588.7999877929688</ele></trkpt><trkpt lat="46.425275017507374" lon="8.161359279882163"><ele>1588.7999877929688</ele></trkpt><trkpt lat="46.425275017507374" lon="8.161359279882163"><ele>1588.7999877929688</ele></trkpt><trkpt lat="46.42527147755027" lon="8.161350125912577"><ele>1588.7999877929688</ele></trkpt><trkpt lat="46.425310228485614" lon="8.161480735056102"><ele>1590.0</ele></trkpt><trkpt lat="46.425529999658465" lon="8.161579931154847"><ele>1594.0999755859375</ele></trkpt><trkpt lat="46.42569167446345" lon="8.161619812250137"><ele>1597.5</ele></trkpt><trkpt lat="46.426000237464905" lon="8.161620019935071"><ele>1602.7999877929688</ele></trkpt><trkpt lat="46.42625019419938" lon="8.161499760113657"><ele>1609.5999755859375</ele></trkpt><trkpt lat="46.426419898401946" lon="8.161550155375153"><ele>1612.1999816894531</ele></trkpt><trkpt lat="46.426591424271464" lon="8.162020786199719"><ele>1619.0999755859375</ele></trkpt><trkpt lat="46.42664002394304" lon="8.162299839779735"><ele>1621.7999877929688</ele></trkpt><trkpt lat="46.426660331431776" lon="8.162359954789281"><ele>1622.5999755859375</ele></trkpt><trkpt lat="46.42676032381132" lon="8.162479676306248"><ele>1624.1999816894531</ele></trkpt><trkpt lat="46.426910237874836" lon="8.162529811263084"><ele>1625.5999755859375</ele></trkpt><trkpt lat="46.42710037343204" lon="8.162620813120157"><ele>1628.2999877929688</ele></trkpt><trkpt lat="46.427309916354716" lon="8.162771919742227"><ele>1629.2999877929688</ele></trkpt><trkpt lat="46.427451621741056" lon="8.162980666384101"><ele>1631.6999816894531</ele></trkpt><trkpt lat="46.427560036070645" lon="8.163190270308405"><ele>1633.6999816894531</ele></trkpt><trkpt lat="46.427870095241815" lon="8.163519657216966"><ele>1635.5</ele></trkpt><trkpt lat="46.42787633370608" lon="8.163528847508132"><ele>1635.5</ele></trkpt><trkpt lat="46.42787633370608" lon="8.163528847508132"><ele>1635.5</ele></trkpt><trkpt lat="46.42787633370608" lon="8.163528847508132"><ele>1635.5</ele></trkpt><trkpt lat="46.427870095241815" lon="8.163519657216966"><ele>1635.5</ele></trkpt><trkpt lat="46.42797045968473" lon="8.163580843247473"><ele>1636.0999755859375</ele></trkpt><trkpt lat="46.428071483038366" lon="8.163679766934365"><ele>1636.0999755859375</ele></trkpt><trkpt lat="46.4281301535666" lon="8.163789834361523"><ele>1635.5999755859375</ele></trkpt><trkpt lat="46.428201677277684" lon="8.164000250399113"><ele>1635.5999755859375</ele></trkpt><trkpt lat="46.42823996581137" lon="8.164061909075826"><ele>1635.5999755859375</ele></trkpt><trkpt lat="46.42839162796736" lon="8.164119879249483"><ele>1635.5</ele></trkpt><trkpt lat="46.42856049770489" lon="8.164159865584224"><ele>1635.6999816894531</ele></trkpt><trkpt lat="46.42900008382276" lon="8.164350485429168"><ele>1636.1999816894531</ele></trkpt><trkpt lat="46.42917037010193" lon="8.16445033904165"><ele>1637.6999816894531</ele></trkpt><trkpt lat="46.42936006281525" lon="8.164610300213099"><ele>1639.5999755859375</ele></trkpt><trkpt lat="46.42948149936274" lon="8.16461192490533"><ele>1641.5</ele></trkpt><trkpt lat="46.42951023392379" lon="8.164620115421712"><ele>1642.0999755859375</ele></trkpt><trkpt lat="46.429531631525606" lon="8.164650325197726"><ele>1642.5999755859375</ele></trkpt><trkpt lat="46.429580406751484" lon="8.16476026456803"><ele>1643.8999938964844</ele></trkpt><trkpt lat="46.429580158088356" lon="8.164939803536981"><ele>1644.3999938964844</ele></trkpt><trkpt lat="46.429561459925026" lon="8.165050141047686"><ele>1644.6999816894531</ele></trkpt><trkpt lat="46.42950145062059" lon="8.165290028322488"><ele>1645.0999755859375</ele></trkpt><trkpt lat="46.42949078138918" lon="8.165410881396383"><ele>1644.5999755859375</ele></trkpt><trkpt lat="46.42956025246531" lon="8.165800819639117"><ele>1643.8999938964844</ele></trkpt><trkpt lat="46.42961996002123" lon="8.166310323402286"><ele>1644.6999816894531</ele></trkpt><trkpt lat="46.429628047626466" lon="8.166311732959002"><ele>1644.6999816894531</ele></trkpt><trkpt lat="46.429628047626466" lon="8.166311732959002"><ele>1644.6999816894531</ele></trkpt><trkpt lat="46.429628047626466" lon="8.166311732959002"><ele>1644.6999816894531</ele></trkpt><trkpt lat="46.42961996002123" lon="8.166310323402286"><ele>1644.6999816894531</ele></trkpt><trkpt lat="46.42976145353168" lon="8.166971845552325"><ele>1644.5</ele></trkpt><trkpt lat="46.429881499148905" lon="8.16789068840444"><ele>1642.5999755859375</ele></trkpt><trkpt lat="46.429949990008026" lon="8.168151816818863"><ele>1641.5999755859375</ele></trkpt><trkpt lat="46.43009039666504" lon="8.168560930527747"><ele>1640.3999938964844</ele></trkpt><trkpt lat="46.430180098395795" lon="8.168880892917514"><ele>1639.8999938964844</ele></trkpt><trkpt lat="46.430240052286536" lon="8.169070351403207"><ele>1639.5</ele></trkpt><trkpt lat="46.43044156162068" lon="8.169350187759846"><ele>1639.6999816894531</ele></trkpt><trkpt lat="46.43049033218995" lon="8.169460132718086"><ele>1639.3999938964844</ele></trkpt><trkpt lat="46.430630021728575" lon="8.169979834463447"><ele>1638.6999816894531</ele></trkpt><trkpt lat="46.43068168312311" lon="8.170059895142913"><ele>1639.1999816894531</ele></trkpt><trkpt lat="46.43081019213423" lon="8.170220356434584"><ele>1640.0</ele></trkpt><trkpt lat="46.430980215314776" lon="8.170499775093049"><ele>1640.7999877929688</ele></trkpt><trkpt lat="46.43098917696625" lon="8.17050510039553"><ele>1640.7999877929688</ele></trkpt><trkpt lat="46.43098917696625" lon="8.17050510039553"><ele>1640.7999877929688</ele></trkpt><trkpt lat="46.43098917696625" lon="8.17050510039553"><ele>1640.7999877929688</ele></trkpt><trkpt lat="46.430980215314776" lon="8.170499775093049"><ele>1640.7999877929688</ele></trkpt><trkpt lat="46.43115164898336" lon="8.17069984972477"><ele>1640.7999877929688</ele></trkpt><trkpt lat="46.43127006897703" lon="8.170890102162957"><ele>1640.7999877929688</ele></trkpt><trkpt lat="46.43140160199255" lon="8.170999865978956"><ele>1639.8999938964844</ele></trkpt><trkpt lat="46.43144162744284" lon="8.171070664189756"><ele>1639.6999816894531</ele></trkpt><trkpt lat="46.431520274840295" lon="8.171290306840092"><ele>1639.8999938964844</ele></trkpt><trkpt lat="46.431700442451984" lon="8.171670052688569"><ele>1637.3999938964844</ele></trkpt><trkpt lat="46.43184032384306" lon="8.171880115754902"><ele>1639.2999877929688</ele></trkpt><trkpt lat="46.43195006577298" lon="8.172020815312862"><ele>1639.6999816894531</ele></trkpt><trkpt lat="46.43211148446426" lon="8.172099760733545"><ele>1639.6999816894531</ele></trkpt><trkpt lat="46.43218042002991" lon="8.172290652059019"><ele>1639.6999816894531</ele></trkpt><trkpt lat="46.43231027852744" lon="8.172520099207759"><ele>1637.8999938964844</ele></trkpt><trkpt lat="46.432490054983646" lon="8.172959700226784"><ele>1636.0999755859375</ele></trkpt><trkpt lat="46.43271017353982" lon="8.173420668113977"><ele>1634.5</ele></trkpt><trkpt lat="46.43281002761796" lon="8.173559937626123"><ele>1634.6999816894531</ele></trkpt><trkpt lat="46.43296025460586" lon="8.173699890263379"><ele>1635.6999816894531</ele></trkpt><trkpt lat="46.43313149083406" lon="8.17379068536684"><ele>1636.5</ele></trkpt><trkpt lat="46.43318154430017" lon="8.173840805888176"><ele>1636.1999816894531</ele></trkpt><trkpt lat="46.43327007256448" lon="8.174061894416809"><ele>1636.0999755859375</ele></trkpt><trkpt lat="46.4333304814063" lon="8.174179814290255"><ele>1636.1999816894531</ele></trkpt><trkpt lat="46.433380466885865" lon="8.174240343272686"><ele>1636.1999816894531</ele></trkpt><trkpt lat="46.43355151778087" lon="8.1743597635068"><ele>1638.7999877929688</ele></trkpt><trkpt lat="46.43379991594702" lon="8.174620755482465"><ele>1640.2999877929688</ele></trkpt><trkpt lat="46.434000447392464" lon="8.174771804828197"><ele>1640.7999877929688</ele></trkpt><trkpt lat="46.43411039747298" lon="8.174879990052432"><ele>1642.2999877929688</ele></trkpt><trkpt lat="46.43436001101509" lon="8.175230782944709"><ele>1643.3999938964844</ele></trkpt><trkpt lat="46.43488013977185" lon="8.175760908983648"><ele>1647.0</ele></trkpt><trkpt lat="46.435091607272625" lon="8.17588999401778"><ele>1646.0</ele></trkpt><trkpt lat="46.43518008571118" lon="8.175979675259441"><ele>1645.5999755859375</ele></trkpt><trkpt lat="46.435241501778364" lon="8.1760806995444"><ele>1645.0</ele></trkpt><trkpt lat="46.4352901391685" lon="8.176210176665336"><ele>1645.1999816894531</ele></trkpt><trkpt lat="46.43532044207677" lon="8.176530676428229"><ele>1645.5999755859375</ele></trkpt><trkpt lat="46.43537042103708" lon="8.176730434875935"><ele>1644.0</ele></trkpt><trkpt lat="46.43549146968871" lon="8.176929859444499"><ele>1641.5</ele></trkpt><trkpt lat="46.43555166432634" lon="8.177080313675106"><ele>1640.8999938964844</ele></trkpt><trkpt lat="46.43564000586048" lon="8.177190814632922"><ele>1639.7999877929688</ele></trkpt><trkpt lat="46.43586154002696" lon="8.177569871302694"><ele>1637.7999877929688</ele></trkpt><trkpt lat="46.436110170092434" lon="8.178070310503244"><ele>1635.0999755859375</ele></trkpt><trkpt lat="46.43628024868667" lon="8.178200144786388"><ele>1633.6999816894531</ele></trkpt><trkpt lat="46.43636023066938" lon="8.178350871894509"><ele>1632.7999877929688</ele></trkpt><trkpt lat="46.43652155296877" lon="8.178720009047538"><ele>1631.3999938964844</ele></trkpt><trkpt lat="46.43664047680795" lon="8.178830931894481"><ele>1630.8999938964844</ele></trkpt><trkpt lat="46.436630259267986" lon="8.178880237974226"><ele>1630.0999755859375</ele></trkpt><trkpt lat="46.43661047006026" lon="8.17887996789068"><ele>1629.5999755859375</ele></trkpt><trkpt lat="46.43652989435941" lon="8.17882031481713"><ele>1628.6999816894531</ele></trkpt><trkpt lat="46.43640023516491" lon="8.178700136952102"><ele>1627.1999816894531</ele></trkpt><trkpt lat="46.43628008803353" lon="8.178500717040151"><ele>1625.5</ele></trkpt><trkpt lat="46.43626023083925" lon="8.17851085588336"><ele>1625.0999755859375</ele></trkpt><trkpt lat="46.436250081285834" lon="8.17854975303635"><ele>1624.6999816894531</ele></trkpt><trkpt lat="46.43628001213074" lon="8.178650353103876"><ele>1623.3999938964844</ele></trkpt><trkpt lat="46.43631997331977" lon="8.178730270825326"><ele>1622.7999877929688</ele></trkpt><trkpt lat="46.43637997005135" lon="8.17891065403819"><ele>1622.5999755859375</ele></trkpt><trkpt lat="46.43650011578575" lon="8.179110074881464"><ele>1620.2999877929688</ele></trkpt><trkpt lat="46.43658001953736" lon="8.179410440847278"><ele>1616.8999938964844</ele></trkpt><trkpt lat="46.43663038359955" lon="8.179550356697291"><ele>1615.6999816894531</ele></trkpt><trkpt lat="46.43679158343002" lon="8.179799786303192"><ele>1612.7999877929688</ele></trkpt><trkpt lat="46.436870340723544" lon="8.17999994661659"><ele>1611.6999816894531</ele></trkpt><trkpt lat="46.437290247995406" lon="8.18072005128488"><ele>1606.0</ele></trkpt><trkpt lat="46.437301666941494" lon="8.180899775121361"><ele>1602.7999877929688</ele></trkpt><trkpt lat="46.437290276866406" lon="8.180990704335272"><ele>1601.0</ele></trkpt><trkpt lat="46.43730151979253" lon="8.181059822440147"><ele>1599.8999938964844</ele></trkpt><trkpt lat="46.437360300682485" lon="8.181150410324335"><ele>1597.5999755859375</ele></trkpt><trkpt lat="46.43736744578928" lon="8.181158315390348"><ele>1597.5999755859375</ele></trkpt><trkpt lat="46.43736744578928" lon="8.181158315390348"><ele>1597.5999755859375</ele></trkpt><trkpt lat="46.43736744578928" lon="8.181158315390348"><ele>1597.5999755859375</ele></trkpt><trkpt lat="46.437360300682485" lon="8.181150410324335"><ele>1597.5999755859375</ele></trkpt><trkpt lat="46.43740032799542" lon="8.18121992284432"><ele>1596.8999938964844</ele></trkpt><trkpt lat="46.43744026683271" lon="8.181440375279635"><ele>1591.8999938964844</ele></trkpt><trkpt lat="46.437460355926305" lon="8.181669664569199"><ele>1587.1999816894531</ele></trkpt><trkpt lat="46.437610275577754" lon="8.182129747699946"><ele>1579.6999816894531</ele></trkpt><trkpt lat="46.43779022293165" lon="8.182400266174227"><ele>1577.0999755859375</ele></trkpt><trkpt lat="46.43795995088294" lon="8.18272009352222"><ele>1574.0</ele></trkpt><trkpt lat="46.437979923561215" lon="8.182829671073705"><ele>1573.7999877929688</ele></trkpt><trkpt lat="46.43800007039681" lon="8.18304985621944"><ele>1573.0999755859375</ele></trkpt><trkpt lat="46.438030262012035" lon="8.183110127225518"><ele>1572.6999816894531</ele></trkpt><trkpt lat="46.43824158422649" lon="8.18326006596908"><ele>1568.7999877929688</ele></trkpt><trkpt lat="46.43849032558501" lon="8.183739734813571"><ele>1564.1999816894531</ele></trkpt><trkpt lat="46.4387016473338" lon="8.183889677748084"><ele>1563.1999816894531</ele></trkpt><trkpt lat="46.43900032201782" lon="8.1842997726053"><ele>1563.1999816894531</ele></trkpt><trkpt lat="46.439200319349766" lon="8.184530242346227"><ele>1562.7999877929688</ele></trkpt><trkpt lat="46.43933015270159" lon="8.18475974816829"><ele>1559.1999816894531</ele></trkpt><trkpt lat="46.439720190130174" lon="8.185229666996747"><ele>1558.1999816894531</ele></trkpt><trkpt lat="46.439920228440315" lon="8.185590271372348"><ele>1554.3999938964844</ele></trkpt><trkpt lat="46.440011525992304" lon="8.185660495888442"><ele>1554.3999938964844</ele></trkpt><trkpt lat="46.440091523807496" lon="8.185670705977827"><ele>1554.1999816894531</ele></trkpt><trkpt lat="46.440140303224325" lon="8.185640146955848"><ele>1554.0999755859375</ele></trkpt><trkpt lat="46.440440450794995" lon="8.185551885515451"><ele>1549.3999938964844</ele></trkpt><trkpt lat="46.44050023006275" lon="8.185490246396512"><ele>1549.5</ele></trkpt><trkpt lat="46.44061026209965" lon="8.185310880187899"><ele>1551.5999755859375</ele></trkpt><trkpt lat="46.440680124331266" lon="8.185220750514418"><ele>1552.0999755859375</ele></trkpt><trkpt lat="46.44077030615881" lon="8.185050219297409"><ele>1551.5999755859375</ele></trkpt><trkpt lat="46.44084023591131" lon="8.184949679300189"><ele>1550.1999816894531</ele></trkpt><trkpt lat="46.44100004946813" lon="8.184860785026103"><ele>1546.8999938964844</ele></trkpt><trkpt lat="46.44108018325642" lon="8.184850174933672"><ele>1545.3999938964844</ele></trkpt><trkpt lat="46.44108165754005" lon="8.18489964492619"><ele>1544.5</ele></trkpt><trkpt lat="46.44099994795397" lon="8.185149672441185"><ele>1538.1999816894531</ele></trkpt><trkpt lat="46.44097999623045" lon="8.185310759581625"><ele>1534.5</ele></trkpt><trkpt lat="46.44088043225929" lon="8.18553971964866"><ele>1526.7999877929688</ele></trkpt><trkpt lat="46.44083997933194" lon="8.185671895276755"><ele>1523.2999877929688</ele></trkpt><trkpt lat="46.44081045780331" lon="8.185920037329197"><ele>1517.8999938964844</ele></trkpt><trkpt lat="46.4407201455906" lon="8.186110084410757"><ele>1512.8999938964844</ele></trkpt><trkpt lat="46.44064144091681" lon="8.186449940316379"><ele>1510.6999816894531</ele></trkpt><trkpt lat="46.44055033987388" lon="8.186759695410728"><ele>1512.2999877929688</ele></trkpt><trkpt lat="46.44055147888139" lon="8.186859911307693"><ele>1512.0999755859375</ele></trkpt><trkpt lat="46.44053142378107" lon="8.186899974942207"><ele>1512.0</ele></trkpt><trkpt lat="46.44051996897906" lon="8.18700001668185"><ele>1511.2999877929688</ele></trkpt><trkpt lat="46.440561609342694" lon="8.18737015966326"><ele>1510.7999877929688</ele></trkpt><trkpt lat="46.44046014593914" lon="8.187750038225204"><ele>1504.0</ele></trkpt><trkpt lat="46.44047001283616" lon="8.1878907145001"><ele>1503.8999938964844</ele></trkpt><trkpt lat="46.440490109380335" lon="8.187980781309307"><ele>1503.1999816894531</ele></trkpt><trkpt lat="46.44066146342084" lon="8.188460724428296"><ele>1500.5</ele></trkpt><trkpt lat="46.440749931614846" lon="8.18855043547228"><ele>1499.2999877929688</ele></trkpt><trkpt lat="46.44079161575064" lon="8.188640801236033"><ele>1498.0</ele></trkpt><trkpt lat="46.44089017622173" lon="8.188700722064823"><ele>1495.5</ele></trkpt><trkpt lat="46.440970479510725" lon="8.188800731208175"><ele>1495.2999877929688</ele></trkpt><trkpt lat="46.44116988265887" lon="8.189119706396013"><ele>1493.0</ele></trkpt><trkpt lat="46.441381592769176" lon="8.189209822099656"><ele>1488.7999877929688</ele></trkpt><trkpt lat="46.44143040385097" lon="8.189310698769987"><ele>1488.3999938964844</ele></trkpt><trkpt lat="46.441419864073396" lon="8.189680127892643"><ele>1487.3999938964844</ele></trkpt><trkpt lat="46.44147021556273" lon="8.189820065628737"><ele>1486.0999755859375</ele></trkpt><trkpt lat="46.44159003673121" lon="8.189929733984172"><ele>1484.5</ele></trkpt><trkpt lat="46.44172158930451" lon="8.190169697161764"><ele>1479.8999938964844</ele></trkpt><trkpt lat="46.44180022133514" lon="8.190250167157501"><ele>1478.0999755859375</ele></trkpt><trkpt lat="46.44197039259598" lon="8.19049977697432"><ele>1475.8999938964844</ele></trkpt><trkpt lat="46.442290141712874" lon="8.191119740251452"><ele>1468.1999816894531</ele></trkpt><trkpt lat="46.44241009093821" lon="8.191209894604981"><ele>1466.2999877929688</ele></trkpt><trkpt lat="46.44255989883095" lon="8.191409776452929"><ele>1462.5999755859375</ele></trkpt><trkpt lat="46.44257066724822" lon="8.191413830034435"><ele>1462.5999755859375</ele></trkpt><trkpt lat="46.44257066724822" lon="8.191413830034435"><ele>1462.5999755859375</ele></trkpt><trkpt lat="46.44257066724822" lon="8.191413830034435"><ele>1462.5999755859375</ele></trkpt><trkpt lat="46.44255989883095" lon="8.191409776452929"><ele>1462.5999755859375</ele></trkpt><trkpt lat="46.44275145744905" lon="8.191689621191472"><ele>1460.1999816894531</ele></trkpt><trkpt lat="46.44283008854836" lon="8.1917700949125"><ele>1459.2999877929688</ele></trkpt><trkpt lat="46.44291031174362" lon="8.19188182381913"><ele>1458.3999938964844</ele></trkpt><trkpt lat="46.44299158966169" lon="8.191970142535865"><ele>1457.7999877929688</ele></trkpt><trkpt lat="46.44327993132174" lon="8.192170651629567"><ele>1456.5</ele></trkpt><trkpt lat="46.44337156182155" lon="8.192190143279731"><ele>1457.0999755859375</ele></trkpt><trkpt lat="46.443450461141765" lon="8.19223028048873"><ele>1458.5999755859375</ele></trkpt><trkpt lat="46.44361043069512" lon="8.192389968317002"><ele>1460.2999877929688</ele></trkpt><trkpt lat="46.44397159293294" lon="8.192190666683018"><ele>1450.6999816894531</ele></trkpt><trkpt lat="46.44413008727133" lon="8.192030194215477"><ele>1446.0</ele></trkpt><trkpt lat="46.44424993079156" lon="8.192000624258071"><ele>1444.2999877929688</ele></trkpt><trkpt lat="46.44435025239363" lon="8.191930441185832"><ele>1445.6999816894531</ele></trkpt><trkpt lat="46.444379936903715" lon="8.191930853296071"><ele>1445.7999877929688</ele></trkpt><trkpt lat="46.44448156701401" lon="8.192070211749524"><ele>1446.1999816894531</ele></trkpt><trkpt lat="46.44448147388175" lon="8.192219871096313"><ele>1448.2999877929688</ele></trkpt><trkpt lat="46.44452038826421" lon="8.192320619244128"><ele>1449.7999877929688</ele></trkpt><trkpt lat="46.44451146526262" lon="8.19258077442646"><ele>1453.3999938964844</ele></trkpt><trkpt lat="46.44448148831725" lon="8.192759950645268"><ele>1455.8999938964844</ele></trkpt><trkpt lat="46.444500050041825" lon="8.192809661850333"><ele>1455.8999938964844</ele></trkpt><trkpt lat="46.444620430935174" lon="8.192970105446875"><ele>1455.6999816894531</ele></trkpt><trkpt lat="46.44474997976795" lon="8.193239994812757"><ele>1456.2999877929688</ele></trkpt><trkpt lat="46.44481042213738" lon="8.193350153975189"><ele>1462.0</ele></trkpt><trkpt lat="46.4449104424566" lon="8.193460863549262"><ele>1464.3999938964844</ele></trkpt><trkpt lat="46.44519035844132" lon="8.193710725288838"><ele>1471.3999938964844</ele></trkpt><trkpt lat="46.44528012070805" lon="8.19374060537666"><ele>1472.6999816894531</ele></trkpt><trkpt lat="46.44546018121764" lon="8.193719686474651"><ele>1476.6999816894531</ele></trkpt><trkpt lat="46.445510485209525" lon="8.193730798084289"><ele>1477.3999938964844</ele></trkpt><trkpt lat="46.44556156778708" lon="8.193760140333325"><ele>1477.6999816894531</ele></trkpt><trkpt lat="46.44568161899224" lon="8.193970039021224"><ele>1480.0</ele></trkpt><trkpt lat="46.44578143907711" lon="8.194110681302845"><ele>1481.6999816894531</ele></trkpt><trkpt lat="46.44589039310813" lon="8.194230628199875"><ele>1483.5</ele></trkpt><trkpt lat="46.44602027721703" lon="8.194449776317924"><ele>1484.7999877929688</ele></trkpt><trkpt lat="46.44620995549485" lon="8.194470638874918"><ele>1488.7999877929688</ele></trkpt><trkpt lat="46.44634993374348" lon="8.194659996777773"><ele>1493.5999755859375</ele></trkpt><trkpt lat="46.446480406913906" lon="8.194790658075362"><ele>1496.1999816894531</ele></trkpt><trkpt lat="46.446589956991374" lon="8.194820816162974"><ele>1494.3999938964844</ele></trkpt><trkpt lat="46.44663024507463" lon="8.194850009400398"><ele>1494.0</ele></trkpt><trkpt lat="46.44666145928204" lon="8.194890789221972"><ele>1494.0</ele></trkpt><trkpt lat="46.44669028557837" lon="8.195020034443587"><ele>1494.6999816894531</ele></trkpt><trkpt lat="46.44685048330575" lon="8.19527995493263"><ele>1495.7999877929688</ele></trkpt><trkpt lat="46.446961466223" lon="8.195500147063285"><ele>1496.1999816894531</ele></trkpt><trkpt lat="46.447030200157315" lon="8.195580494124442"><ele>1495.3999938964844</ele></trkpt><trkpt lat="46.447071517352015" lon="8.195590180810541"><ele>1495.3999938964844</ele></trkpt><trkpt lat="46.44710140116513" lon="8.195560664404184"><ele>1496.3999938964844</ele></trkpt><trkpt lat="46.447240114212036" lon="8.195399918593466"><ele>1505.8999938964844</ele></trkpt><trkpt lat="46.4473204407841" lon="8.195360694080591"><ele>1508.3999938964844</ele></trkpt><trkpt lat="46.44737164396793" lon="8.195371820125729"><ele>1509.1999816894531</ele></trkpt><trkpt lat="46.44751991983503" lon="8.19526066025719"><ele>1508.5999755859375</ele></trkpt><trkpt lat="46.44762987783179" lon="8.195229656994343"><ele>1508.0</ele></trkpt><trkpt lat="46.447691444307566" lon="8.195170647464693"><ele>1507.8999938964844</ele></trkpt><trkpt lat="46.44773149956018" lon="8.195099625270814"><ele>1507.8999938964844</ele></trkpt><trkpt lat="46.4478216599673" lon="8.19506964692846"><ele>1508.3999938964844</ele></trkpt><trkpt lat="46.44785024551675" lon="8.195099979173392"><ele>1508.6999816894531</ele></trkpt><trkpt lat="46.44789159530774" lon="8.195239813998342"><ele>1510.3999938964844</ele></trkpt><trkpt lat="46.44790005357936" lon="8.195320623926818"><ele>1512.5999755859375</ele></trkpt><trkpt lat="46.447901658248156" lon="8.195619986858219"><ele>1519.0</ele></trkpt><trkpt lat="46.44795160461217" lon="8.195819810498506"><ele>1524.0999755859375</ele></trkpt><trkpt lat="46.4479701560922" lon="8.19587082695216"><ele>1524.8999938964844</ele></trkpt><trkpt lat="46.44807155104354" lon="8.195909985806793"><ele>1528.1999816894531</ele></trkpt><trkpt lat="46.44823154481128" lon="8.195930439978838"><ele>1531.5999755859375</ele></trkpt><trkpt lat="46.44837158732116" lon="8.195839989930391"><ele>1536.1999816894531</ele></trkpt><trkpt lat="46.44839040795341" lon="8.195850664749742"><ele>1537.0</ele></trkpt><trkpt lat="46.448481540661305" lon="8.196079697459936"><ele>1539.5999755859375</ele></trkpt><trkpt lat="46.448520289268345" lon="8.196069826837629"><ele>1540.0</ele></trkpt><trkpt lat="46.4486801144667" lon="8.196250362787396"><ele>1541.5</ele></trkpt><trkpt lat="46.448781470768154" lon="8.19643008382991"><ele>1543.3999938964844</ele></trkpt><trkpt lat="46.448850334621966" lon="8.196490914560854"><ele>1544.1999816894531</ele></trkpt><trkpt lat="46.449030187912285" lon="8.196770647540689"><ele>1547.7999877929688</ele></trkpt><trkpt lat="46.449239964131266" lon="8.196880302857608"><ele>1551.1999816894531</ele></trkpt><trkpt lat="46.449320460669696" lon="8.196950408164412"><ele>1552.2999877929688</ele></trkpt><trkpt lat="46.449441405013204" lon="8.197160341311246"><ele>1554.8999938964844</ele></trkpt><trkpt lat="46.44949047919363" lon="8.19722089683637"><ele>1555.8999938964844</ele></trkpt><trkpt lat="46.449659906793386" lon="8.197310468181968"><ele>1558.5</ele></trkpt><trkpt lat="46.449740341864526" lon="8.197389684151858"><ele>1559.6999816894531</ele></trkpt><trkpt lat="46.44986993307248" lon="8.197651801630855"><ele>1562.8999938964844</ele></trkpt><trkpt lat="46.4499501073733" lon="8.19777006097138"><ele>1564.0</ele></trkpt><trkpt lat="46.44995815074071" lon="8.197777982801199"><ele>1564.0999755859375</ele></trkpt><trkpt lat="46.44995815074071" lon="8.197777982801199"><ele>1564.0999755859375</ele></trkpt><trkpt lat="46.44995815074071" lon="8.197777982801199"><ele>1564.0999755859375</ele></trkpt><trkpt lat="46.4499501073733" lon="8.19777006097138"><ele>1564.0</ele></trkpt><trkpt lat="46.450030473060906" lon="8.197859689593315"><ele>1565.7999877929688</ele></trkpt><trkpt lat="46.45018017152324" lon="8.19793987646699"><ele>1568.0999755859375</ele></trkpt><trkpt lat="46.45026046736166" lon="8.19803991727531"><ele>1570.5999755859375</ele></trkpt><trkpt lat="46.45034149149433" lon="8.198300057090819"><ele>1572.5</ele></trkpt><trkpt lat="46.45037007611245" lon="8.198330393061042"><ele>1573.2999877929688</ele></trkpt><trkpt lat="46.4505300084129" lon="8.198359964881092"><ele>1575.3999938964844</ele></trkpt><trkpt lat="46.450709959026426" lon="8.198490036651492"><ele>1577.7999877929688</ele></trkpt><trkpt lat="46.45074141025543" lon="8.198629742488265"><ele>1579.1999816894531</ele></trkpt><trkpt lat="46.45076158782467" lon="8.198840875644237"><ele>1581.2999877929688</ele></trkpt><trkpt lat="46.45088142948225" lon="8.199080738704652"><ele>1584.2999877929688</ele></trkpt><trkpt lat="46.45085007091984" lon="8.199330195784569"><ele>1580.0999755859375</ele></trkpt><trkpt lat="46.45085022924468" lon="8.199440828990191"><ele>1578.5999755859375</ele></trkpt><trkpt lat="46.45087031647563" lon="8.199530917685479"><ele>1578.3999938964844</ele></trkpt><trkpt lat="46.450889974832535" lon="8.199550716672093"><ele>1578.3999938964844</ele></trkpt><trkpt lat="46.451190137304366" lon="8.199730636551976"><ele>1580.2999877929688</ele></trkpt><trkpt lat="46.451261539477855" lon="8.199680877383798"><ele>1579.8999938964844</ele></trkpt><trkpt lat="46.45145992236212" lon="8.199610773008317"><ele>1579.7999877929688</ele></trkpt><trkpt lat="46.45154157793149" lon="8.1996418540366"><ele>1579.7999877929688</ele></trkpt><trkpt lat="46.45159162860364" lon="8.199690714012831"><ele>1579.7999877929688</ele></trkpt><trkpt lat="46.45169008569792" lon="8.199630921706557"><ele>1579.2999877929688</ele></trkpt><trkpt lat="46.45183042855933" lon="8.199630287010223"><ele>1579.1999816894531</ele></trkpt><trkpt lat="46.45189043460414" lon="8.199670175556093"><ele>1579.0999755859375</ele></trkpt><trkpt lat="46.4519614353776" lon="8.199680282734334"><ele>1578.7999877929688</ele></trkpt><trkpt lat="46.45221045333892" lon="8.199571839999408"><ele>1580.3999938964844</ele></trkpt><trkpt lat="46.452481547836214" lon="8.199390817433596"><ele>1582.0999755859375</ele></trkpt><trkpt lat="46.452690463047475" lon="8.19935990544036"><ele>1581.5</ele></trkpt><trkpt lat="46.45279154041782" lon="8.199311862234026"><ele>1581.7999877929688</ele></trkpt><trkpt lat="46.45288164913654" lon="8.19928969675675"><ele>1581.0999755859375</ele></trkpt><trkpt lat="46.45290039945394" lon="8.199310785159469"><ele>1580.1999816894531</ele></trkpt><trkpt lat="46.45288020884618" lon="8.199370374903083"><ele>1578.0999755859375</ele></trkpt><trkpt lat="46.45292145572603" lon="8.199390477035195"><ele>1577.0</ele></trkpt><trkpt lat="46.45294161280617" lon="8.199470157269388"><ele>1577.3999938964844</ele></trkpt><trkpt lat="46.45293027814478" lon="8.19955069757998"><ele>1578.6999816894531</ele></trkpt><trkpt lat="46.4528702669777" lon="8.199780239257962"><ele>1583.5</ele></trkpt><trkpt lat="46.4529800596647" lon="8.199639905709773"><ele>1585.1999816894531</ele></trkpt><trkpt lat="46.45309045398608" lon="8.199409769382328"><ele>1586.7999877929688</ele></trkpt><trkpt lat="46.45310150971636" lon="8.19937087642029"><ele>1586.7999877929688</ele></trkpt><trkpt lat="46.45309157855809" lon="8.199241878464818"><ele>1587.0</ele></trkpt><trkpt lat="46.45312041416764" lon="8.199100408703089"><ele>1588.6999816894531</ele></trkpt><trkpt lat="46.45316040283069" lon="8.199039794038981"><ele>1590.0999755859375</ele></trkpt><trkpt lat="46.4531715977937" lon="8.198980077169836"><ele>1590.6999816894531</ele></trkpt><trkpt lat="46.453241671901196" lon="8.198860010597855"><ele>1594.0</ele></trkpt><trkpt lat="46.45328012295067" lon="8.19876032602042"><ele>1595.8999938964844</ele></trkpt><trkpt lat="46.453311475459486" lon="8.198780289851129"><ele>1597.3999938964844</ele></trkpt><trkpt lat="46.453410473652184" lon="8.198639802169055"><ele>1602.8999938964844</ele></trkpt><trkpt lat="46.453519996255636" lon="8.198539811652154"><ele>1608.7999877929688</ele></trkpt><trkpt lat="46.45354158477858" lon="8.19854011433199"><ele>1609.5999755859375</ele></trkpt><trkpt lat="46.45353032043204" lon="8.198610243853182"><ele>1611.2999877929688</ele></trkpt><trkpt lat="46.453629948198795" lon="8.198510114569217"><ele>1615.7999877929688</ele></trkpt><trkpt lat="46.45366150140762" lon="8.198500143829733"><ele>1617.6999816894531</ele></trkpt><trkpt lat="46.45372044062242" lon="8.198430682066828"><ele>1619.2999877929688</ele></trkpt><trkpt lat="46.453890370205045" lon="8.198310710955411"><ele>1626.1999816894531</ele></trkpt><trkpt lat="46.45395034831017" lon="8.198220437392592"><ele>1628.5</ele></trkpt><trkpt lat="46.45398993603885" lon="8.198219690471888"><ele>1629.6999816894531</ele></trkpt><trkpt lat="46.45401048613712" lon="8.198240804485977"><ele>1630.7999877929688</ele></trkpt><trkpt lat="46.454031473957" lon="8.198330910410732"><ele>1632.8999938964844</ele></trkpt><trkpt lat="46.45406026765704" lon="8.19833001261577"><ele>1634.5</ele></trkpt><trkpt lat="46.454120175912976" lon="8.198250150773674"><ele>1635.7999877929688</ele></trkpt><trkpt lat="46.45426035346463" lon="8.197870736941695"><ele>1641.1999816894531</ele></trkpt><trkpt lat="46.454319931101054" lon="8.197840332053602"><ele>1643.8999938964844</ele></trkpt><trkpt lat="46.454381668008864" lon="8.197890658397228"><ele>1645.1999816894531</ele></trkpt><trkpt lat="46.45440992200747" lon="8.19797045364976"><ele>1646.5999755859375</ele></trkpt><trkpt lat="46.454401426017284" lon="8.198030209634453"><ele>1647.0</ele></trkpt><trkpt lat="46.45433012396097" lon="8.198199725709856"><ele>1650.0999755859375</ele></trkpt><trkpt lat="46.45434154616669" lon="8.198509674984962"><ele>1656.6999816894531</ele></trkpt><trkpt lat="46.45428015757352" lon="8.198810793925077"><ele>1659.6999816894531</ele></trkpt><trkpt lat="46.45427165739238" lon="8.199139987584203"><ele>1662.3999938964844</ele></trkpt><trkpt lat="46.45418014889583" lon="8.19963983213529"><ele>1667.6999816894531</ele></trkpt><trkpt lat="46.454180161468685" lon="8.200040733907372"><ele>1671.0</ele></trkpt><trkpt lat="46.45421008206904" lon="8.200140077620745"><ele>1671.0999755859375</ele></trkpt><trkpt lat="46.45438025845215" lon="8.20025180419907"><ele>1675.5</ele></trkpt><trkpt lat="46.454539998434484" lon="8.20031001791358"><ele>1679.8999938964844</ele></trkpt><trkpt lat="46.45466027315706" lon="8.2003507562913"><ele>1683.0</ele></trkpt><trkpt lat="46.45494994474575" lon="8.20035091880709"><ele>1684.7999877929688</ele></trkpt><trkpt lat="46.45507015893236" lon="8.200400768779218"><ele>1691.0</ele></trkpt><trkpt lat="46.45515142194927" lon="8.200490422546864"><ele>1694.0</ele></trkpt><trkpt lat="46.45536158699542" lon="8.200809676665813"><ele>1694.5999755859375</ele></trkpt><trkpt lat="46.455540109891444" lon="8.201151917688549"><ele>1693.2999877929688</ele></trkpt><trkpt lat="46.45565030537546" lon="8.20121985161677"><ele>1692.6999816894531</ele></trkpt><trkpt lat="46.45582027640194" lon="8.2016296624206"><ele>1690.1999816894531</ele></trkpt><trkpt lat="46.45602143416181" lon="8.20195009931922"><ele>1690.0</ele></trkpt><trkpt lat="46.45617149490863" lon="8.202109713573009"><ele>1691.0999755859375</ele></trkpt><trkpt lat="46.45636049751192" lon="8.202230826485902"><ele>1691.5</ele></trkpt><trkpt lat="46.45648157224059" lon="8.202419973444194"><ele>1692.6999816894531</ele></trkpt><trkpt lat="46.456551402341574" lon="8.202470420859754"><ele>1693.5999755859375</ele></trkpt><trkpt lat="46.456660215742886" lon="8.202609932050109"><ele>1694.7999877929688</ele></trkpt><trkpt lat="46.4567002216354" lon="8.202680786605924"><ele>1695.2999877929688</ele></trkpt><trkpt lat="46.4569300673902" lon="8.202881881967187"><ele>1697.5999755859375</ele></trkpt><trkpt lat="46.45733045460656" lon="8.203140054363757"><ele>1704.5999755859375</ele></trkpt><trkpt lat="46.45744000375271" lon="8.203170235734433"><ele>1706.0</ele></trkpt><trkpt lat="46.45770044159144" lon="8.203370465897024"><ele>1711.0</ele></trkpt><trkpt lat="46.45778150064871" lon="8.20349006447941"><ele>1711.6999816894531</ele></trkpt><trkpt lat="46.457970309536904" lon="8.20363982161507"><ele>1715.5999755859375</ele></trkpt><trkpt lat="46.45815148670226" lon="8.203720480203629"><ele>1718.1999816894531</ele></trkpt><trkpt lat="46.45827023265883" lon="8.203720853663981"><ele>1719.5</ele></trkpt><trkpt lat="46.458460164256394" lon="8.203970861621201"><ele>1720.2999877929688</ele></trkpt><trkpt lat="46.458589936606586" lon="8.204070322215557"><ele>1720.0</ele></trkpt><trkpt lat="46.458739994093776" lon="8.204229949973524"><ele>1719.1999816894531</ele></trkpt><trkpt lat="46.45881015667692" lon="8.20423093996942"><ele>1718.1999816894531</ele></trkpt><trkpt lat="46.4589916523546" lon="8.204130663536489"><ele>1716.0999755859375</ele></trkpt><trkpt lat="46.459150257054716" lon="8.204089943319559"><ele>1713.6999816894531</ele></trkpt><trkpt lat="46.459239922929555" lon="8.204000086057931"><ele>1711.7999877929688</ele></trkpt><trkpt lat="46.459271397441626" lon="8.204001831822097"><ele>1711.2999877929688</ele></trkpt><trkpt lat="46.459273169748485" lon="8.204005762003362"><ele>1711.2999877929688</ele></trkpt><trkpt lat="46.459273169748485" lon="8.204005762003362"><ele>1711.2999877929688</ele></trkpt><trkpt lat="46.459273169748485" lon="8.204005762003362"><ele>1711.2999877929688</ele></trkpt><trkpt lat="46.459271397441626" lon="8.204001831822097"><ele>1711.2999877929688</ele></trkpt><trkpt lat="46.459371401462704" lon="8.20397981069982"><ele>1710.1999816894531</ele></trkpt><trkpt lat="46.459621439222246" lon="8.203720382414758"><ele>1705.5999755859375</ele></trkpt><trkpt lat="46.45983158797026" lon="8.203640033490956"><ele>1703.1999816894531</ele></trkpt><trkpt lat="46.4601215464063" lon="8.20333039574325"><ele>1702.3999938964844</ele></trkpt><trkpt lat="46.46029004547745" lon="8.20328981243074"><ele>1702.2999877929688</ele></trkpt><trkpt lat="46.460430355742574" lon="8.203160310629755"><ele>1701.6999816894531</ele></trkpt><trkpt lat="46.460690380539745" lon="8.203020778484643"><ele>1698.5999755859375</ele></trkpt><trkpt lat="46.46087037259713" lon="8.203010297380388"><ele>1701.1999816894531</ele></trkpt><trkpt lat="46.46113149775192" lon="8.202840837650001"><ele>1697.8999938964844</ele></trkpt><trkpt lat="46.461521497927606" lon="8.20277082780376"><ele>1698.2999877929688</ele></trkpt><trkpt lat="46.461620167363435" lon="8.202679789625108"><ele>1700.0999755859375</ele></trkpt><trkpt lat="46.46168147493154" lon="8.202659824397415"><ele>1700.8999938964844</ele></trkpt><trkpt lat="46.4617900303565" lon="8.202570226974785"><ele>1702.6999816894531</ele></trkpt><trkpt lat="46.46203044336289" lon="8.202270290348679"><ele>1706.8999938964844</ele></trkpt><trkpt lat="46.462119977455586" lon="8.202199950814247"><ele>1708.1999816894531</ele></trkpt><trkpt lat="46.462491620332" lon="8.202050264459103"><ele>1706.5</ele></trkpt><trkpt lat="46.462661646772176" lon="8.202050053980201"><ele>1705.6999816894531</ele></trkpt><trkpt lat="46.462791457306594" lon="8.202010221779346"><ele>1705.0</ele></trkpt><trkpt lat="46.46292163338512" lon="8.202049806714058"><ele>1702.5999755859375</ele></trkpt><trkpt lat="46.46314036520198" lon="8.202030753716826"><ele>1701.7999877929688</ele></trkpt><trkpt lat="46.463390006218106" lon="8.201829877216369"><ele>1703.0</ele></trkpt><trkpt lat="46.463551570195705" lon="8.201750133186579"><ele>1700.0</ele></trkpt><trkpt lat="46.463660350535065" lon="8.201760776340961"><ele>1698.0</ele></trkpt><trkpt lat="46.46386169223115" lon="8.201919831335545"><ele>1693.2999877929688</ele></trkpt><trkpt lat="46.464110070839524" lon="8.202040493953973"><ele>1688.7999877929688</ele></trkpt><trkpt lat="46.46417993307114" lon="8.202219832222909"><ele>1683.6999816894531</ele></trkpt><trkpt lat="46.46416167123243" lon="8.202259933110327"><ele>1683.1999816894531</ele></trkpt><trkpt lat="46.4641400128603" lon="8.202270043082535"><ele>1682.6999816894531</ele></trkpt><trkpt lat="46.4642203040421" lon="8.202370115090162"><ele>1680.3999938964844</ele></trkpt><trkpt lat="46.46435166615993" lon="8.202500849496573"><ele>1677.0</ele></trkpt><trkpt lat="46.46440017875284" lon="8.202510645613074"><ele>1676.5999755859375</ele></trkpt><trkpt lat="46.46448148600757" lon="8.20245971577242"><ele>1677.7999877929688</ele></trkpt><trkpt lat="46.464551587123424" lon="8.202469816431403"><ele>1677.7999877929688</ele></trkpt><trkpt lat="46.46460030134767" lon="8.202449672389776"><ele>1678.2999877929688</ele></trkpt><trkpt lat="46.46479017054662" lon="8.202441931702197"><ele>1681.8999938964844</ele></trkpt><trkpt lat="46.46489150123671" lon="8.202490226365626"><ele>1682.5999755859375</ele></trkpt><trkpt lat="46.46492991829291" lon="8.202529824338853"><ele>1683.0</ele></trkpt><trkpt lat="46.46512029226869" lon="8.202580675017089"><ele>1682.3999938964844</ele></trkpt><trkpt lat="46.465160437859595" lon="8.202630712650716"><ele>1682.3999938964844</ele></trkpt><trkpt lat="46.465139974374324" lon="8.202730669640005"><ele>1681.1999816894531</ele></trkpt><trkpt lat="46.465029914397746" lon="8.202910081483424"><ele>1678.2999877929688</ele></trkpt><trkpt lat="46.46494027227163" lon="8.203130138572305"><ele>1676.0</ele></trkpt><trkpt lat="46.46480024745688" lon="8.20335078658536"><ele>1674.5999755859375</ele></trkpt><trkpt lat="46.46473150374368" lon="8.203539892099798"><ele>1672.8999938964844</ele></trkpt><trkpt lat="46.46460038004443" lon="8.203640890773386"><ele>1669.6999816894531</ele></trkpt><trkpt lat="46.464471406303346" lon="8.203689844347537"><ele>1664.8999938964844</ele></trkpt><trkpt lat="46.46444151131436" lon="8.203720667399466"><ele>1664.0999755859375</ele></trkpt><trkpt lat="46.464281503111124" lon="8.20396967139095"><ele>1662.7999877929688</ele></trkpt><trkpt lat="46.4642701651901" lon="8.204050227068365"><ele>1662.7999877929688</ele></trkpt><trkpt lat="46.46419026190415" lon="8.204159758519381"><ele>1661.5999755859375</ele></trkpt><trkpt lat="46.46400001645088" lon="8.204490351025015"><ele>1663.5</ele></trkpt><trkpt lat="46.46392045961693" lon="8.204681903589517"><ele>1665.3999938964844</ele></trkpt><trkpt lat="46.46385156037286" lon="8.204760343767703"><ele>1664.5</ele></trkpt><trkpt lat="46.46351989870891" lon="8.205250363331288"><ele>1664.5999755859375</ele></trkpt><trkpt lat="46.46327165514231" lon="8.20550982793793"><ele>1663.8999938964844</ele></trkpt><trkpt lat="46.463200201746076" lon="8.205700189806521"><ele>1668.0</ele></trkpt><trkpt lat="46.463100366760045" lon="8.205830263905227"><ele>1668.3999938964844</ele></trkpt><trkpt lat="46.4629202215001" lon="8.206129742320627"><ele>1667.2999877929688</ele></trkpt><trkpt lat="46.4628316052258" lon="8.20633027330041"><ele>1667.8999938964844</ele></trkpt><trkpt lat="46.46281163301319" lon="8.206490116659552"><ele>1669.0</ele></trkpt><trkpt lat="46.462711515370756" lon="8.206661842763424"><ele>1667.7999877929688</ele></trkpt><trkpt lat="46.46263163769618" lon="8.206900249235332"><ele>1669.5</ele></trkpt><trkpt lat="46.462551661301404" lon="8.207020186819136"><ele>1669.2999877929688</ele></trkpt><trkpt lat="46.46247029071674" lon="8.207080219872296"><ele>1668.0</ele></trkpt><trkpt lat="46.46245015785098" lon="8.207130705937743"><ele>1667.8999938964844</ele></trkpt><trkpt lat="46.46245044097304" lon="8.207221837714314"><ele>1668.5</ele></trkpt><trkpt lat="46.462270793970674" lon="8.207579896319658"><ele>1662.7999877929688</ele></trkpt><trkpt lat="46.46207998180762" lon="8.207859685178846"><ele>1658.8999938964844</ele></trkpt><trkpt lat="46.46193144656718" lon="8.208140072412789"><ele>1656.6999816894531</ele></trkpt><trkpt lat="46.46193948062137" lon="8.208149299025536"><ele>1656.6999816894531</ele></trkpt><trkpt lat="46.46193948062137" lon="8.208149299025536"><ele>1656.6999816894531</ele></trkpt><trkpt lat="46.46193948062137" lon="8.208149299025536"><ele>1656.6999816894531</ele></trkpt><trkpt lat="46.46193144656718" lon="8.208140072412789"><ele>1656.6999816894531</ele></trkpt><trkpt lat="46.4618500219658" lon="8.208340697921813"><ele>1654.3999938964844</ele></trkpt><trkpt lat="46.46174156712368" lon="8.208680233452469"><ele>1654.0</ele></trkpt><trkpt lat="46.4617399959825" lon="8.208911933470517"><ele>1653.5</ele></trkpt><trkpt lat="46.4617614611052" lon="8.208930463530123"><ele>1654.0999755859375</ele></trkpt><trkpt lat="46.46183014055714" lon="8.209150143899024"><ele>1656.0</ele></trkpt><trkpt lat="46.46184044936672" lon="8.209221889730543"><ele>1655.8999938964844</ele></trkpt><trkpt lat="46.461820278316736" lon="8.20941036567092"><ele>1653.0999755859375</ele></trkpt><trkpt lat="46.46180021483451" lon="8.209450436756015"><ele>1652.5999755859375</ele></trkpt><trkpt lat="46.4617714304477" lon="8.209450027905405"><ele>1652.5999755859375</ele></trkpt><trkpt lat="46.46179026551545" lon="8.209590890910476"><ele>1650.8999938964844</ele></trkpt><trkpt lat="46.46197146223858" lon="8.209800454322249"><ele>1647.7999877929688</ele></trkpt><trkpt lat="46.46203998243436" lon="8.209910781122744"><ele>1647.0</ele></trkpt><trkpt lat="46.46208160324022" lon="8.210140492767096"><ele>1645.1999816894531</ele></trkpt><trkpt lat="46.46217157877982" lon="8.210270652547479"><ele>1643.6999816894531</ele></trkpt><trkpt lat="46.462191657628864" lon="8.21036076406017"><ele>1642.8999938964844</ele></trkpt><trkpt lat="46.46218032389879" lon="8.210440013557673"><ele>1642.5999755859375</ele></trkpt><trkpt lat="46.46206001192331" lon="8.210670024622232"><ele>1638.3999938964844</ele></trkpt><trkpt lat="46.46188992308453" lon="8.211340641137213"><ele>1631.1999816894531</ele></trkpt><trkpt lat="46.461830785963684" lon="8.211570219136775"><ele>1629.0</ele></trkpt><trkpt lat="46.46180989313871" lon="8.211599863134325"><ele>1629.0</ele></trkpt><trkpt lat="46.46175151411444" lon="8.211850280873477"><ele>1630.5999755859375</ele></trkpt><trkpt lat="46.46173156099394" lon="8.212270481977612"><ele>1633.1999816894531</ele></trkpt><trkpt lat="46.461821569129825" lon="8.212659706361592"><ele>1636.0999755859375</ele></trkpt><trkpt lat="46.46186038060114" lon="8.213300753384829"><ele>1639.6999816894531</ele></trkpt><trkpt lat="46.46177043998614" lon="8.213429649360478"><ele>1634.8999938964844</ele></trkpt><trkpt lat="46.46175009943545" lon="8.213510070927441"><ele>1632.1999816894531</ele></trkpt><trkpt lat="46.461741412524134" lon="8.213860133197159"><ele>1627.8999938964844</ele></trkpt><trkpt lat="46.46179145621136" lon="8.214830696582794"><ele>1611.3999938964844</ele></trkpt><trkpt lat="46.461770438123494" lon="8.215010045096278"><ele>1606.1999816894531</ele></trkpt><trkpt lat="46.46210154471919" lon="8.215660487767309"><ele>1610.3999938964844</ele></trkpt><trkpt lat="46.462106932885945" lon="8.21566186659038"><ele>1610.3999938964844</ele></trkpt><trkpt lat="46.462106932885945" lon="8.21566186659038"><ele>1610.3999938964844</ele></trkpt><trkpt lat="46.462106932885945" lon="8.21566186659038"><ele>1610.3999938964844</ele></trkpt><trkpt lat="46.46210154471919" lon="8.215660487767309"><ele>1610.3999938964844</ele></trkpt><trkpt lat="46.46269029984251" lon="8.216651808470488"><ele>1619.3999938964844</ele></trkpt><trkpt lat="46.462750237900764" lon="8.216700836550444"><ele>1620.6999816894531</ele></trkpt><trkpt lat="46.462869954295456" lon="8.216690837405622"><ele>1622.3999938964844</ele></trkpt><trkpt lat="46.46289140917361" lon="8.216710672713816"><ele>1623.0</ele></trkpt><trkpt lat="46.46294029103592" lon="8.21706026699394"><ele>1619.5999755859375</ele></trkpt><trkpt lat="46.46310147130862" lon="8.217300818301737"><ele>1622.6999816894531</ele></trkpt><trkpt lat="46.46320008859038" lon="8.217350402381271"><ele>1623.1999816894531</ele></trkpt><trkpt lat="46.46329019870609" lon="8.217459748964757"><ele>1621.7999877929688</ele></trkpt><trkpt lat="46.46333150519058" lon="8.217470757197589"><ele>1622.0999755859375</ele></trkpt><trkpt lat="46.4635899704881" lon="8.217430205550045"><ele>1624.7999877929688</ele></trkpt><trkpt lat="46.46365993656218" lon="8.21745985141024"><ele>1624.8999938964844</ele></trkpt><trkpt lat="46.46371162682772" lon="8.217530894093215"><ele>1625.0999755859375</ele></trkpt><trkpt lat="46.46370991365984" lon="8.217780827078968"><ele>1629.2999877929688</ele></trkpt><trkpt lat="46.46375047927722" lon="8.217899879440665"><ele>1632.0999755859375</ele></trkpt><trkpt lat="46.46379047539085" lon="8.217970754485577"><ele>1631.0</ele></trkpt><trkpt lat="46.4639015509747" lon="8.218040047679096"><ele>1631.7999877929688</ele></trkpt><trkpt lat="46.46392016438767" lon="8.218080672901124"><ele>1633.0999755859375</ele></trkpt><trkpt lat="46.46399008575827" lon="8.218509991653264"><ele>1633.5999755859375</ele></trkpt><trkpt lat="46.464071680326015" lon="8.218680408317596"><ele>1636.8999938964844</ele></trkpt><trkpt lat="46.464100402314216" lon="8.218689934816211"><ele>1637.0</ele></trkpt><trkpt lat="46.464191467966884" lon="8.218659999780357"><ele>1638.1999816894531</ele></trkpt><trkpt lat="46.464390208013356" lon="8.218670669011772"><ele>1639.0999755859375</ele></trkpt><trkpt lat="46.46446999721229" lon="8.218710872810334"><ele>1640.0</ele></trkpt><trkpt lat="46.464559972751886" lon="8.218839752022177"><ele>1643.2999877929688</ele></trkpt><trkpt lat="46.46460031764582" lon="8.218859860673547"><ele>1645.5999755859375</ele></trkpt><trkpt lat="46.46468148799613" lon="8.218829782679677"><ele>1642.3999938964844</ele></trkpt><trkpt lat="46.4647600883618" lon="8.218649950809777"><ele>1638.0</ele></trkpt><trkpt lat="46.46486034244299" lon="8.218329825438559"><ele>1633.7999877929688</ele></trkpt><trkpt lat="46.46495034964755" lon="8.218191816471517"><ele>1629.6999816894531</ele></trkpt><trkpt lat="46.46504031261429" lon="8.218060316052288"><ele>1627.0</ele></trkpt><trkpt lat="46.46512155467644" lon="8.218019822612405"><ele>1625.2999877929688</ele></trkpt><trkpt lat="46.46518002310768" lon="8.218020662665367"><ele>1624.2999877929688</ele></trkpt><trkpt lat="46.46527033811435" lon="8.218100073747337"><ele>1621.5</ele></trkpt><trkpt lat="46.46535019855946" lon="8.21812986349687"><ele>1621.7999877929688</ele></trkpt><trkpt lat="46.465510393027216" lon="8.218120448756963"><ele>1621.5999755859375</ele></trkpt><trkpt lat="46.465580004267395" lon="8.218070674687624"><ele>1621.3999938964844</ele></trkpt><trkpt lat="46.46564995776862" lon="8.217839940916747"><ele>1622.8999938964844</ele></trkpt><trkpt lat="46.46574011724442" lon="8.21767979953438"><ele>1623.7999877929688</ele></trkpt><trkpt lat="46.46581149706617" lon="8.217240779660642"><ele>1624.0</ele></trkpt><trkpt lat="46.465880351141095" lon="8.217170162592083"><ele>1623.3999938964844</ele></trkpt><trkpt lat="46.46592000126839" lon="8.217160316649824"><ele>1623.3999938964844</ele></trkpt><trkpt lat="46.46606019185856" lon="8.217181857209653"><ele>1622.2999877929688</ele></trkpt><trkpt lat="46.46620152145624" lon="8.217299756594002"><ele>1620.5999755859375</ele></trkpt><trkpt lat="46.4663099613972" lon="8.217359900008887"><ele>1621.3999938964844</ele></trkpt><trkpt lat="46.46645147167146" lon="8.217320270370692"><ele>1622.0</ele></trkpt><trkpt lat="46.46654046187177" lon="8.217330661602318"><ele>1624.0999755859375</ele></trkpt><trkpt lat="46.46678994037211" lon="8.217420172411948"><ele>1631.5</ele></trkpt><trkpt lat="46.46679166145623" lon="8.217300419695675"><ele>1634.2999877929688</ele></trkpt><trkpt lat="46.46678993385285" lon="8.217289979569614"><ele>1634.7999877929688</ele></trkpt><trkpt lat="46.466890001669526" lon="8.217390363570303"><ele>1636.5</ele></trkpt><trkpt lat="46.46693006949499" lon="8.217450827825814"><ele>1636.8999938964844</ele></trkpt><trkpt lat="46.46701159561053" lon="8.217500170692801"><ele>1638.6999816894531</ele></trkpt><trkpt lat="46.46704045217484" lon="8.217490169685334"><ele>1639.5</ele></trkpt><trkpt lat="46.46707152435556" lon="8.21755050495267"><ele>1639.8999938964844</ele></trkpt><trkpt lat="46.46713165845722" lon="8.217570898123085"><ele>1640.5999755859375</ele></trkpt><trkpt lat="46.467140385881066" lon="8.217610081657767"><ele>1640.6999816894531</ele></trkpt><trkpt lat="46.46724154939875" lon="8.21768183959648"><ele>1641.6999816894531</ele></trkpt><trkpt lat="46.46741034742445" lon="8.217729833442718"><ele>1647.0999755859375</ele></trkpt><trkpt lat="46.46749160345644" lon="8.217949728947133"><ele>1651.1999816894531</ele></trkpt><trkpt lat="46.46751049999148" lon="8.218080195598304"><ele>1651.0999755859375</ele></trkpt><trkpt lat="46.467510166577995" lon="8.218259860295802"><ele>1652.1999816894531</ele></trkpt><trkpt lat="46.46754020545632" lon="8.218339710962027"><ele>1653.2999877929688</ele></trkpt><trkpt lat="46.46759023889899" lon="8.218389904592186"><ele>1653.7999877929688</ele></trkpt><trkpt lat="46.46773043880239" lon="8.218410147819668"><ele>1653.7999877929688</ele></trkpt><trkpt lat="46.46788143878803" lon="8.218560742214322"><ele>1654.7999877929688</ele></trkpt><trkpt lat="46.467911682557315" lon="8.218610651791096"><ele>1655.5</ele></trkpt><trkpt lat="46.46792041603476" lon="8.218780033290386"><ele>1659.3999938964844</ele></trkpt><trkpt lat="46.46793992817402" lon="8.218820674810559"><ele>1659.7999877929688</ele></trkpt><trkpt lat="46.46804165095091" lon="8.218941919039935"><ele>1662.0</ele></trkpt><trkpt lat="46.468101650476456" lon="8.218981841113418"><ele>1662.2999877929688</ele></trkpt><trkpt lat="46.46820145752281" lon="8.21911998372525"><ele>1663.1999816894531</ele></trkpt><trkpt lat="46.46830989792943" lon="8.219441829714924"><ele>1665.5999755859375</ele></trkpt><trkpt lat="46.468310188967735" lon="8.219530367758125"><ele>1665.8999938964844</ele></trkpt><trkpt lat="46.46833045780659" lon="8.219591852743179"><ele>1667.7999877929688</ele></trkpt><trkpt lat="46.468320093583316" lon="8.219790905248374"><ele>1669.7999877929688</ele></trkpt><trkpt lat="46.46828992618248" lon="8.219860777258873"><ele>1671.1999816894531</ele></trkpt><trkpt lat="46.468231667764485" lon="8.219960189890116"><ele>1671.6999816894531</ele></trkpt><trkpt lat="46.46820011315867" lon="8.220231846906245"><ele>1675.7999877929688</ele></trkpt><trkpt lat="46.46813155664131" lon="8.220389699097723"><ele>1677.1999816894531</ele></trkpt><trkpt lat="46.468160416930914" lon="8.220509896520525"><ele>1679.2999877929688</ele></trkpt><trkpt lat="46.46816308842972" lon="8.220513840671629"><ele>1679.2999877929688</ele></trkpt><trkpt lat="46.46816308842972" lon="8.220513840671629"><ele>1679.2999877929688</ele></trkpt><trkpt lat="46.46816308842972" lon="8.220513840671629"><ele>1679.2999877929688</ele></trkpt><trkpt lat="46.468160416930914" lon="8.220509896520525"><ele>1679.2999877929688</ele></trkpt><trkpt lat="46.468201582785696" lon="8.220671934075654"><ele>1679.5999755859375</ele></trkpt><trkpt lat="46.46819164138287" lon="8.220939996186644"><ele>1681.1999816894531</ele></trkpt><trkpt lat="46.46809158846736" lon="8.221360390540212"><ele>1685.0</ele></trkpt><trkpt lat="46.467890438623726" lon="8.22183009982109"><ele>1690.1999816894531</ele></trkpt><trkpt lat="46.467890026047826" lon="8.2218899843283"><ele>1691.5</ele></trkpt><trkpt lat="46.46795009961352" lon="8.222179887350649"><ele>1690.5999755859375</ele></trkpt><trkpt lat="46.467991491779685" lon="8.222569773439318"><ele>1697.5999755859375</ele></trkpt><trkpt lat="46.468031484633684" lon="8.222640657331795"><ele>1696.6999816894531</ele></trkpt><trkpt lat="46.46838157996535" lon="8.223010271321982"><ele>1700.0999755859375</ele></trkpt><trkpt lat="46.468930484261364" lon="8.223770757671446"><ele>1700.3999938964844</ele></trkpt><trkpt lat="46.46906169690192" lon="8.2239197823219"><ele>1702.0</ele></trkpt><trkpt lat="46.469340157695115" lon="8.224370399024338"><ele>1701.2999877929688</ele></trkpt><trkpt lat="46.46972166467458" lon="8.224879801739007"><ele>1700.5999755859375</ele></trkpt><trkpt lat="46.47026003524661" lon="8.225470911245793"><ele>1701.0999755859375</ele></trkpt><trkpt lat="46.47059012344107" lon="8.225870214402676"><ele>1701.0</ele></trkpt><trkpt lat="46.47095141746104" lon="8.226180135272443"><ele>1704.5</ele></trkpt><trkpt lat="46.47121998202056" lon="8.226370227523148"><ele>1706.5999755859375</ele></trkpt><trkpt lat="46.47130163991824" lon="8.226400059182197"><ele>1708.0</ele></trkpt><trkpt lat="46.471491592004895" lon="8.226380684413016"><ele>1712.5</ele></trkpt><trkpt lat="46.47160017164424" lon="8.2264200206846"><ele>1711.0999755859375</ele></trkpt><trkpt lat="46.471970323007554" lon="8.226360293570906"><ele>1705.5</ele></trkpt><trkpt lat="46.47215079469606" lon="8.226280884817243"><ele>1702.5</ele></trkpt><trkpt lat="46.47244995040819" lon="8.226080803666264"><ele>1697.5999755859375</ele></trkpt><trkpt lat="46.47255991678685" lon="8.226049848366529"><ele>1696.2999877929688</ele></trkpt><trkpt lat="46.47274149954319" lon="8.225810299161822"><ele>1702.6999816894531</ele></trkpt><trkpt lat="46.47314016520977" lon="8.225400721654296"><ele>1710.8999938964844</ele></trkpt><trkpt lat="46.473250332754105" lon="8.225210913456976"><ele>1714.5</ele></trkpt><trkpt lat="46.47343157092109" lon="8.225020832847804"><ele>1718.0</ele></trkpt><trkpt lat="46.47354028979316" lon="8.224780219607055"><ele>1721.7999877929688</ele></trkpt><trkpt lat="46.47360997647047" lon="8.224720031488687"><ele>1723.1999816894531</ele></trkpt><trkpt lat="46.47380027966574" lon="8.224649872630835"><ele>1726.0999755859375</ele></trkpt><trkpt lat="46.47387010091916" lon="8.224570154678077"><ele>1728.1999816894531</ele></trkpt><trkpt lat="46.47390013653785" lon="8.224519807845354"><ele>1728.3999938964844</ele></trkpt><trkpt lat="46.47396158427" lon="8.224350122734904"><ele>1730.5</ele></trkpt><trkpt lat="46.47411154350266" lon="8.224259845912457"><ele>1731.8999938964844</ele></trkpt><trkpt lat="46.47427021199837" lon="8.223950940184295"><ele>1739.3999938964844</ele></trkpt><trkpt lat="46.474390280433" lon="8.22389017790556"><ele>1741.8999938964844</ele></trkpt><trkpt lat="46.47446030797437" lon="8.22391072427854"><ele>1744.0999755859375</ele></trkpt><trkpt lat="46.4745703288354" lon="8.223871951922774"><ele>1747.5999755859375</ele></trkpt><trkpt lat="46.4748199461028" lon="8.223680248484015"><ele>1753.5</ele></trkpt><trkpt lat="46.47497149789706" lon="8.223489727824926"><ele>1759.0</ele></trkpt><trkpt lat="46.475220187567174" lon="8.22330191358924"><ele>1762.5999755859375</ele></trkpt><trkpt lat="46.47539008874446" lon="8.2231897842139"><ele>1765.5</ele></trkpt><trkpt lat="46.475470290053636" lon="8.223170110490173"><ele>1766.7999877929688</ele></trkpt><trkpt lat="46.47562017664313" lon="8.223090243991464"><ele>1770.3999938964844</ele></trkpt><trkpt lat="46.4756502113305" lon="8.223039895296097"><ele>1771.1999816894531</ele></trkpt><trkpt lat="46.475661418866366" lon="8.222849944140762"><ele>1773.3999938964844</ele></trkpt><trkpt lat="46.475690121762455" lon="8.222731863614172"><ele>1774.1999816894531</ele></trkpt><trkpt lat="46.47579018305987" lon="8.222571843769401"><ele>1774.7999877929688</ele></trkpt><trkpt lat="46.4758514938876" lon="8.222551895771176"><ele>1775.0</ele></trkpt><trkpt lat="46.47592160245404" lon="8.222560722380877"><ele>1776.5</ele></trkpt><trkpt lat="46.47598153818399" lon="8.222609769087285"><ele>1777.8999938964844</ele></trkpt><trkpt lat="46.47607163479552" lon="8.222720453049988"><ele>1780.2999877929688</ele></trkpt><trkpt lat="46.47612996865064" lon="8.222740828990936"><ele>1780.3999938964844</ele></trkpt><trkpt lat="46.47638026531786" lon="8.222450158558786"><ele>1778.5999755859375</ele></trkpt><trkpt lat="46.47645147098228" lon="8.222430353052914"><ele>1778.0999755859375</ele></trkpt><trkpt lat="46.47659006807953" lon="8.222421939019114"><ele>1777.0</ele></trkpt><trkpt lat="46.47663035755977" lon="8.222449866589159"><ele>1776.2999877929688</ele></trkpt><trkpt lat="46.47689012810588" lon="8.222350749652833"><ele>1777.3999938964844</ele></trkpt><trkpt lat="46.477061468642205" lon="8.22242093924433"><ele>1776.2999877929688</ele></trkpt><trkpt lat="46.477171569596976" lon="8.222500660922378"><ele>1771.6999816894531</ele></trkpt><trkpt lat="46.477309968322515" lon="8.222520891577005"><ele>1767.5999755859375</ele></trkpt><trkpt lat="46.47730049677193" lon="8.222589770331979"><ele>1766.3999938964844</ele></trkpt><trkpt lat="46.47730008326471" lon="8.222649664618075"><ele>1765.1999816894531</ele></trkpt><trkpt lat="46.47736153006554" lon="8.222740404307842"><ele>1765.1999816894531</ele></trkpt><trkpt lat="46.47738028643653" lon="8.222890427801758"><ele>1768.5</ele></trkpt><trkpt lat="46.47731038555503" lon="8.222981872037053"><ele>1767.6999816894531</ele></trkpt><trkpt lat="46.47710155462846" lon="8.223129904363304"><ele>1767.8999938964844</ele></trkpt><trkpt lat="46.47704147640616" lon="8.22323190746829"><ele>1768.7999877929688</ele></trkpt><trkpt lat="46.4770203018561" lon="8.223301919177175"><ele>1770.0</ele></trkpt><trkpt lat="46.477020104881376" lon="8.223460782784969"><ele>1772.0</ele></trkpt><trkpt lat="46.47700038785115" lon="8.223580298013985"><ele>1773.1999816894531</ele></trkpt><trkpt lat="46.47692164359614" lon="8.223779693245888"><ele>1771.3999938964844</ele></trkpt><trkpt lat="46.47684150515124" lon="8.223790252115577"><ele>1769.0</ele></trkpt><trkpt lat="46.476779986172915" lon="8.22397036338225"><ele>1767.8999938964844</ele></trkpt><trkpt lat="46.47674005571753" lon="8.224150787107646"><ele>1766.7999877929688</ele></trkpt><trkpt lat="46.47670026635751" lon="8.224570811726153"><ele>1762.0999755859375</ele></trkpt><trkpt lat="46.476670446805656" lon="8.224589912220836"><ele>1761.3999938964844</ele></trkpt><trkpt lat="46.47658034181222" lon="8.2246107426472"><ele>1759.0999755859375</ele></trkpt><trkpt lat="46.47654047468677" lon="8.224651833996177"><ele>1757.5999755859375</ele></trkpt><trkpt lat="46.47649037884548" lon="8.224740957375616"><ele>1755.3999938964844</ele></trkpt><trkpt lat="46.476450104266405" lon="8.224970856215805"><ele>1750.2999877929688</ele></trkpt><trkpt lat="46.47630146332085" lon="8.225260384846479"><ele>1747.6999816894531</ele></trkpt><trkpt lat="46.476241461467" lon="8.225480881053954"><ele>1743.6999816894531</ele></trkpt><trkpt lat="46.47622153395787" lon="8.22563034016639"><ele>1741.5999755859375</ele></trkpt><trkpt lat="46.47620042739436" lon="8.225820149295032"><ele>1739.5</ele></trkpt><trkpt lat="46.476211570668966" lon="8.225899742450565"><ele>1738.7999877929688</ele></trkpt><trkpt lat="46.4761804244481" lon="8.226110240444541"><ele>1737.8999938964844</ele></trkpt><trkpt lat="46.47616049647331" lon="8.226259699091315"><ele>1736.0</ele></trkpt><trkpt lat="46.476090806070715" lon="8.226450104266405"><ele>1735.3999938964844</ele></trkpt><trkpt lat="46.476020419970155" lon="8.22699989238754"><ele>1726.7999877929688</ele></trkpt><trkpt lat="46.47594000166282" lon="8.22730993758887"><ele>1723.0999755859375</ele></trkpt><trkpt lat="46.47583016939461" lon="8.227580489125103"><ele>1717.6999816894531</ele></trkpt><trkpt lat="46.47576006036252" lon="8.227830783929676"><ele>1715.0</ele></trkpt><trkpt lat="46.475771685130894" lon="8.227970282547176"><ele>1711.3999938964844</ele></trkpt><trkpt lat="46.475880795158446" lon="8.228191934060305"><ele>1705.0999755859375</ele></trkpt><trkpt lat="46.47591152694076" lon="8.228300459682941"><ele>1702.7999877929688</ele></trkpt><trkpt lat="46.47587995650247" lon="8.228441934566945"><ele>1701.1999816894531</ele></trkpt><trkpt lat="46.475820238702" lon="8.228620761539787"><ele>1700.8999938964844</ele></trkpt><trkpt lat="46.47571005579084" lon="8.228811873588711"><ele>1693.1999816894531</ele></trkpt><trkpt lat="46.4754816214554" lon="8.229190071579069"><ele>1683.0</ele></trkpt><trkpt lat="46.47529151663184" lon="8.229360483586788"><ele>1676.5999755859375</ele></trkpt><trkpt lat="46.47514037368819" lon="8.229620007798076"><ele>1669.0999755859375</ele></trkpt><trkpt lat="46.474971648305655" lon="8.229820678476244"><ele>1662.2999877929688</ele></trkpt><trkpt lat="46.47485994687304" lon="8.230100307613611"><ele>1655.7999877929688</ele></trkpt><trkpt lat="46.47486259136349" lon="8.230108158662915"><ele>1655.7999877929688</ele></trkpt><trkpt lat="46.47486259136349" lon="8.230108158662915"><ele>1655.7999877929688</ele></trkpt><trkpt lat="46.47486259136349" lon="8.230108158662915"><ele>1655.7999877929688</ele></trkpt><trkpt lat="46.47485994687304" lon="8.230100307613611"><ele>1655.7999877929688</ele></trkpt><trkpt lat="46.47472998080775" lon="8.230289821512997"><ele>1645.0999755859375</ele></trkpt><trkpt lat="46.47471150010824" lon="8.230359866283834"><ele>1642.8999938964844</ele></trkpt><trkpt lat="46.474701524246484" lon="8.230500349774957"><ele>1640.0999755859375</ele></trkpt><trkpt lat="46.47463999455795" lon="8.230680445674807"><ele>1635.7999877929688</ele></trkpt><trkpt lat="46.47462047776207" lon="8.230770006775856"><ele>1633.7999877929688</ele></trkpt><trkpt lat="46.47463147249073" lon="8.230870430823416"><ele>1633.2999877929688</ele></trkpt><trkpt lat="46.47473145509139" lon="8.231110179796815"><ele>1627.8999938964844</ele></trkpt><trkpt lat="46.4747815458104" lon="8.231280188076198"><ele>1624.5999755859375</ele></trkpt><trkpt lat="46.4748099851422" lon="8.231330084614456"><ele>1624.3999938964844</ele></trkpt><trkpt lat="46.47482022503391" lon="8.23140966380015"><ele>1623.7999877929688</ele></trkpt><trkpt lat="46.474350445438176" lon="8.232079894281924"><ele>1604.8999938964844</ele></trkpt><trkpt lat="46.474099891260266" lon="8.232660874258727"><ele>1592.3999938964844</ele></trkpt><trkpt lat="46.47401046426967" lon="8.232841860037297"><ele>1590.0</ele></trkpt><trkpt lat="46.473990180995315" lon="8.2330407849513"><ele>1586.0999755859375</ele></trkpt><trkpt lat="46.47399140102789" lon="8.233380652032793"><ele>1580.2999877929688</ele></trkpt><trkpt lat="46.47402154980227" lon="8.233700109645724"><ele>1570.7999877929688</ele></trkpt><trkpt lat="46.47408159216866" lon="8.233990057371557"><ele>1564.0</ele></trkpt><trkpt lat="46.474100050050765" lon="8.234180436003953"><ele>1560.5</ele></trkpt><trkpt lat="46.47409990010783" lon="8.234330175910145"><ele>1555.7999877929688</ele></trkpt><trkpt lat="46.47404007194564" lon="8.234779826365411"><ele>1543.6999816894531</ele></trkpt><trkpt lat="46.4738904372789" lon="8.234950808808208"><ele>1537.8999938964844</ele></trkpt><trkpt lat="46.473800115287304" lon="8.235130473971367"><ele>1531.8999938964844</ele></trkpt><trkpt lat="46.47373024420813" lon="8.23560080723837"><ele>1522.0999755859375</ele></trkpt><trkpt lat="46.47375151980668" lon="8.235901904758066"><ele>1514.5</ele></trkpt><trkpt lat="46.47376993438229" lon="8.235969884786755"><ele>1513.7999877929688</ele></trkpt><trkpt lat="46.47381165390834" lon="8.236049926839769"><ele>1513.1999816894531</ele></trkpt><trkpt lat="46.47391156712547" lon="8.236169886775315"><ele>1508.6999816894531</ele></trkpt><trkpt lat="46.47376021929085" lon="8.23620021296665"><ele>1505.2999877929688</ele></trkpt><trkpt lat="46.473709910176694" lon="8.236190358176827"><ele>1503.8999938964844</ele></trkpt><trkpt lat="46.47361048916355" lon="8.236000090837479"><ele>1500.0999755859375</ele></trkpt><trkpt lat="46.47354150004685" lon="8.235960013233125"><ele>1498.8999938964844</ele></trkpt><trkpt lat="46.47340988274664" lon="8.23587083723396"><ele>1494.7999877929688</ele></trkpt><trkpt lat="46.4732714202255" lon="8.235859686043113"><ele>1489.7999877929688</ele></trkpt><trkpt lat="46.47317032236606" lon="8.235780073795468"><ele>1485.6999816894531</ele></trkpt><trkpt lat="46.47304015699774" lon="8.235740398988128"><ele>1481.0999755859375</ele></trkpt><trkpt lat="46.472961409948766" lon="8.235680647660047"><ele>1479.1999816894531</ele></trkpt><trkpt lat="46.472861567977816" lon="8.23555027320981"><ele>1475.1999816894531</ele></trkpt><trkpt lat="46.47272995905951" lon="8.235459797084332"><ele>1470.0</ele></trkpt><trkpt lat="46.47266158601269" lon="8.235460094176233"><ele>1467.5</ele></trkpt><trkpt lat="46.47262040898204" lon="8.23543084319681"><ele>1466.2999877929688</ele></trkpt><trkpt lat="46.47256158897653" lon="8.235351854003966"><ele>1465.3999938964844</ele></trkpt><trkpt lat="46.47255162987858" lon="8.235360822174698"><ele>1464.5999755859375</ele></trkpt><trkpt lat="46.47258011717349" lon="8.235531812068075"><ele>1460.6999816894531</ele></trkpt><trkpt lat="46.472569884266704" lon="8.235579838044941"><ele>1459.3999938964844</ele></trkpt><trkpt lat="46.47247031610459" lon="8.235410407185555"><ele>1458.1999816894531</ele></trkpt><trkpt lat="46.47240029089153" lon="8.235389847308397"><ele>1457.8999938964844</ele></trkpt><trkpt lat="46.47239004028961" lon="8.235440477728844"><ele>1457.5</ele></trkpt><trkpt lat="46.47240040497854" lon="8.235501827206463"><ele>1457.0999755859375</ele></trkpt><trkpt lat="46.47248157579452" lon="8.235600675456226"><ele>1456.3999938964844</ele></trkpt><trkpt lat="46.472540185786784" lon="8.235709608532488"><ele>1455.5999755859375</ele></trkpt><trkpt lat="46.47258141217753" lon="8.235859953332692"><ele>1454.7999877929688</ele></trkpt><trkpt lat="46.47262033680454" lon="8.236081878188998"><ele>1453.8999938964844</ele></trkpt><trkpt lat="46.47265029884875" lon="8.236170860007405"><ele>1453.2999877929688</ele></trkpt><trkpt lat="46.472730002366006" lon="8.236350417137146"><ele>1452.5</ele></trkpt><trkpt lat="46.47286075307056" lon="8.23669088166207"><ele>1450.5999755859375</ele></trkpt><trkpt lat="46.473110161256045" lon="8.237300022505224"><ele>1446.5</ele></trkpt><trkpt lat="46.47320986306295" lon="8.237449929118156"><ele>1445.5</ele></trkpt><trkpt lat="46.47337142098695" lon="8.23763069557026"><ele>1444.0</ele></trkpt><trkpt lat="46.47352024028078" lon="8.237959714606404"><ele>1441.6999816894531</ele></trkpt><trkpt lat="46.47365002986044" lon="8.238180380314589"><ele>1439.5999755859375</ele></trkpt><trkpt lat="46.47369153704494" lon="8.23829036904499"><ele>1439.0</ele></trkpt><trkpt lat="46.47368986764923" lon="8.238399720750749"><ele>1438.5</ele></trkpt><trkpt lat="46.47366141434759" lon="8.238480031490326"><ele>1437.6999816894531</ele></trkpt><trkpt lat="46.4736104728654" lon="8.238560010213405"><ele>1436.8999938964844</ele></trkpt><trkpt lat="46.47351987939328" lon="8.238649820443243"><ele>1436.0</ele></trkpt><trkpt lat="46.4733104580082" lon="8.23875089827925"><ele>1433.8999938964844</ele></trkpt><trkpt lat="46.473220497369766" lon="8.23875087313354"><ele>1433.0999755859375</ele></trkpt><trkpt lat="46.47302017081529" lon="8.23871015617624"><ele>1430.6999816894531</ele></trkpt><trkpt lat="46.47293996717781" lon="8.238729806151241"><ele>1429.6999816894531</ele></trkpt><trkpt lat="46.4728802414611" lon="8.238779705949128"><ele>1428.7999877929688</ele></trkpt><trkpt lat="46.47286009415984" lon="8.23883019015193"><ele>1428.5</ele></trkpt><trkpt lat="46.47283018147573" lon="8.238989904522896"><ele>1427.3999938964844</ele></trkpt><trkpt lat="46.47286039823666" lon="8.239170037675649"><ele>1426.0999755859375</ele></trkpt><trkpt lat="46.472900316584855" lon="8.239250054117292"><ele>1425.3999938964844</ele></trkpt><trkpt lat="46.47341992286965" lon="8.239940023049712"><ele>1419.8999938964844</ele></trkpt><trkpt lat="46.473530204501" lon="8.240120039787143"><ele>1418.2999877929688</ele></trkpt><trkpt lat="46.47371042566374" lon="8.24045994784683"><ele>1415.5999755859375</ele></trkpt><trkpt lat="46.47382013639435" lon="8.240720689296722"><ele>1414.2999877929688</ele></trkpt><trkpt lat="46.473880043718964" lon="8.240899963770062"><ele>1413.2999877929688</ele></trkpt><trkpt lat="46.47391017479822" lon="8.241091819480062"><ele>1411.8999938964844</ele></trkpt><trkpt lat="46.47394997486845" lon="8.241570282261819"><ele>1408.8999938964844</ele></trkpt><trkpt lat="46.47388142021373" lon="8.242359646130353"><ele>1406.2999877929688</ele></trkpt><trkpt lat="46.473821588326246" lon="8.242169953417033"><ele>1404.5</ele></trkpt><trkpt lat="46.4736599419266" lon="8.24212979665026"><ele>1400.8999938964844</ele></trkpt><trkpt lat="46.47339014429599" lon="8.241990379989147"><ele>1394.5999755859375</ele></trkpt><trkpt lat="46.47322000004351" lon="8.241879785433412"><ele>1390.8999938964844</ele></trkpt><trkpt lat="46.473090736195445" lon="8.24184010969475"><ele>1387.3999938964844</ele></trkpt><trkpt lat="46.47298043593764" lon="8.241790298372507"><ele>1385.1999816894531</ele></trkpt><trkpt lat="46.472909956239164" lon="8.241579618304968"><ele>1383.0</ele></trkpt><trkpt lat="46.472880124580115" lon="8.2416000100784"><ele>1382.5999755859375</ele></trkpt><trkpt lat="46.472669968847185" lon="8.241550022736192"><ele>1378.0999755859375</ele></trkpt><trkpt lat="46.47259011399001" lon="8.241520194336772"><ele>1376.1999816894531</ele></trkpt><trkpt lat="46.47241048840806" lon="8.241350869182497"><ele>1372.3999938964844</ele></trkpt><trkpt lat="46.47229008143768" lon="8.241330857388675"><ele>1368.6999816894531</ele></trkpt><trkpt lat="46.47221984574571" lon="8.241340233944356"><ele>1368.3999938964844</ele></trkpt><trkpt lat="46.472130169626325" lon="8.24129984434694"><ele>1366.1999816894531</ele></trkpt><trkpt lat="46.47202041000128" lon="8.241300823632628"><ele>1363.8999938964844</ele></trkpt><trkpt lat="46.47194022592157" lon="8.241190263535827"><ele>1362.1999816894531</ele></trkpt><trkpt lat="46.471880234312266" lon="8.241150313522667"><ele>1360.7999877929688</ele></trkpt><trkpt lat="46.47182999923825" lon="8.241130039095879"><ele>1359.6999816894531</ele></trkpt><trkpt lat="46.47179027320817" lon="8.241150284186006"><ele>1359.0</ele></trkpt><trkpt lat="46.471795660909265" lon="8.241151665803045"><ele>1359.0</ele></trkpt><trkpt lat="46.471795660909265" lon="8.241151665803045"><ele>1359.0</ele></trkpt><trkpt lat="46.471795660909265" lon="8.241151665803045"><ele>1359.0</ele></trkpt><trkpt lat="46.47179027320817" lon="8.241150284186006"><ele>1359.0</ele></trkpt><trkpt lat="46.47171996347606" lon="8.2411700761877"><ele>1358.0999755859375</ele></trkpt><trkpt lat="46.47165988897905" lon="8.241141844075173"><ele>1357.3999938964844</ele></trkpt><trkpt lat="46.47164003551006" lon="8.241150664631277"><ele>1357.0</ele></trkpt><trkpt lat="46.47146994387731" lon="8.241159865632653"><ele>1354.0999755859375</ele></trkpt><trkpt lat="46.471270370297134" lon="8.241139984689653"><ele>1350.3999938964844</ele></trkpt><trkpt lat="46.47122998908162" lon="8.241380265448242"><ele>1349.2999877929688</ele></trkpt><trkpt lat="46.47096161078662" lon="8.241421862971038"><ele>1344.1999816894531</ele></trkpt><trkpt lat="46.470939840655774" lon="8.24131998186931"><ele>1344.0999755859375</ele></trkpt><trkpt lat="46.4708399111405" lon="8.241330220829695"><ele>1342.3999938964844</ele></trkpt><trkpt lat="46.470411454327404" lon="8.241491839755327"><ele>1338.2999877929688</ele></trkpt><trkpt lat="46.470415024552494" lon="8.241495798807591"><ele>1338.2999877929688</ele></trkpt><trkpt lat="46.470415024552494" lon="8.241495798807591"><ele>1338.2999877929688</ele></trkpt><trkpt lat="46.470415024552494" lon="8.241495798807591"><ele>1338.2999877929688</ele></trkpt><trkpt lat="46.470411454327404" lon="8.241491839755327"><ele>1338.2999877929688</ele></trkpt><trkpt lat="46.46948161069304" lon="8.24195069912821"><ele>1326.5999755859375</ele></trkpt><trkpt lat="46.469559856690466" lon="8.24208075646311"><ele>1326.5</ele></trkpt><trkpt lat="46.469411596190184" lon="8.242310315836221"><ele>1324.5</ele></trkpt><trkpt lat="46.46941513894126" lon="8.242318180389702"><ele>1324.5</ele></trkpt><trkpt lat="46.46941513894126" lon="8.242318180389702"><ele>1324.5</ele></trkpt><trkpt lat="46.46941513894126" lon="8.242318180389702"><ele>1324.5</ele></trkpt><trkpt lat="46.469411596190184" lon="8.242310315836221"><ele>1324.5</ele></trkpt><trkpt lat="46.46939157322049" lon="8.24247016524896"><ele>1323.7999877929688</ele></trkpt><trkpt lat="46.469420393928885" lon="8.243100760038942"><ele>1320.5999755859375</ele></trkpt><trkpt lat="46.4693098468706" lon="8.243339989800006"><ele>1319.1999816894531</ele></trkpt><trkpt lat="46.469230422284454" lon="8.243630458135158"><ele>1317.8999938964844</ele></trkpt><trkpt lat="46.46922992402688" lon="8.243700758554041"><ele>1317.5999755859375</ele></trkpt><trkpt lat="46.4692798582837" lon="8.243890289682895"><ele>1316.8999938964844</ele></trkpt><trkpt lat="46.469470225740224" lon="8.244320172816515"><ele>1315.5999755859375</ele></trkpt><trkpt lat="46.469500434119254" lon="8.244500298053026"><ele>1315.3999938964844</ele></trkpt><trkpt lat="46.46950987074524" lon="8.244691832456738"><ele>1315.3999938964844</ele></trkpt><trkpt lat="46.46948149614036" lon="8.245140601880848"><ele>1314.5999755859375</ele></trkpt><trkpt lat="46.46928988117725" lon="8.245140356011689"><ele>1313.8999938964844</ele></trkpt><trkpt lat="46.4692979673855" lon="8.24514177814126"><ele>1313.8999938964844</ele></trkpt><trkpt lat="46.4692979673855" lon="8.24514177814126"><ele>1313.8999938964844</ele></trkpt><trkpt lat="46.4692979673855" lon="8.24514177814126"><ele>1313.8999938964844</ele></trkpt><trkpt lat="46.46928988117725" lon="8.245140356011689"><ele>1313.8999938964844</ele></trkpt><trkpt lat="46.46913042664528" lon="8.245171836577356"><ele>1313.7999877929688</ele></trkpt><trkpt lat="46.46862994832918" lon="8.245340161025524"><ele>1313.6999816894531</ele></trkpt><trkpt lat="46.46830040263012" lon="8.245380828622729"><ele>1314.6999816894531</ele></trkpt><trkpt lat="46.46821022965014" lon="8.245410734787583"><ele>1315.1999816894531</ele></trkpt><trkpt lat="46.46813147235662" lon="8.245479869656265"><ele>1315.7999877929688</ele></trkpt><trkpt lat="46.46802993165329" lon="8.245590328238904"><ele>1316.5999755859375</ele></trkpt><trkpt lat="46.46792001789436" lon="8.245739720761776"><ele>1317.5</ele></trkpt><trkpt lat="46.4678304316476" lon="8.245940192136914"><ele>1318.5</ele></trkpt><trkpt lat="46.4677315633744" lon="8.246180885471404"><ele>1319.6999816894531</ele></trkpt><trkpt lat="46.467620484065264" lon="8.24662059545517"><ele>1321.6999816894531</ele></trkpt><trkpt lat="46.46753007080406" lon="8.246810636483133"><ele>1322.3999938964844</ele></trkpt><trkpt lat="46.46753540309146" lon="8.246819829568267"><ele>1322.3999938964844</ele></trkpt><trkpt lat="46.46753540309146" lon="8.246819829568267"><ele>1322.3999938964844</ele></trkpt><trkpt lat="46.46753540309146" lon="8.246819829568267"><ele>1322.3999938964844</ele></trkpt><trkpt lat="46.46753007080406" lon="8.246810636483133"><ele>1322.3999938964844</ele></trkpt><trkpt lat="46.46744023170322" lon="8.246919963508844"><ele>1322.5</ele></trkpt><trkpt lat="46.46729996288195" lon="8.24691006122157"><ele>1322.0999755859375</ele></trkpt><trkpt lat="46.46723007876426" lon="8.246869961265475"><ele>1322.0</ele></trkpt><trkpt lat="46.466811480466276" lon="8.246150260325521"><ele>1319.0</ele></trkpt><trkpt lat="46.466650451533496" lon="8.245770301204175"><ele>1317.2999877929688</ele></trkpt><trkpt lat="46.465970158111304" lon="8.245290183927864"><ele>1314.3999938964844</ele></trkpt><trkpt lat="46.46572987083346" lon="8.245049661956728"><ele>1313.0</ele></trkpt><trkpt lat="46.465649869292974" lon="8.245040660724044"><ele>1312.5</ele></trkpt><trkpt lat="46.4653399833478" lon="8.24509984627366"><ele>1310.6999816894531</ele></trkpt><trkpt lat="46.46500049345195" lon="8.2450205902569"><ele>1309.5999755859375</ele></trkpt><trkpt lat="46.46488991752267" lon="8.24500983254984"><ele>1309.2999877929688</ele></trkpt><trkpt lat="46.46472140355036" lon="8.245050289668143"><ele>1308.8999938964844</ele></trkpt><trkpt lat="46.46465032314882" lon="8.24505183659494"><ele>1308.6999816894531</ele></trkpt><trkpt lat="46.46456147450954" lon="8.245021874085069"><ele>1308.6999816894531</ele></trkpt><trkpt lat="46.46394989639521" lon="8.244619616307318"><ele>1307.7999877929688</ele></trkpt><trkpt lat="46.46395345730707" lon="8.244624876882881"><ele>1307.7999877929688</ele></trkpt><trkpt lat="46.46395345730707" lon="8.244624876882881"><ele>1307.7999877929688</ele></trkpt><trkpt lat="46.46395345730707" lon="8.244624876882881"><ele>1307.7999877929688</ele></trkpt><trkpt lat="46.46394989639521" lon="8.244619616307318"><ele>1307.7999877929688</ele></trkpt><trkpt lat="46.463691608048975" lon="8.244380140677094"><ele>1307.1999816894531</ele></trkpt><trkpt lat="46.4635416069068" lon="8.24422038719058"><ele>1307.0999755859375</ele></trkpt><trkpt lat="46.46349989250302" lon="8.244140354450792"><ele>1307.0999755859375</ele></trkpt><trkpt lat="46.46343140117824" lon="8.243649838957936"><ele>1306.6999816894531</ele></trkpt><trkpt lat="46.46328006917611" lon="8.243169812485576"><ele>1306.0</ele></trkpt><trkpt lat="46.46309025026858" lon="8.242280437611043"><ele>1305.1999816894531</ele></trkpt><trkpt lat="46.46293028816581" lon="8.241620635613799"><ele>1304.5999755859375</ele></trkpt><trkpt lat="46.46285005193204" lon="8.241390323732048"><ele>1304.5</ele></trkpt><trkpt lat="46.46265040291473" lon="8.240871840622276"><ele>1303.5</ele></trkpt><trkpt lat="46.46235154895112" lon="8.24026076728478"><ele>1302.6999816894531</ele></trkpt><trkpt lat="46.46218029409647" lon="8.239669810514897"><ele>1302.1999816894531</ele></trkpt><trkpt lat="46.46214148681611" lon="8.239559884183109"><ele>1302.1999816894531</ele></trkpt><trkpt lat="46.462080117780715" lon="8.23946003941819"><ele>1302.1999816894531</ele></trkpt><trkpt lat="46.461760118603706" lon="8.239040035288781"><ele>1301.5</ele></trkpt><trkpt lat="46.46168996486813" lon="8.238910120446235"><ele>1302.0999755859375</ele></trkpt><trkpt lat="46.46157003194094" lon="8.238439698703587"><ele>1302.7999877929688</ele></trkpt><trkpt lat="46.4615754019469" lon="8.238443683367223"><ele>1302.7999877929688</ele></trkpt><trkpt lat="46.4615754019469" lon="8.238443683367223"><ele>1302.7999877929688</ele></trkpt><trkpt lat="46.4615754019469" lon="8.238443683367223"><ele>1302.7999877929688</ele></trkpt><trkpt lat="46.46157003194094" lon="8.238439698703587"><ele>1302.7999877929688</ele></trkpt><trkpt lat="46.46151034813374" lon="8.238100348040462"><ele>1302.6999816894531</ele></trkpt><trkpt lat="46.4612804739736" lon="8.237400494515896"><ele>1302.0999755859375</ele></trkpt><trkpt lat="46.461221533827484" lon="8.23721086513251"><ele>1302.1999816894531</ele></trkpt><trkpt lat="46.46111049409956" lon="8.237010054755956"><ele>1301.7999877929688</ele></trkpt><trkpt lat="46.46079144300893" lon="8.236709851305932"><ele>1299.5</ele></trkpt><trkpt lat="46.46061023697257" lon="8.236380436457694"><ele>1299.2999877929688</ele></trkpt><trkpt lat="46.46054153190926" lon="8.236300017219037"><ele>1299.1999816894531</ele></trkpt><trkpt lat="46.46010152017698" lon="8.235930351074785"><ele>1299.7999877929688</ele></trkpt><trkpt lat="46.459880226291716" lon="8.235800826456398"><ele>1300.0999755859375</ele></trkpt><trkpt lat="46.459830273874104" lon="8.235740211326629"><ele>1300.2999877929688</ele></trkpt><trkpt lat="46.459820036776364" lon="8.235660652630031"><ele>1299.8999938964844</ele></trkpt><trkpt lat="46.45977997826412" lon="8.235600182786584"><ele>1299.3999938964844</ele></trkpt><trkpt lat="46.459600280504674" lon="8.235440028831363"><ele>1298.6999816894531</ele></trkpt><trkpt lat="46.45930143492296" lon="8.23508025938645"><ele>1298.0999755859375</ele></trkpt><trkpt lat="46.459140279795974" lon="8.2349698478356"><ele>1298.1999816894531</ele></trkpt><trkpt lat="46.45904021849856" lon="8.23487074766308"><ele>1298.0</ele></trkpt><trkpt lat="46.458980383351445" lon="8.23467981396243"><ele>1297.8999938964844</ele></trkpt><trkpt lat="46.45873023709282" lon="8.232759977690876"><ele>1295.6999816894531</ele></trkpt><trkpt lat="46.458739205263555" lon="8.232764014042914"><ele>1295.6999816894531</ele></trkpt><trkpt lat="46.458739205263555" lon="8.232764014042914"><ele>1295.6999816894531</ele></trkpt><trkpt lat="46.458739205263555" lon="8.232764014042914"><ele>1295.6999816894531</ele></trkpt><trkpt lat="46.45873023709282" lon="8.232759977690876"><ele>1295.6999816894531</ele></trkpt><trkpt lat="46.45864984765649" lon="8.232420348096639"><ele>1296.0</ele></trkpt><trkpt lat="46.45860011316836" lon="8.232070754282176"><ele>1296.0</ele></trkpt><trkpt lat="46.45852988772094" lon="8.231949967332184"><ele>1295.8999938964844</ele></trkpt><trkpt lat="46.45828991755843" lon="8.23166007688269"><ele>1296.0</ele></trkpt><trkpt lat="46.458019900135696" lon="8.231421819422394"><ele>1299.6999816894531</ele></trkpt><trkpt lat="46.45794026134536" lon="8.231360776815563"><ele>1302.0</ele></trkpt><trkpt lat="46.45779037894681" lon="8.231310422997922"><ele>1305.3999938964844</ele></trkpt><trkpt lat="46.457760131917894" lon="8.231261817738414"><ele>1306.6999816894531</ele></trkpt><trkpt lat="46.45775018259883" lon="8.231140613090247"><ele>1308.5999755859375</ele></trkpt><trkpt lat="46.45769144129008" lon="8.231049936264753"><ele>1309.8999938964844</ele></trkpt><trkpt lat="46.45731161721051" lon="8.230690323747694"><ele>1312.8999938964844</ele></trkpt><trkpt lat="46.45719031710178" lon="8.230540157761425"><ele>1310.0999755859375</ele></trkpt><trkpt lat="46.45691006490961" lon="8.230349923018366"><ele>1305.5</ele></trkpt><trkpt lat="46.45662006130442" lon="8.230009853374213"><ele>1300.0999755859375</ele></trkpt><trkpt lat="46.4563401537016" lon="8.22977016447112"><ele>1297.8999938964844</ele></trkpt><trkpt lat="46.45623041084036" lon="8.229639697819948"><ele>1298.1999816894531</ele></trkpt><trkpt lat="46.455990094225854" lon="8.229140254668891"><ele>1296.2999877929688</ele></trkpt><trkpt lat="46.45574998855591" lon="8.228480713441968"><ele>1292.5999755859375</ele></trkpt><trkpt lat="46.45569047238678" lon="8.228371808305383"><ele>1292.0999755859375</ele></trkpt><trkpt lat="46.455460333265364" lon="8.22808990208432"><ele>1290.7999877929688</ele></trkpt><trkpt lat="46.45537037728354" lon="8.227959728334099"><ele>1290.2999877929688</ele></trkpt><trkpt lat="46.45506003126502" lon="8.227309592533857"><ele>1289.3999938964844</ele></trkpt><trkpt lat="46.45488994056359" lon="8.22705980623141"><ele>1290.0</ele></trkpt><trkpt lat="46.454839910846204" lon="8.227009616792202"><ele>1290.1999816894531</ele></trkpt><trkpt lat="46.45475000934675" lon="8.227130664978176"><ele>1290.5999755859375</ele></trkpt><trkpt lat="46.45464039593935" lon="8.227369876112789"><ele>1291.8999938964844</ele></trkpt><trkpt lat="46.45458039501682" lon="8.227460118476301"><ele>1292.7999877929688</ele></trkpt><trkpt lat="46.45449991337955" lon="8.227520125452429"><ele>1294.0999755859375</ele></trkpt><trkpt lat="46.45444040093571" lon="8.22754008648917"><ele>1294.7999877929688</ele></trkpt><trkpt lat="46.45438026916236" lon="8.227519687730819"><ele>1295.2999877929688</ele></trkpt><trkpt lat="46.454339989926666" lon="8.227490466088057"><ele>1296.0</ele></trkpt><trkpt lat="46.45430989470333" lon="8.227419740054756"><ele>1296.7999877929688</ele></trkpt><trkpt lat="46.454289965331554" lon="8.227310113143176"><ele>1298.0</ele></trkpt><trkpt lat="46.45432997168973" lon="8.22686032904312"><ele>1297.5</ele></trkpt><trkpt lat="46.454310041386634" lon="8.226750701665878"><ele>1297.3999938964844</ele></trkpt><trkpt lat="46.45425150729716" lon="8.226499937940389"><ele>1297.1999816894531</ele></trkpt><trkpt lat="46.454121553339064" lon="8.226170039735734"><ele>1297.5999755859375</ele></trkpt><trkpt lat="46.45408993167803" lon="8.225930080749094"><ele>1297.5999755859375</ele></trkpt><trkpt lat="46.45409041875973" lon="8.225859799887985"><ele>1297.5</ele></trkpt><trkpt lat="46.454021422192454" lon="8.225560725666583"><ele>1296.6999816894531</ele></trkpt><trkpt lat="46.45399146527052" lon="8.225210153497756"><ele>1296.8999938964844</ele></trkpt><trkpt lat="46.45399230159819" lon="8.225219276733696"><ele>1296.8999938964844</ele></trkpt><trkpt lat="46.45399230159819" lon="8.225219276733696"><ele>1296.8999938964844</ele></trkpt><trkpt lat="46.45399230159819" lon="8.225219276733696"><ele>1296.8999938964844</ele></trkpt><trkpt lat="46.45399146527052" lon="8.225210153497756"><ele>1296.8999938964844</ele></trkpt><trkpt lat="46.453880191314965" lon="8.224780305754393"><ele>1297.3999938964844</ele></trkpt><trkpt lat="46.453410452231765" lon="8.223760843742639"><ele>1298.0999755859375</ele></trkpt><trkpt lat="46.45336007885635" lon="8.223499792162329"><ele>1296.6999816894531</ele></trkpt><trkpt lat="46.452869980596006" lon="8.222430596128106"><ele>1296.6999816894531</ele></trkpt><trkpt lat="46.452740157954395" lon="8.222079892642796"><ele>1297.5</ele></trkpt><trkpt lat="46.45263046910986" lon="8.221940339542925"><ele>1296.5999755859375</ele></trkpt><trkpt lat="46.4521701335907" lon="8.221510678064078"><ele>1294.0999755859375</ele></trkpt><trkpt lat="46.45243009412661" lon="8.220730871893466"><ele>1288.8999938964844</ele></trkpt><trkpt lat="46.452781594824046" lon="8.219720692839473"><ele>1284.0999755859375</ele></trkpt><trkpt lat="46.452890172600746" lon="8.21962984232232"><ele>1283.5</ele></trkpt><trkpt lat="46.453209925908595" lon="8.219441807363182"><ele>1281.7999877929688</ele></trkpt><trkpt lat="46.45345151564106" lon="8.219369790516794"><ele>1281.5</ele></trkpt><trkpt lat="46.45338154491037" lon="8.21920998673886"><ele>1279.7999877929688</ele></trkpt><trkpt lat="46.453201541211456" lon="8.218960091471672"><ele>1278.8999938964844</ele></trkpt><trkpt lat="46.45281150052324" lon="8.218510636128485"><ele>1278.1999816894531</ele></trkpt><trkpt lat="46.452481555752456" lon="8.21847986150533"><ele>1277.7999877929688</ele></trkpt><trkpt lat="46.45227159606293" lon="8.218400049488991"><ele>1277.2999877929688</ele></trkpt><trkpt lat="46.45206024777144" lon="8.218260345980525"><ele>1276.6999816894531</ele></trkpt><trkpt lat="46.451801570598036" lon="8.218200660776347"><ele>1276.0</ele></trkpt><trkpt lat="46.45159043651074" lon="8.218029724434018"><ele>1275.5</ele></trkpt><trkpt lat="46.45145147573203" lon="8.217960047069937"><ele>1275.2999877929688</ele></trkpt><trkpt lat="46.45112006505951" lon="8.217749640345573"><ele>1274.6999816894531</ele></trkpt><trkpt lat="46.450769904535264" lon="8.21764959860593"><ele>1274.2999877929688</ele></trkpt><trkpt lat="46.450550459790975" lon="8.2175097852014"><ele>1274.0</ele></trkpt><trkpt lat="46.4504402205348" lon="8.217449633404613"><ele>1273.7999877929688</ele></trkpt><trkpt lat="46.45026153791696" lon="8.217400213237852"><ele>1273.6999816894531</ele></trkpt><trkpt lat="46.45008140383288" lon="8.217300012242049"><ele>1273.3999938964844</ele></trkpt><trkpt lat="46.450088537763804" lon="8.217309225350618"><ele>1273.3999938964844</ele></trkpt><trkpt lat="46.450088537763804" lon="8.217309225350618"><ele>1273.3999938964844</ele></trkpt><trkpt lat="46.450088537763804" lon="8.217309225350618"><ele>1273.3999938964844</ele></trkpt><trkpt lat="46.45008140383288" lon="8.217300012242049"><ele>1273.3999938964844</ele></trkpt><trkpt lat="46.44995994400233" lon="8.217170719522983"><ele>1273.1999816894531</ele></trkpt><trkpt lat="46.44977156538516" lon="8.216829619836062"><ele>1272.6999816894531</ele></trkpt><trkpt lat="46.44964039884508" lon="8.216409950051457"><ele>1272.2999877929688</ele></trkpt><trkpt lat="46.449590276461095" lon="8.216109881643206"><ele>1272.0999755859375</ele></trkpt><trkpt lat="46.449580372776836" lon="8.215979587752372"><ele>1272.0</ele></trkpt><trkpt lat="46.44964032853022" lon="8.215500185266137"><ele>1271.5</ele></trkpt><trkpt lat="46.44963151914999" lon="8.215209820307791"><ele>1270.8999938964844</ele></trkpt><trkpt lat="46.449600008782" lon="8.215081820264459"><ele>1270.5</ele></trkpt><trkpt lat="46.44939029030502" lon="8.214439774863422"><ele>1270.5</ele></trkpt><trkpt lat="46.44929986866191" lon="8.213980349246413"><ele>1269.5999755859375</ele></trkpt><trkpt lat="46.44925993261859" lon="8.213900386355817"><ele>1269.5999755859375</ele></trkpt><trkpt lat="46.44907154608518" lon="8.213690754491836"><ele>1268.8999938964844</ele></trkpt><trkpt lat="46.4488003924489" lon="8.213349792640656"><ele>1268.1999816894531</ele></trkpt><trkpt lat="46.44872045982629" lon="8.213330429978669"><ele>1268.1999816894531</ele></trkpt><trkpt lat="46.44849016517401" lon="8.213329744990915"><ele>1268.7999877929688</ele></trkpt><trkpt lat="46.44839141331613" lon="8.213299701921642"><ele>1268.3999938964844</ele></trkpt><trkpt lat="46.44814151292667" lon="8.213139955420047"><ele>1267.8999938964844</ele></trkpt><trkpt lat="46.448079836554825" lon="8.213081810157746"><ele>1267.6999816894531</ele></trkpt><trkpt lat="46.44805160211399" lon="8.2130007147789"><ele>1267.0999755859375</ele></trkpt><trkpt lat="46.44803000148386" lon="8.212870258372277"><ele>1266.8999938964844</ele></trkpt><trkpt lat="46.447959817480296" lon="8.212740410119295"><ele>1266.8999938964844</ele></trkpt><trkpt lat="46.44760008249432" lon="8.212460667360574"><ele>1266.5999755859375</ele></trkpt><trkpt lat="46.44729154417291" lon="8.212060621473938"><ele>1265.7999877929688</ele></trkpt><trkpt lat="46.44713035272434" lon="8.21182015677914"><ele>1265.6999816894531</ele></trkpt><trkpt lat="46.44696990540251" lon="8.211470381356776"><ele>1265.7999877929688</ele></trkpt><trkpt lat="46.446910296566784" lon="8.211240475997329"><ele>1265.6999816894531</ele></trkpt><trkpt lat="46.44680031761527" lon="8.210480163805187"><ele>1267.2999877929688</ele></trkpt><trkpt lat="46.446761411149055" lon="8.210380699951202"><ele>1267.1999816894531</ele></trkpt><trkpt lat="46.446671505924314" lon="8.21024016616866"><ele>1267.7999877929688</ele></trkpt><trkpt lat="46.44654021365568" lon="8.21010034577921"><ele>1266.7999877929688</ele></trkpt><trkpt lat="46.446310363244265" lon="8.209901861380786"><ele>1266.3999938964844</ele></trkpt><trkpt lat="46.446200128644705" lon="8.209840428549796"><ele>1266.1999816894531</ele></trkpt><trkpt lat="46.44596144882962" lon="8.209749839734286"><ele>1264.7999877929688</ele></trkpt><trkpt lat="46.445549830794334" lon="8.209690631367266"><ele>1263.3999938964844</ele></trkpt><trkpt lat="46.444359860382974" lon="8.209129738621414"><ele>1259.1999816894531</ele></trkpt><trkpt lat="46.444362497422844" lon="8.20913888560608"><ele>1259.1999816894531</ele></trkpt><trkpt lat="46.444362497422844" lon="8.20913888560608"><ele>1259.1999816894531</ele></trkpt><trkpt lat="46.444362497422844" lon="8.20913888560608"><ele>1259.1999816894531</ele></trkpt><trkpt lat="46.444359860382974" lon="8.209129738621414"><ele>1259.1999816894531</ele></trkpt><trkpt lat="46.44406047137454" lon="8.20897062215954"><ele>1258.5999755859375</ele></trkpt><trkpt lat="46.44398005353287" lon="8.208890095818788"><ele>1258.6999816894531</ele></trkpt><trkpt lat="46.44389997050166" lon="8.20876012230292"><ele>1258.7999877929688</ele></trkpt><trkpt lat="46.44381046900526" lon="8.20855974080041"><ele>1258.3999938964844</ele></trkpt><trkpt lat="46.44374012155458" lon="8.208320590201765"><ele>1257.6999816894531</ele></trkpt><trkpt lat="46.4437198205851" lon="8.208130300976336"><ele>1257.0999755859375</ele></trkpt><trkpt lat="46.44369984557852" lon="8.207891865633428"><ele>1256.5</ele></trkpt><trkpt lat="46.443710480351" lon="8.207649960182607"><ele>1256.1999816894531</ele></trkpt><trkpt lat="46.44379145652056" lon="8.20685075968504"><ele>1255.6999816894531</ele></trkpt><trkpt lat="46.44385997299105" lon="8.206430082209408"><ele>1254.8999938964844</ele></trkpt><trkpt lat="46.44387143757194" lon="8.205931815318763"><ele>1255.5</ele></trkpt><trkpt lat="46.443930328357965" lon="8.20587018225342"><ele>1256.2999877929688</ele></trkpt><trkpt lat="46.443920120131224" lon="8.20565010420978"><ele>1255.3999938964844</ele></trkpt><trkpt lat="46.44380045356229" lon="8.205120052210987"><ele>1254.7999877929688</ele></trkpt><trkpt lat="46.443805841729045" lon="8.205121429637074"><ele>1254.7999877929688</ele></trkpt><trkpt lat="46.443805841729045" lon="8.205121429637074"><ele>1254.7999877929688</ele></trkpt><trkpt lat="46.443805841729045" lon="8.205121429637074"><ele>1254.7999877929688</ele></trkpt><trkpt lat="46.44380045356229" lon="8.205120052210987"><ele>1254.7999877929688</ele></trkpt><trkpt lat="46.44378022989258" lon="8.205050793476403"><ele>1254.3999938964844</ele></trkpt><trkpt lat="46.443720002193004" lon="8.204910695552826"><ele>1254.0999755859375</ele></trkpt><trkpt lat="46.443540199659765" lon="8.204759799409658"><ele>1253.0999755859375</ele></trkpt><trkpt lat="46.44347160356119" lon="8.204659926705062"><ele>1252.8999938964844</ele></trkpt><trkpt lat="46.44340003700927" lon="8.204600355122238"><ele>1252.8999938964844</ele></trkpt><trkpt lat="46.44325996655971" lon="8.204560637939721"><ele>1252.1999816894531</ele></trkpt><trkpt lat="46.44319146266207" lon="8.20458049280569"><ele>1252.0999755859375</ele></trkpt><trkpt lat="46.44300023280084" lon="8.204789915122092"><ele>1251.3999938964844</ele></trkpt><trkpt lat="46.44261032342911" lon="8.204979612026364"><ele>1251.2999877929688</ele></trkpt><trkpt lat="46.44245981378481" lon="8.205020430963486"><ele>1250.8999938964844</ele></trkpt><trkpt lat="46.442240172531456" lon="8.205040752887726"><ele>1251.0</ele></trkpt><trkpt lat="46.44189029466361" lon="8.205030605662614"><ele>1249.7999877929688</ele></trkpt><trkpt lat="46.44179140869528" lon="8.205020099878311"><ele>1249.6999816894531</ele></trkpt><trkpt lat="46.44158004410565" lon="8.204880475532264"><ele>1249.5</ele></trkpt><trkpt lat="46.44143989076838" lon="8.20471973484382"><ele>1249.3999938964844</ele></trkpt><trkpt lat="46.44107981957495" lon="8.204220151994377"><ele>1247.3999938964844</ele></trkpt><trkpt lat="46.44032994797453" lon="8.20335982600227"><ele>1244.8999938964844</ele></trkpt><trkpt lat="46.44003030238673" lon="8.202970421873033"><ele>1244.2999877929688</ele></trkpt><trkpt lat="46.43995040562004" lon="8.20281184092164"><ele>1244.0999755859375</ele></trkpt><trkpt lat="46.43970036506653" lon="8.202269589528441"><ele>1243.1999816894531</ele></trkpt><trkpt lat="46.439250472933054" lon="8.201479894574732"><ele>1242.0999755859375</ele></trkpt><trkpt lat="46.43925402732566" lon="8.201486450619996"><ele>1242.0999755859375</ele></trkpt><trkpt lat="46.43925402732566" lon="8.201486450619996"><ele>1242.0999755859375</ele></trkpt><trkpt lat="46.43925402732566" lon="8.201486450619996"><ele>1242.0999755859375</ele></trkpt><trkpt lat="46.439250472933054" lon="8.201479894574732"><ele>1242.0999755859375</ele></trkpt><trkpt lat="46.43904010858387" lon="8.201190658845007"><ele>1240.7999877929688</ele></trkpt><trkpt lat="46.43904147995636" lon="8.201120409648865"><ele>1240.8999938964844</ele></trkpt><trkpt lat="46.43908024765551" lon="8.200839881319553"><ele>1240.7999877929688</ele></trkpt><trkpt lat="46.4390600216575" lon="8.20077063003555"><ele>1240.7999877929688</ele></trkpt><trkpt lat="46.43903150735423" lon="8.200729890260845"><ele>1240.6999816894531</ele></trkpt><trkpt lat="46.43886048486456" lon="8.200610375031829"><ele>1239.8999938964844</ele></trkpt><trkpt lat="46.438699855003506" lon="8.200550864450634"><ele>1239.0999755859375</ele></trkpt><trkpt lat="46.43827149877325" lon="8.200170091819018"><ele>1240.5</ele></trkpt><trkpt lat="46.438019920606166" lon="8.199989592656493"><ele>1240.2999877929688</ele></trkpt><trkpt lat="46.43756150221452" lon="8.199530334211886"><ele>1242.1999816894531</ele></trkpt><trkpt lat="46.43747048359364" lon="8.199419755022973"><ele>1242.0999755859375</ele></trkpt><trkpt lat="46.437391550745815" lon="8.199250790290534"><ele>1242.3999938964844</ele></trkpt><trkpt lat="46.43735007522628" lon="8.199130496475846"><ele>1243.5</ele></trkpt><trkpt lat="46.43734015291557" lon="8.199000235646963"><ele>1244.3999938964844</ele></trkpt><trkpt lat="46.4373414949514" lon="8.198799866251647"><ele>1245.6999816894531</ele></trkpt><trkpt lat="46.437349893152714" lon="8.19862041529268"><ele>1247.3999938964844</ele></trkpt><trkpt lat="46.437531501520425" lon="8.197830512188375"><ele>1253.8999938964844</ele></trkpt><trkpt lat="46.43755985656753" lon="8.197760642506182"><ele>1254.5999755859375</ele></trkpt><trkpt lat="46.43756986083463" lon="8.197609839960933"><ele>1255.6999816894531</ele></trkpt><trkpt lat="46.437549902591854" lon="8.197500257752836"><ele>1255.6999816894531</ele></trkpt><trkpt lat="46.437380076386034" lon="8.19693185063079"><ele>1254.0999755859375</ele></trkpt><trkpt lat="46.437301525846124" lon="8.196570314466953"><ele>1252.8999938964844</ele></trkpt><trkpt lat="46.43707983056083" lon="8.195280314423144"><ele>1249.5999755859375</ele></trkpt><trkpt lat="46.43703155312687" lon="8.195100073702633"><ele>1249.1999816894531</ele></trkpt><trkpt lat="46.43693016190082" lon="8.194790272973478"><ele>1247.5999755859375</ele></trkpt><trkpt lat="46.43693196121603" lon="8.194790297653526"><ele>1247.5999755859375</ele></trkpt><trkpt lat="46.43693196121603" lon="8.194790297653526"><ele>1247.5999755859375</ele></trkpt><trkpt lat="46.43693196121603" lon="8.194790297653526"><ele>1247.5999755859375</ele></trkpt><trkpt lat="46.43693016190082" lon="8.194790272973478"><ele>1247.5999755859375</ele></trkpt><trkpt lat="46.43673141580075" lon="8.19423969462514"><ele>1244.7999877929688</ele></trkpt><trkpt lat="46.43653049599379" lon="8.19388036755845"><ele>1244.0</ele></trkpt><trkpt lat="46.43640144960955" lon="8.193670379463583"><ele>1243.0</ele></trkpt><trkpt lat="46.436009916011244" lon="8.193160070572048"><ele>1242.5</ele></trkpt><trkpt lat="46.435900061856955" lon="8.19304013485089"><ele>1243.0999755859375</ele></trkpt><trkpt lat="46.43549140077084" lon="8.192670124582946"><ele>1242.7999877929688</ele></trkpt><trkpt lat="46.43531140778214" lon="8.192409991286695"><ele>1242.7999877929688</ele></trkpt><trkpt lat="46.435210139025" lon="8.19208068959415"><ele>1242.5999755859375</ele></trkpt><trkpt lat="46.4351798472926" lon="8.191900707781315"><ele>1242.5999755859375</ele></trkpt><trkpt lat="46.43517010612413" lon="8.191741829738021"><ele>1242.5999755859375</ele></trkpt><trkpt lat="46.435180235654116" lon="8.191299572587013"><ele>1243.0999755859375</ele></trkpt><trkpt lat="46.43506147246808" lon="8.19130182871595"><ele>1240.8999938964844</ele></trkpt><trkpt lat="46.434890097007155" lon="8.191369714215398"><ele>1237.5</ele></trkpt><trkpt lat="46.43466040166095" lon="8.191549990791827"><ele>1233.2999877929688</ele></trkpt><trkpt lat="46.43457157490775" lon="8.191650248598307"><ele>1231.5999755859375</ele></trkpt><trkpt lat="46.43452039035037" lon="8.191771846730262"><ele>1230.1999816894531</ele></trkpt><trkpt lat="46.434509839396924" lon="8.19187058787793"><ele>1229.3999938964844</ele></trkpt><trkpt lat="46.43452148651704" lon="8.19241983583197"><ele>1224.7999877929688</ele></trkpt><trkpt lat="46.434470042120665" lon="8.192580463830382"><ele>1222.8999938964844</ele></trkpt><trkpt lat="46.43443012610078" lon="8.192630654200912"><ele>1222.2999877929688</ele></trkpt><trkpt lat="46.434390417300165" lon="8.192649619653821"><ele>1221.8999938964844</ele></trkpt><trkpt lat="46.434301485307515" lon="8.192630168050528"><ele>1220.8999938964844</ele></trkpt><trkpt lat="46.43412145040929" lon="8.19251186447218"><ele>1218.7999877929688</ele></trkpt><trkpt lat="46.4340701168403" lon="8.192520259413868"><ele>1218.2999877929688</ele></trkpt><trkpt lat="46.43384988233447" lon="8.192630399018526"><ele>1219.0</ele></trkpt><trkpt lat="46.43371157115325" lon="8.192460631486028"><ele>1220.2999877929688</ele></trkpt><trkpt lat="46.433480269275606" lon="8.19206968229264"><ele>1220.1999816894531</ele></trkpt><trkpt lat="46.43326140753925" lon="8.191430393606424"><ele>1216.6999816894531</ele></trkpt><trkpt lat="46.433100135065615" lon="8.191059939563274"><ele>1215.8999938964844</ele></trkpt><trkpt lat="46.433020152617246" lon="8.190911804325879"><ele>1216.0</ele></trkpt><trkpt lat="46.43279141513631" lon="8.190540419891477"><ele>1218.8999938964844</ele></trkpt><trkpt lat="46.43250039499253" lon="8.19020070368424"><ele>1223.8999938964844</ele></trkpt><trkpt lat="46.43217152310535" lon="8.189870874863118"><ele>1222.1999816894531</ele></trkpt><trkpt lat="46.43200041912496" lon="8.189489887561649"><ele>1218.0</ele></trkpt><trkpt lat="46.43193143513054" lon="8.189310683403164"><ele>1216.5</ele></trkpt><trkpt lat="46.43187981657684" lon="8.189090084750205"><ele>1214.7999877929688</ele></trkpt><trkpt lat="46.43182017141953" lon="8.188450425863266"><ele>1216.6999816894531</ele></trkpt><trkpt lat="46.43177047977224" lon="8.188210339285433"><ele>1218.3999938964844</ele></trkpt><trkpt lat="46.43180147372186" lon="8.187739773653448"><ele>1220.2999877929688</ele></trkpt><trkpt lat="46.4317998313345" lon="8.187579717487097"><ele>1221.5999755859375</ele></trkpt><trkpt lat="46.43175043631345" lon="8.187430711928755"><ele>1221.7999877929688</ele></trkpt><trkpt lat="46.43175941426307" lon="8.187433437909931"><ele>1221.7999877929688</ele></trkpt><trkpt lat="46.43175941426307" lon="8.187433437909931"><ele>1221.7999877929688</ele></trkpt><trkpt lat="46.43175941426307" lon="8.187433437909931"><ele>1221.7999877929688</ele></trkpt><trkpt lat="46.43175043631345" lon="8.187430711928755"><ele>1221.7999877929688</ele></trkpt><trkpt lat="46.43172152712941" lon="8.187039987649769"><ele>1223.5</ele></trkpt><trkpt lat="46.43171023018658" lon="8.186570140067488"><ele>1225.8999938964844</ele></trkpt><trkpt lat="46.43163145892322" lon="8.186100665014237"><ele>1229.0</ele></trkpt><trkpt lat="46.43159016640857" lon="8.185950472019613"><ele>1230.0</ele></trkpt><trkpt lat="46.431531585752964" lon="8.185829965863377"><ele>1230.0</ele></trkpt><trkpt lat="46.43136030668393" lon="8.185610327403992"><ele>1228.0</ele></trkpt><trkpt lat="46.431230345740914" lon="8.185400366783142"><ele>1226.1999816894531</ele></trkpt><trkpt lat="46.43100142804906" lon="8.185190347023308"><ele>1224.8999938964844</ele></trkpt><trkpt lat="46.43037986243144" lon="8.184770664200187"><ele>1223.5</ele></trkpt><trkpt lat="46.4302403149195" lon="8.184650350362062"><ele>1223.5999755859375</ele></trkpt><trkpt lat="46.42967024864629" lon="8.18405965110287"><ele>1225.8999938964844</ele></trkpt><trkpt lat="46.429380304180086" lon="8.183690080419183"><ele>1228.2999877929688</ele></trkpt><trkpt lat="46.42930153058842" lon="8.183630452491343"><ele>1228.3999938964844</ele></trkpt><trkpt lat="46.42910144943744" lon="8.183549645356834"><ele>1228.7999877929688</ele></trkpt><trkpt lat="46.42901021009311" lon="8.183470331598073"><ele>1229.1999816894531</ele></trkpt><trkpt lat="46.42860024841502" lon="8.183019760996103"><ele>1233.5999755859375</ele></trkpt><trkpt lat="46.42816006438807" lon="8.182650746311992"><ele>1240.0</ele></trkpt><trkpt lat="46.42804139992222" lon="8.182500806637108"><ele>1242.1999816894531</ele></trkpt><trkpt lat="46.42742017749697" lon="8.18188993865624"><ele>1245.0999755859375</ele></trkpt><trkpt lat="46.42708985507488" lon="8.181640832219273"><ele>1245.0999755859375</ele></trkpt><trkpt lat="46.42690159380436" lon="8.181540682911873"><ele>1246.0999755859375</ele></trkpt><trkpt lat="46.426640403456986" lon="8.181449943687767"><ele>1248.5</ele></trkpt><trkpt lat="46.42654041200876" lon="8.181470692157745"><ele>1249.2999877929688</ele></trkpt><trkpt lat="46.42632025666535" lon="8.181570454966277"><ele>1251.7999877929688</ele></trkpt><trkpt lat="46.425860431510955" lon="8.18159018130973"><ele>1257.6999816894531</ele></trkpt><trkpt lat="46.425820004194975" lon="8.181581822223961"><ele>1258.0</ele></trkpt><trkpt lat="46.4254715712741" lon="8.181350690778345"><ele>1259.3999938964844</ele></trkpt><trkpt lat="46.425160214304924" lon="8.181090148165822"><ele>1261.8999938964844</ele></trkpt><trkpt lat="46.42475007753819" lon="8.180940137244761"><ele>1265.5999755859375</ele></trkpt><trkpt lat="46.42455029860139" lon="8.180950414389372"><ele>1265.3999938964844</ele></trkpt><trkpt lat="46.42441151896492" lon="8.180849647615105"><ele>1265.7999877929688</ele></trkpt><trkpt lat="46.424320014659315" lon="8.180810670368373"><ele>1266.2999877929688</ele></trkpt><trkpt lat="46.424161445349455" lon="8.18070963351056"><ele>1267.0</ele></trkpt><trkpt lat="46.424010259564966" lon="8.180580078624189"><ele>1266.2999877929688</ele></trkpt><trkpt lat="46.423879898153245" lon="8.180429994128644"><ele>1265.2999877929688</ele></trkpt><trkpt lat="46.42369004199281" lon="8.180160716641694"><ele>1264.5</ele></trkpt><trkpt lat="46.42344013042748" lon="8.179720205254853"><ele>1265.2999877929688</ele></trkpt><trkpt lat="46.42322988808155" lon="8.179679609369487"><ele>1263.8999938964844</ele></trkpt><trkpt lat="46.42298140749335" lon="8.179570845793933"><ele>1262.1999816894531</ele></trkpt><trkpt lat="46.422751571051776" lon="8.179500063415617"><ele>1261.3999938964844</ele></trkpt><trkpt lat="46.422600188758224" lon="8.17940043238923"><ele>1261.5999755859375</ele></trkpt><trkpt lat="46.4224214470014" lon="8.179219775367528"><ele>1262.1999816894531</ele></trkpt><trkpt lat="46.422410398256034" lon="8.179120759479702"><ele>1262.5</ele></trkpt><trkpt lat="46.42244981601834" lon="8.178870230913162"><ele>1264.5999755859375</ele></trkpt><trkpt lat="46.42246038094163" lon="8.178629715926945"><ele>1267.3999938964844</ele></trkpt><trkpt lat="46.422501587774605" lon="8.178380512166768"><ele>1269.0999755859375</ele></trkpt><trkpt lat="46.42203013598919" lon="8.17825180804357"><ele>1272.8999938964844</ele></trkpt><trkpt lat="46.42183161107823" lon="8.178069585934281"><ele>1272.3999938964844</ele></trkpt><trkpt lat="46.42175983591005" lon="8.178039989899844"><ele>1272.3999938964844</ele></trkpt><trkpt lat="46.42158993612975" lon="8.178020764607936"><ele>1272.6999816894531</ele></trkpt><trkpt lat="46.421510447748005" lon="8.178070414811373"><ele>1272.7999877929688</ele></trkpt><trkpt lat="46.42142048664391" lon="8.178070490248501"><ele>1272.0</ele></trkpt><trkpt lat="46.42130038468167" lon="8.178140400443226"><ele>1273.2999877929688</ele></trkpt><trkpt lat="46.42125007044524" lon="8.178130609449"><ele>1273.5</ele></trkpt><trkpt lat="46.42113030562177" lon="8.178010602016002"><ele>1273.5</ele></trkpt><trkpt lat="46.420830372255296" lon="8.17779058078304"><ele>1277.0</ele></trkpt><trkpt lat="46.420837560202926" lon="8.177791979629546"><ele>1277.0</ele></trkpt><trkpt lat="46.420837560202926" lon="8.177791979629546"><ele>1277.0</ele></trkpt><trkpt lat="46.420837560202926" lon="8.177791979629546"><ele>1277.0</ele></trkpt><trkpt lat="46.420830372255296" lon="8.17779058078304"><ele>1277.0</ele></trkpt><trkpt lat="46.420740232337266" lon="8.177680084947497"><ele>1278.6999816894531</ele></trkpt><trkpt lat="46.42051997547969" lon="8.177519688382745"><ele>1283.6999816894531</ele></trkpt><trkpt lat="46.420370128471404" lon="8.177460414357483"><ele>1289.6999816894531</ele></trkpt><trkpt lat="46.4202204849571" lon="8.177369923330843"><ele>1295.0999755859375</ele></trkpt><trkpt lat="46.420119925402105" lon="8.17733993800357"><ele>1298.0</ele></trkpt><trkpt lat="46.41994000552222" lon="8.177340092603117"><ele>1306.5999755859375</ele></trkpt><trkpt lat="46.419901453424245" lon="8.177320056129247"><ele>1307.8999938964844</ele></trkpt><trkpt lat="46.41978999180719" lon="8.177029761951417"><ele>1305.5999755859375</ele></trkpt><trkpt lat="46.41948991175741" lon="8.176831862423569"><ele>1304.7999877929688</ele></trkpt><trkpt lat="46.419200053904206" lon="8.176860440522432"><ele>1303.6999816894531</ele></trkpt><trkpt lat="46.41907019820064" lon="8.176770221441984"><ele>1303.1999816894531</ele></trkpt><trkpt lat="46.41899026744068" lon="8.17674962291494"><ele>1303.0</ele></trkpt><trkpt lat="46.418759896885604" lon="8.176760799717158"><ele>1304.7999877929688</ele></trkpt><trkpt lat="46.418691592291" lon="8.17675076564774"><ele>1305.1999816894531</ele></trkpt><trkpt lat="46.41862991405651" lon="8.176690091378987"><ele>1304.6999816894531</ele></trkpt><trkpt lat="46.41859997296706" lon="8.17659082589671"><ele>1304.3999938964844</ele></trkpt><trkpt lat="46.41861072136089" lon="8.176459593698382"><ele>1302.5999755859375</ele></trkpt><trkpt lat="46.41866033524275" lon="8.176300273276865"><ele>1301.6999816894531</ele></trkpt><trkpt lat="46.41880034189671" lon="8.175520410295576"><ele>1303.8999938964844</ele></trkpt><trkpt lat="46.418861406855285" lon="8.175259782932699"><ele>1302.1999816894531</ele></trkpt><trkpt lat="46.41897035762668" lon="8.174411850515753"><ele>1284.7999877929688</ele></trkpt><trkpt lat="46.41896157572046" lon="8.174240028485656"><ele>1284.2999877929688</ele></trkpt><trkpt lat="46.41887022741139" lon="8.173760105855763"><ele>1287.8999938964844</ele></trkpt><trkpt lat="46.41889008553699" lon="8.173610785510391"><ele>1286.6999816894531</ele></trkpt><trkpt lat="46.4188816123642" lon="8.173530022148043"><ele>1285.7999877929688</ele></trkpt><trkpt lat="46.418821413535625" lon="8.173240434844047"><ele>1281.3999938964844</ele></trkpt><trkpt lat="46.41874996479601" lon="8.17316012037918"><ele>1279.3999938964844</ele></trkpt><trkpt lat="46.418660323601216" lon="8.173110778909177"><ele>1278.5</ele></trkpt><trkpt lat="46.4186215181835" lon="8.173129765782505"><ele>1279.7999877929688</ele></trkpt><trkpt lat="46.41859048046172" lon="8.173199587967247"><ele>1282.2999877929688</ele></trkpt><trkpt lat="46.41861148085445" lon="8.173430109862238"><ele>1294.5</ele></trkpt><trkpt lat="46.418590454850346" lon="8.17348185647279"><ele>1294.7999877929688</ele></trkpt><trkpt lat="46.41843039635569" lon="8.173609765712172"><ele>1291.1999816894531</ele></trkpt><trkpt lat="46.41836047638208" lon="8.173710278701037"><ele>1291.5</ele></trkpt><trkpt lat="46.418220383580774" lon="8.173950323835015"><ele>1295.3999938964844</ele></trkpt><trkpt lat="46.41814030800015" lon="8.173951840028167"><ele>1291.0</ele></trkpt><trkpt lat="46.41802028287202" lon="8.174010048620403"><ele>1286.2999877929688</ele></trkpt><trkpt lat="46.41793044609949" lon="8.174129801336676"><ele>1284.0999755859375</ele></trkpt><trkpt lat="46.417660164646804" lon="8.174330356530845"><ele>1282.1999816894531</ele></trkpt><trkpt lat="46.41745991026983" lon="8.174691851716489"><ele>1289.7999877929688</ele></trkpt><trkpt lat="46.41743158875033" lon="8.174619926605374"><ele>1287.5</ele></trkpt><trkpt lat="46.41740016452968" lon="8.174610395915806"><ele>1288.6999816894531</ele></trkpt><trkpt lat="46.41723984060809" lon="8.174640742130578"><ele>1297.8999938964844</ele></trkpt><trkpt lat="46.41717024054378" lon="8.174691828899086"><ele>1301.5999755859375</ele></trkpt><trkpt lat="46.41716158296913" lon="8.174639682285488"><ele>1302.3999938964844</ele></trkpt><trkpt lat="46.41718002874404" lon="8.174569692462683"><ele>1301.8999938964844</ele></trkpt><trkpt lat="46.41728040901944" lon="8.174349927343428"><ele>1298.6999816894531</ele></trkpt><trkpt lat="46.41732989391312" lon="8.17421011812985"><ele>1300.7999877929688</ele></trkpt><trkpt lat="46.41734153125435" lon="8.17408020189032"><ele>1300.3999938964844</ele></trkpt><trkpt lat="46.41734038107097" lon="8.173980029299855"><ele>1300.1999816894531</ele></trkpt><trkpt lat="46.41720033111051" lon="8.17337979376316"><ele>1297.5999755859375</ele></trkpt><trkpt lat="46.4171815100126" lon="8.173229954205453"><ele>1297.3999938964844</ele></trkpt><trkpt lat="46.41715027065948" lon="8.173191810492426"><ele>1298.3999938964844</ele></trkpt><trkpt lat="46.41710999421775" lon="8.173160047736019"><ele>1297.7999877929688</ele></trkpt><trkpt lat="46.41704040253535" lon="8.173209834843874"><ele>1297.8999938964844</ele></trkpt><trkpt lat="46.41689156880602" lon="8.17341073602438"><ele>1305.8999938964844</ele></trkpt><trkpt lat="46.41686014458537" lon="8.17354038450867"><ele>1312.0999755859375</ele></trkpt><trkpt lat="46.416700263973325" lon="8.173780156765133"><ele>1323.3999938964844</ele></trkpt><trkpt lat="46.41659147106111" lon="8.17391005717218"><ele>1328.8999938964844</ele></trkpt><trkpt lat="46.416480366140604" lon="8.173980092164129"><ele>1328.5</ele></trkpt><trkpt lat="46.41639022156596" lon="8.173869610298425"><ele>1325.0</ele></trkpt><trkpt lat="46.41636149585247" lon="8.1738601163961"><ele>1325.1999816894531</ele></trkpt><trkpt lat="46.416330265346915" lon="8.173820672091097"><ele>1325.5999755859375</ele></trkpt><trkpt lat="46.41631003143266" lon="8.173750159796327"><ele>1326.1999816894531</ele></trkpt><trkpt lat="46.41629043733701" lon="8.173580801580101"><ele>1327.1999816894531</ele></trkpt><trkpt lat="46.416290196590126" lon="8.173340166453272"><ele>1328.7999877929688</ele></trkpt><trkpt lat="46.41634033806622" lon="8.172959736082703"><ele>1331.6999816894531</ele></trkpt><trkpt lat="46.416351520456374" lon="8.172760878223926"><ele>1333.3999938964844</ele></trkpt><trkpt lat="46.41635000007227" lon="8.17243958124891"><ele>1335.7999877929688</ele></trkpt><trkpt lat="46.416329883039" lon="8.172350861132145"><ele>1336.5</ele></trkpt><trkpt lat="46.41628997633234" lon="8.17226187326014"><ele>1337.3999938964844</ele></trkpt><trkpt lat="46.416151450015604" lon="8.172120825387537"><ele>1338.5999755859375</ele></trkpt><trkpt lat="46.41615411452949" lon="8.172126064542681"><ele>1338.5999755859375</ele></trkpt><trkpt lat="46.41615411452949" lon="8.172126064542681"><ele>1338.5999755859375</ele></trkpt><trkpt lat="46.41615411452949" lon="8.172126064542681"><ele>1338.5999755859375</ele></trkpt><trkpt lat="46.416151450015604" lon="8.172120825387537"><ele>1338.5999755859375</ele></trkpt><trkpt lat="46.415869949385524" lon="8.17183086834848"><ele>1342.0</ele></trkpt><trkpt lat="46.41578038362786" lon="8.171769826672971"><ele>1343.0999755859375</ele></trkpt><trkpt lat="46.41567153297365" lon="8.171769657637924"><ele>1344.0999755859375</ele></trkpt><trkpt lat="46.41549988463521" lon="8.171881800983101"><ele>1345.5999755859375</ele></trkpt><trkpt lat="46.41544142412022" lon="8.171879711095244"><ele>1346.1999816894531</ele></trkpt><trkpt lat="46.415349857416004" lon="8.17184985941276"><ele>1347.0</ele></trkpt><trkpt lat="46.41527024563402" lon="8.171779847703874"><ele>1348.2999877929688</ele></trkpt><trkpt lat="46.41521151550114" lon="8.171680202707648"><ele>1349.3999938964844</ele></trkpt><trkpt lat="46.41507028788328" lon="8.171260776929557"><ele>1352.5</ele></trkpt><trkpt lat="46.41493144026026" lon="8.171029983554035"><ele>1354.5999755859375</ele></trkpt><trkpt lat="46.414861529134214" lon="8.170990020036697"><ele>1355.0</ele></trkpt><trkpt lat="46.41461073048413" lon="8.170960624236614"><ele>1357.2999877929688</ele></trkpt><trkpt lat="46.414530092384666" lon="8.170910111162812"><ele>1358.5</ele></trkpt><trkpt lat="46.41447033639997" lon="8.170829964336008"><ele>1359.7999877929688</ele></trkpt><trkpt lat="46.41441988572478" lon="8.170701818540692"><ele>1360.3999938964844</ele></trkpt><trkpt lat="46.41441013198346" lon="8.170540404506028"><ele>1361.5999755859375</ele></trkpt><trkpt lat="46.41439014719799" lon="8.170430879108608"><ele>1362.5</ele></trkpt><trkpt lat="46.414230027701706" lon="8.170150379184633"><ele>1365.0999755859375</ele></trkpt><trkpt lat="46.413969985209405" lon="8.169880241621286"><ele>1368.5</ele></trkpt><trkpt lat="46.413570440374315" lon="8.169619934167713"><ele>1373.2999877929688</ele></trkpt><trkpt lat="46.41341037256643" lon="8.169470806606114"><ele>1375.1999816894531</ele></trkpt><trkpt lat="46.41309995576739" lon="8.168920361902565"><ele>1380.5</ele></trkpt><trkpt lat="46.412541505880654" lon="8.168189705349505"><ele>1389.0999755859375</ele></trkpt><trkpt lat="46.412470045965165" lon="8.16811070824042"><ele>1389.7999877929688</ele></trkpt><trkpt lat="46.412300089374185" lon="8.167960154358298"><ele>1391.5999755859375</ele></trkpt><trkpt lat="46.412140345200896" lon="8.16776031581685"><ele>1393.5999755859375</ele></trkpt><trkpt lat="46.41204015817493" lon="8.167671829462051"><ele>1394.3999938964844</ele></trkpt><trkpt lat="46.411831457633525" lon="8.167390698101372"><ele>1397.2999877929688</ele></trkpt><trkpt lat="46.41169009311125" lon="8.167270446196198"><ele>1399.0</ele></trkpt><trkpt lat="46.41161073697731" lon="8.167160131037235"><ele>1400.0</ele></trkpt><trkpt lat="46.411480099428445" lon="8.167050429154187"><ele>1401.5999755859375</ele></trkpt><trkpt lat="46.41143016889691" lon="8.166980827692896"><ele>1402.3999938964844</ele></trkpt><trkpt lat="46.4113103938289" lon="8.16672040335834"><ele>1404.6999816894531</ele></trkpt><trkpt lat="46.41084001539275" lon="8.166141841094941"><ele>1411.5999755859375</ele></trkpt><trkpt lat="46.41057007666677" lon="8.16587030608207"><ele>1414.7999877929688</ele></trkpt><trkpt lat="46.41012001642957" lon="8.16548971645534"><ele>1420.1999816894531</ele></trkpt><trkpt lat="46.41004020906985" lon="8.165449631400406"><ele>1421.1999816894531</ele></trkpt><trkpt lat="46.409921455197036" lon="8.165450643282384"><ele>1422.3999938964844</ele></trkpt><trkpt lat="46.40975002152845" lon="8.16538982372731"><ele>1424.2999877929688</ele></trkpt><trkpt lat="46.4094214704819" lon="8.165139623451978"><ele>1427.8999938964844</ele></trkpt><trkpt lat="46.40920986561105" lon="8.165030147880316"><ele>1430.1999816894531</ele></trkpt><trkpt lat="46.40879989834502" lon="8.164709935430437"><ele>1434.3999938964844</ele></trkpt><trkpt lat="46.40834996011108" lon="8.164450318086892"><ele>1439.2999877929688</ele></trkpt><trkpt lat="46.408171453978866" lon="8.164369901176542"><ele>1441.0999755859375</ele></trkpt><trkpt lat="46.40800989745185" lon="8.164311820175499"><ele>1443.0</ele></trkpt><trkpt lat="46.40780049189925" lon="8.164280410856009"><ele>1445.2999877929688</ele></trkpt><trkpt lat="46.40722154267132" lon="8.16450026165694"><ele>1451.1999816894531</ele></trkpt><trkpt lat="46.407080109696835" lon="8.164530883543193"><ele>1451.8999938964844</ele></trkpt><trkpt lat="46.407089088112116" lon="8.164533604402095"><ele>1451.8999938964844</ele></trkpt><trkpt lat="46.407089088112116" lon="8.164533604402095"><ele>1451.8999938964844</ele></trkpt><trkpt lat="46.407089088112116" lon="8.164533604402095"><ele>1451.8999938964844</ele></trkpt><trkpt lat="46.407080109696835" lon="8.164530883543193"><ele>1451.8999938964844</ele></trkpt><trkpt lat="46.4068702547811" lon="8.164569694083184"><ele>1454.7999877929688</ele></trkpt><trkpt lat="46.406789931003004" lon="8.16461023595184"><ele>1455.5999755859375</ele></trkpt><trkpt lat="46.40627999603748" lon="8.16501046763733"><ele>1461.5</ele></trkpt><trkpt lat="46.406210091896355" lon="8.16510966885835"><ele>1462.8999938964844</ele></trkpt><trkpt lat="46.40610148990527" lon="8.165070501621813"><ele>1457.5</ele></trkpt><trkpt lat="46.40606048703194" lon="8.165151882916689"><ele>1459.3999938964844</ele></trkpt><trkpt lat="46.40605009300634" lon="8.165229772217572"><ele>1461.5</ele></trkpt><trkpt lat="46.40608048578724" lon="8.165260090027004"><ele>1463.7999877929688</ele></trkpt><trkpt lat="46.406141528859735" lon="8.165280413813889"><ele>1464.5999755859375</ele></trkpt><trkpt lat="46.406440139282495" lon="8.16528961295262"><ele>1473.7999877929688</ele></trkpt><trkpt lat="46.40655014012009" lon="8.165250770747662"><ele>1475.5999755859375</ele></trkpt><trkpt lat="46.40662994841114" lon="8.16529085347429"><ele>1478.5999755859375</ele></trkpt><trkpt lat="46.40676045510918" lon="8.165280896238983"><ele>1482.0</ele></trkpt><trkpt lat="46.406790014822036" lon="8.165300799068063"><ele>1483.0999755859375</ele></trkpt><trkpt lat="46.4067916222848" lon="8.165330731775612"><ele>1484.0</ele></trkpt><trkpt lat="46.40675988094881" lon="8.165370622184128"><ele>1485.3999938964844</ele></trkpt><trkpt lat="46.406760464422405" lon="8.165420048870146"><ele>1486.6999816894531</ele></trkpt><trkpt lat="46.40678012929857" lon="8.165439819451421"><ele>1487.5999755859375</ele></trkpt><trkpt lat="46.40679156500846" lon="8.165480287745595"><ele>1488.8999938964844</ele></trkpt><trkpt lat="46.4067903496325" lon="8.165529690217227"><ele>1490.5</ele></trkpt><trkpt lat="46.4067614316009" lon="8.165550110861659"><ele>1491.3999938964844</ele></trkpt><trkpt lat="46.40668021701276" lon="8.165729791857302"><ele>1497.6999816894531</ele></trkpt><trkpt lat="46.40659141447395" lon="8.165830040350556"><ele>1500.5999755859375</ele></trkpt><trkpt lat="46.406490401830524" lon="8.166010755579919"><ele>1507.5</ele></trkpt><trkpt lat="46.40644144453108" lon="8.166069922503084"><ele>1510.0</ele></trkpt><trkpt lat="46.406340239569545" lon="8.166140093002468"><ele>1512.1999816894531</ele></trkpt><trkpt lat="46.40625047078356" lon="8.166250731330365"><ele>1516.0</ele></trkpt><trkpt lat="46.40614027809352" lon="8.166459931991994"><ele>1521.1999816894531</ele></trkpt><trkpt lat="46.40613012528047" lon="8.166500110644847"><ele>1523.0</ele></trkpt><trkpt lat="46.40631010616198" lon="8.166490819305182"><ele>1527.1999816894531</ele></trkpt><trkpt lat="46.406290765851736" lon="8.166560786310583"><ele>1529.1999816894531</ele></trkpt><trkpt lat="46.40624997066334" lon="8.166609657462686"><ele>1530.1999816894531</ele></trkpt><trkpt lat="46.40626140637323" lon="8.16665012575686"><ele>1532.5</ele></trkpt><trkpt lat="46.40642158873379" lon="8.166641870047897"><ele>1535.0</ele></trkpt><trkpt lat="46.40651040058583" lon="8.166680775117129"><ele>1538.5</ele></trkpt><trkpt lat="46.406470437999815" lon="8.166740061249584"><ele>1539.5999755859375</ele></trkpt><trkpt lat="46.40639005508274" lon="8.166789702139795"><ele>1540.2999877929688</ele></trkpt><trkpt lat="46.40631024632603" lon="8.166890069376677"><ele>1543.0</ele></trkpt><trkpt lat="46.40615004533902" lon="8.167181828059256"><ele>1550.5</ele></trkpt><trkpt lat="46.40616162260994" lon="8.167200190480798"><ele>1552.0999755859375</ele></trkpt><trkpt lat="46.406430090777576" lon="8.167140069883317"><ele>1557.1999816894531</ele></trkpt><trkpt lat="46.40654157428071" lon="8.167150669265538"><ele>1560.2999877929688</ele></trkpt><trkpt lat="46.40675149625167" lon="8.167241919785738"><ele>1567.0</ele></trkpt><trkpt lat="46.406750405207276" lon="8.167271816171706"><ele>1568.1999816894531</ele></trkpt><trkpt lat="46.40666990540922" lon="8.167339662089944"><ele>1570.2999877929688</ele></trkpt><trkpt lat="46.40656015323475" lon="8.167479942087084"><ele>1574.0999755859375</ele></trkpt><trkpt lat="46.40642006788403" lon="8.167580800130963"><ele>1577.0</ele></trkpt><trkpt lat="46.40633993269876" lon="8.16773188021034"><ele>1580.3999938964844</ele></trkpt><trkpt lat="46.40631006471813" lon="8.167760089971125"><ele>1580.6999816894531</ele></trkpt><trkpt lat="46.40630151843652" lon="8.167830200865865"><ele>1583.0999755859375</ele></trkpt><trkpt lat="46.40623995848" lon="8.16789049655199"><ele>1584.8999938964844</ele></trkpt><trkpt lat="46.406200053635985" lon="8.16794067947194"><ele>1585.5</ele></trkpt><trkpt lat="46.406160463579" lon="8.168081899173558"><ele>1588.5</ele></trkpt><trkpt lat="46.40615167468786" lon="8.168189720716327"><ele>1591.2999877929688</ele></trkpt><trkpt lat="46.40609043696895" lon="8.168339752592146"><ele>1593.5999755859375</ele></trkpt><trkpt lat="46.4060401157476" lon="8.168610875029117"><ele>1597.7999877929688</ele></trkpt><trkpt lat="46.40605162549764" lon="8.168639639858156"><ele>1598.8999938964844</ele></trkpt><trkpt lat="46.40607141517103" lon="8.168639906216413"><ele>1599.6999816894531</ele></trkpt><trkpt lat="46.406160154845566" lon="8.168550066649914"><ele>1602.7999877929688</ele></trkpt><trkpt lat="46.40640035318211" lon="8.168269792571664"><ele>1609.5</ele></trkpt><trkpt lat="46.40648163668811" lon="8.168220166582614"><ele>1611.0999755859375</ele></trkpt><trkpt lat="46.40670017153025" lon="8.168230906594545"><ele>1615.3999938964844</ele></trkpt><trkpt lat="46.406960343476385" lon="8.16820189030841"><ele>1616.8999938964844</ele></trkpt><trkpt lat="46.40709155751392" lon="8.168221860658377"><ele>1619.8999938964844</ele></trkpt><trkpt lat="46.407180309761316" lon="8.168269871268421"><ele>1622.7999877929688</ele></trkpt><trkpt lat="46.407280166167766" lon="8.168269912712276"><ele>1625.2999877929688</ele></trkpt><trkpt lat="46.40746149420738" lon="8.168330872431397"><ele>1628.5</ele></trkpt><trkpt lat="46.407470046542585" lon="8.168399914167821"><ele>1630.0999755859375</ele></trkpt><trkpt lat="46.407400315161794" lon="8.168471805285662"><ele>1632.5</ele></trkpt><trkpt lat="46.407370313536376" lon="8.168520821258426"><ele>1633.8999938964844</ele></trkpt><trkpt lat="46.407320451922715" lon="8.168720428831875"><ele>1639.0</ele></trkpt><trkpt lat="46.407281580381095" lon="8.16874981764704"><ele>1639.5</ele></trkpt><trkpt lat="46.40719997137785" lon="8.168850159738213"><ele>1643.5999755859375</ele></trkpt><trkpt lat="46.407091493718326" lon="8.168931933119893"><ele>1647.5999755859375</ele></trkpt><trkpt lat="46.40698143420741" lon="8.168979871552438"><ele>1649.6999816894531</ele></trkpt><trkpt lat="46.406931567471474" lon="8.169040324632078"><ele>1652.2999877929688</ele></trkpt><trkpt lat="46.40686043445021" lon="8.169190224725753"><ele>1657.5</ele></trkpt><trkpt lat="46.4067816529423" lon="8.169410248287022"><ele>1662.2999877929688</ele></trkpt><trkpt lat="46.406691561918706" lon="8.16957029607147"><ele>1664.3999938964844</ele></trkpt><trkpt lat="46.40669333608821" lon="8.169574221596122"><ele>1664.3999938964844</ele></trkpt><trkpt lat="46.40669333608821" lon="8.169574221596122"><ele>1664.3999938964844</ele></trkpt><trkpt lat="46.40669333608821" lon="8.169574221596122"><ele>1664.3999938964844</ele></trkpt><trkpt lat="46.406691561918706" lon="8.16957029607147"><ele>1664.3999938964844</ele></trkpt><trkpt lat="46.40662993770093" lon="8.169780145399272"><ele>1669.7999877929688</ele></trkpt><trkpt lat="46.40658045420423" lon="8.170060383621603"><ele>1674.5999755859375</ele></trkpt><trkpt lat="46.4065700401552" lon="8.170140873640776"><ele>1677.1999816894531</ele></trkpt><trkpt lat="46.40659144427627" lon="8.170169772580266"><ele>1678.2999877929688</ele></trkpt><trkpt lat="46.40669168578461" lon="8.170110000763088"><ele>1680.1999816894531</ele></trkpt><trkpt lat="46.40678042639047" lon="8.170020162593573"><ele>1682.0999755859375</ele></trkpt><trkpt lat="46.406941584311426" lon="8.170000225305557"><ele>1685.7999877929688</ele></trkpt><trkpt lat="46.40699048573151" lon="8.169950164854527"><ele>1686.3999938964844</ele></trkpt><trkpt lat="46.40704002697021" lon="8.169940428808331"><ele>1688.0999755859375</ele></trkpt><trkpt lat="46.4071614718996" lon="8.16994076455012"><ele>1693.2999877929688</ele></trkpt><trkpt lat="46.40727147459984" lon="8.169901931192726"><ele>1697.0999755859375</ele></trkpt><trkpt lat="46.40750036621466" lon="8.170260052662343"><ele>1708.6999816894531</ele></trkpt><trkpt lat="46.40756153408438" lon="8.170260877348483"><ele>1710.6999816894531</ele></trkpt><trkpt lat="46.407590000424534" lon="8.170310680288821"><ele>1712.0999755859375</ele></trkpt><trkpt lat="46.407641460653394" lon="8.170421916991472"><ele>1714.7999877929688</ele></trkpt><trkpt lat="46.40767038799822" lon="8.170400198549032"><ele>1715.0999755859375</ele></trkpt><trkpt lat="46.4077301453799" lon="8.170480335131288"><ele>1717.6999816894531</ele></trkpt><trkpt lat="46.407781613525" lon="8.170590272173285"><ele>1720.1999816894531</ele></trkpt><trkpt lat="46.40784143144265" lon="8.170800461433828"><ele>1725.1999816894531</ele></trkpt><trkpt lat="46.407871497794986" lon="8.171020654030144"><ele>1730.5999755859375</ele></trkpt><trkpt lat="46.40790157020092" lon="8.171100391075015"><ele>1732.3999938964844</ele></trkpt><trkpt lat="46.40794145734981" lon="8.171610731631517"><ele>1740.5999755859375</ele></trkpt><trkpt lat="46.407944122329354" lon="8.171615969855338"><ele>1740.5999755859375</ele></trkpt><trkpt lat="46.407944122329354" lon="8.171615969855338"><ele>1740.5999755859375</ele></trkpt><trkpt lat="46.407944122329354" lon="8.171615969855338"><ele>1740.5999755859375</ele></trkpt><trkpt lat="46.40794145734981" lon="8.171610731631517"><ele>1740.5999755859375</ele></trkpt><trkpt lat="46.40796150173992" lon="8.171850298065692"><ele>1748.0999755859375</ele></trkpt><trkpt lat="46.407981544267386" lon="8.171950709074736"><ele>1750.7999877929688</ele></trkpt><trkpt lat="46.40804020734504" lon="8.172060744836926"><ele>1753.0</ele></trkpt><trkpt lat="46.408050413709134" lon="8.172151918988675"><ele>1753.8999938964844</ele></trkpt><trkpt lat="46.408031524159014" lon="8.17229081923142"><ele>1755.5999755859375</ele></trkpt><trkpt lat="46.408041486050934" lon="8.172419704962522"><ele>1756.8999938964844</ele></trkpt><trkpt lat="46.408001638017595" lon="8.172460783272982"><ele>1757.2999877929688</ele></trkpt><trkpt lat="46.4079903899692" lon="8.172530858777463"><ele>1758.0</ele></trkpt><trkpt lat="46.408011650666595" lon="8.172581866383553"><ele>1758.5</ele></trkpt><trkpt lat="46.40819008368999" lon="8.17281186953187"><ele>1761.3999938964844</ele></trkpt><trkpt lat="46.40837012929842" lon="8.173209663946182"><ele>1764.1999816894531</ele></trkpt><trkpt lat="46.408373668789864" lon="8.173218815587461"><ele>1765.7999877929688</ele></trkpt><trkpt lat="46.408373668789864" lon="8.173218815587461"><ele>1765.7999877929688</ele></trkpt><trkpt lat="46.408373668789864" lon="8.173218815587461"><ele>1765.7999877929688</ele></trkpt><trkpt lat="46.40831171022728" lon="8.17334022698924"><ele>1768.2999877929688</ele></trkpt><trkpt lat="46.40831171022728" lon="8.17334022698924"><ele>1768.2999877929688</ele></trkpt><trkpt lat="46.40831171022728" lon="8.17334022698924"><ele>1768.2999877929688</ele></trkpt><trkpt lat="46.40817448729649" lon="8.173275945242494"><ele>1768.3999938964844</ele></trkpt><trkpt lat="46.40817448729649" lon="8.173275945242494"><ele>1768.3999938964844</ele></trkpt><trkpt lat="46.40817448729649" lon="8.173275945242494"><ele>1768.3999938964844</ele></trkpt><trkpt lat="46.40813595009968" lon="8.173392470926046"><ele>1770.7999877929688</ele></trkpt><trkpt lat="46.40811299905181" lon="8.173463689163327"><ele>1771.5999755859375</ele></trkpt><trkpt lat="46.40811299905181" lon="8.173463689163327"><ele>1771.5999755859375</ele></trkpt><trkpt lat="46.40811299905181" lon="8.173463689163327"><ele>1771.5999755859375</ele></trkpt><trkpt lat="46.4080296382308" lon="8.173417042940855"><ele>1771.6999816894531</ele></trkpt><trkpt lat="46.407951657660306" lon="8.173373070545495"><ele>1771.7999877929688</ele></trkpt><trkpt lat="46.407951657660306" lon="8.173373070545495"><ele>1771.7999877929688</ele></trkpt><trkpt lat="46.407951657660306" lon="8.173373070545495"><ele>1771.7999877929688</ele></trkpt><trkpt lat="46.40795167442411" lon="8.173370469827205"><ele>1771.6999816894531</ele></trkpt><trkpt lat="46.40785008715466" lon="8.173359991516918"><ele>1771.5</ele></trkpt><trkpt lat="46.407691502477974" lon="8.173260307870805"><ele>1771.0</ele></trkpt><trkpt lat="46.40758046600968" lon="8.173319929279387"><ele>1772.0</ele></trkpt><trkpt lat="46.40740021597594" lon="8.173370811156929"><ele>1772.3999938964844</ele></trkpt><trkpt lat="46.40721034212038" lon="8.173240793403238"><ele>1773.0999755859375</ele></trkpt><trkpt lat="46.407140431925654" lon="8.173200833145529"><ele>1774.1999816894531</ele></trkpt><trkpt lat="46.40714037325233" lon="8.173209935892373"><ele>1774.1999816894531</ele></trkpt><trkpt lat="46.40714037325233" lon="8.173209935892373"><ele>1774.1999816894531</ele></trkpt><trkpt lat="46.40714037325233" lon="8.173209935892373"><ele>1774.1999816894531</ele></trkpt><trkpt lat="46.407140431925654" lon="8.173200833145529"><ele>1774.1999816894531</ele></trkpt><trkpt lat="46.4070803578943" lon="8.173170109279454"><ele>1774.6999816894531</ele></trkpt><trkpt lat="46.406960006803274" lon="8.17313987063244"><ele>1776.0999755859375</ele></trkpt><trkpt lat="46.40670143114403" lon="8.173200096469373"><ele>1776.0999755859375</ele></trkpt><trkpt lat="46.40576158743352" lon="8.173301823437214"><ele>1774.7999877929688</ele></trkpt><trkpt lat="46.40530028147623" lon="8.173550471197814"><ele>1779.0</ele></trkpt><trkpt lat="46.40517009422183" lon="8.173650144599378"><ele>1783.1999816894531</ele></trkpt><trkpt lat="46.40475156949833" lon="8.173960487358272"><ele>1791.7999877929688</ele></trkpt><trkpt lat="46.40456039691344" lon="8.174169869627804"><ele>1794.5999755859375</ele></trkpt><trkpt lat="46.4044902138412" lon="8.17431066557765"><ele>1791.5</ele></trkpt><trkpt lat="46.4043299225159" lon="8.174751940183342"><ele>1795.0</ele></trkpt><trkpt lat="46.40426001790911" lon="8.174849824979901"><ele>1794.0999755859375</ele></trkpt><trkpt lat="46.403740006964654" lon="8.175271911080927"><ele>1793.2999877929688</ele></trkpt><trkpt lat="46.40335156349465" lon="8.175520218443125"><ele>1781.2999877929688</ele></trkpt><trkpt lat="46.4031100734137" lon="8.175719804130495"><ele>1782.5</ele></trkpt><trkpt lat="46.40303025674075" lon="8.175820151809603"><ele>1784.1999816894531</ele></trkpt><trkpt lat="46.40276991901919" lon="8.176289961207658"><ele>1794.1999816894531</ele></trkpt><trkpt lat="46.40271998010576" lon="8.176360804121941"><ele>1793.0999755859375</ele></trkpt><trkpt lat="46.40268027409911" lon="8.176379770506173"><ele>1792.0999755859375</ele></trkpt><trkpt lat="46.40259024547413" lon="8.176390250213444"><ele>1789.5</ele></trkpt><trkpt lat="46.402491483371705" lon="8.176360299810767"><ele>1786.7999877929688</ele></trkpt><trkpt lat="46.40218163141981" lon="8.176419807597995"><ele>1779.2999877929688</ele></trkpt><trkpt lat="46.40214993618429" lon="8.176451886072755"><ele>1777.1999816894531</ele></trkpt><trkpt lat="46.402100388891995" lon="8.17660075519234"><ele>1773.1999816894531</ele></trkpt><trkpt lat="46.40203047404066" lon="8.176699933595955"><ele>1770.7999877929688</ele></trkpt><trkpt lat="46.402021538000554" lon="8.176690709311515"><ele>1770.2999877929688</ele></trkpt><trkpt lat="46.40203028405085" lon="8.176590698771179"><ele>1766.6999816894531</ele></trkpt><trkpt lat="46.40202167769894" lon="8.176530764438212"><ele>1765.0999755859375</ele></trkpt><trkpt lat="46.402000156696886" lon="8.176520069129765"><ele>1765.0999755859375</ele></trkpt><trkpt lat="46.401960120070726" lon="8.176589744631201"><ele>1760.8999938964844</ele></trkpt><trkpt lat="46.4019114151597" lon="8.17647074861452"><ele>1758.2999877929688</ele></trkpt><trkpt lat="46.40182017860934" lon="8.176390185952187"><ele>1753.3999938964844</ele></trkpt><trkpt lat="46.40179042564705" lon="8.176400183700025"><ele>1747.8999938964844</ele></trkpt><trkpt lat="46.40177166229114" lon="8.176380422897637"><ele>1746.6999816894531</ele></trkpt><trkpt lat="46.40172166377306" lon="8.176460365764797"><ele>1742.6999816894531</ele></trkpt><trkpt lat="46.401690433267504" lon="8.176420930307359"><ele>1740.2999877929688</ele></trkpt><trkpt lat="46.401670390274376" lon="8.17645966866985"><ele>1739.5999755859375</ele></trkpt><trkpt lat="46.401651626452804" lon="8.176439907867461"><ele>1737.8999938964844</ele></trkpt><trkpt lat="46.40161018026993" lon="8.176449747290462"><ele>1735.2999877929688</ele></trkpt><trkpt lat="46.401601627934724" lon="8.176519850734621"><ele>1734.1999816894531</ele></trkpt><trkpt lat="46.40155002474785" lon="8.17656986322254"><ele>1732.1999816894531</ele></trkpt><trkpt lat="46.401481652166694" lon="8.176570233888924"><ele>1729.0</ele></trkpt><trkpt lat="46.40140049112961" lon="8.176600338891149"><ele>1725.3999938964844</ele></trkpt><trkpt lat="46.401331548113376" lon="8.176549987867475"><ele>1720.0999755859375</ele></trkpt><trkpt lat="46.40126040857285" lon="8.176560723222792"><ele>1712.8999938964844</ele></trkpt><trkpt lat="46.40121163940057" lon="8.17658996861428"><ele>1712.5</ele></trkpt><trkpt lat="46.40116145228967" lon="8.176560678519309"><ele>1711.0</ele></trkpt><trkpt lat="46.401151430327445" lon="8.176580047700554"><ele>1710.3999938964844</ele></trkpt><trkpt lat="46.40111023792997" lon="8.17655087960884"><ele>1708.1999816894531</ele></trkpt><trkpt lat="46.40106153674424" lon="8.176569723058492"><ele>1707.0999755859375</ele></trkpt><trkpt lat="46.40096025681123" lon="8.176650268491358"><ele>1706.0999755859375</ele></trkpt><trkpt lat="46.400870169047266" lon="8.176669849548489"><ele>1704.6999816894531</ele></trkpt><trkpt lat="46.40087645733729" lon="8.17667123535648"><ele>1704.6999816894531</ele></trkpt><trkpt lat="46.40087645733729" lon="8.17667123535648"><ele>1704.6999816894531</ele></trkpt><trkpt lat="46.40087645733729" lon="8.17667123535648"><ele>1704.6999816894531</ele></trkpt><trkpt lat="46.400870169047266" lon="8.176669849548489"><ele>1704.6999816894531</ele></trkpt><trkpt lat="46.400689916685224" lon="8.176720712799579"><ele>1699.1999816894531</ele></trkpt><trkpt lat="46.40034048538655" lon="8.176779678557068"><ele>1689.5</ele></trkpt><trkpt lat="46.40023041842505" lon="8.176689759362489"><ele>1686.2999877929688</ele></trkpt><trkpt lat="46.400151513982564" lon="8.176649677101523"><ele>1685.0999755859375</ele></trkpt><trkpt lat="46.400111550465226" lon="8.176569813862443"><ele>1682.5999755859375</ele></trkpt><trkpt lat="46.40004034945741" lon="8.176451816689223"><ele>1680.5</ele></trkpt><trkpt lat="46.39998030057177" lon="8.176140222232789"><ele>1671.0999755859375</ele></trkpt><trkpt lat="46.39993166271597" lon="8.176010829396546"><ele>1668.1999816894531</ele></trkpt><trkpt lat="46.39972149115056" lon="8.17582072969526"><ele>1667.1999816894531</ele></trkpt><trkpt lat="46.39972162991762" lon="8.175660791806877"><ele>1662.8999938964844</ele></trkpt><trkpt lat="46.39981158962473" lon="8.175660711713135"><ele>1657.8999938964844</ele></trkpt><trkpt lat="46.39975993242115" lon="8.17558069108054"><ele>1657.6999816894531</ele></trkpt><trkpt lat="46.39976026117802" lon="8.175529982894659"><ele>1655.1999816894531</ele></trkpt><trkpt lat="46.39979020692408" lon="8.175490078981966"><ele>1652.5999755859375</ele></trkpt><trkpt lat="46.399770100135356" lon="8.175400083884597"><ele>1650.0</ele></trkpt><trkpt lat="46.39953009597957" lon="8.175370821729302"><ele>1650.2999877929688</ele></trkpt><trkpt lat="46.399371510371566" lon="8.175410280469805"><ele>1653.2999877929688</ele></trkpt><trkpt lat="46.399111590813845" lon="8.175400253385305"><ele>1656.1999816894531</ele></trkpt><trkpt lat="46.398890402168036" lon="8.175659913104028"><ele>1660.0999755859375</ele></trkpt><trkpt lat="46.39867152739316" lon="8.17584028467536"><ele>1664.6999816894531</ele></trkpt><trkpt lat="46.39819989912212" lon="8.176430713851005"><ele>1678.5</ele></trkpt><trkpt lat="46.3981799017638" lon="8.176600778941065"><ele>1680.8999938964844</ele></trkpt><trkpt lat="46.39810144063085" lon="8.176630919799209"><ele>1682.7999877929688</ele></trkpt><trkpt lat="46.39794154372066" lon="8.176871899049729"><ele>1686.5</ele></trkpt><trkpt lat="46.39785999478772" lon="8.176961809862405"><ele>1688.0999755859375</ele></trkpt><trkpt lat="46.39781019417569" lon="8.177149672992527"><ele>1692.7999877929688</ele></trkpt><trkpt lat="46.397720287088305" lon="8.177279777824879"><ele>1695.3999938964844</ele></trkpt><trkpt lat="46.397550381254405" lon="8.177399692125618"><ele>1696.3999938964844</ele></trkpt><trkpt lat="46.39746009046212" lon="8.177450474817306"><ele>1697.5</ele></trkpt><trkpt lat="46.397289937827736" lon="8.177470265422016"><ele>1703.3999938964844</ele></trkpt><trkpt lat="46.39706026529893" lon="8.177650476340204"><ele>1703.2999877929688</ele></trkpt><trkpt lat="46.39690141612664" lon="8.177730231080204"><ele>1706.1999816894531</ele></trkpt><trkpt lat="46.39677166659385" lon="8.177900098264217"><ele>1708.7999877929688</ele></trkpt><trkpt lat="46.39591078879312" lon="8.178721826989204"><ele>1718.1999816894531</ele></trkpt><trkpt lat="46.39550997689366" lon="8.179210448171943"><ele>1724.0999755859375</ele></trkpt><trkpt lat="46.39534005243331" lon="8.179470774717629"><ele>1728.5</ele></trkpt><trkpt lat="46.39528003055602" lon="8.179570072796196"><ele>1730.0999755859375</ele></trkpt><trkpt lat="46.3952116323635" lon="8.179849985055625"><ele>1733.0999755859375</ele></trkpt><trkpt lat="46.39517158595845" lon="8.179920950438827"><ele>1733.7999877929688</ele></trkpt><trkpt lat="46.39505003904924" lon="8.180211838334799"><ele>1739.3999938964844</ele></trkpt><trkpt lat="46.395000115036964" lon="8.180280067957938"><ele>1740.5</ele></trkpt><trkpt lat="46.3947803331539" lon="8.180460395291448"><ele>1742.5</ele></trkpt><trkpt lat="46.39476008480415" lon="8.180530329234898"><ele>1743.5999755859375</ele></trkpt><trkpt lat="46.39462030027062" lon="8.180720849428326"><ele>1746.1999816894531</ele></trkpt><trkpt lat="46.394240375608206" lon="8.18104070611298"><ele>1753.5</ele></trkpt><trkpt lat="46.394130166154355" lon="8.181110709905624"><ele>1754.3999938964844</ele></trkpt><trkpt lat="46.39401025744155" lon="8.181150676682591"><ele>1755.3999938964844</ele></trkpt><trkpt lat="46.39390036044642" lon="8.181310396641493"><ele>1758.0</ele></trkpt><trkpt lat="46.393860389944166" lon="8.18136965855956"><ele>1758.3999938964844</ele></trkpt><trkpt lat="46.393799918238074" lon="8.181400035973638"><ele>1759.3999938964844</ele></trkpt><trkpt lat="46.393700474407524" lon="8.181611904408783"><ele>1761.1999816894531</ele></trkpt><trkpt lat="46.393621696624905" lon="8.181690137833357"><ele>1763.0999755859375</ele></trkpt><trkpt lat="46.39347008895129" lon="8.181899991352111"><ele>1765.8999938964844</ele></trkpt><trkpt lat="46.39319995837286" lon="8.182350052054971"><ele>1771.5999755859375</ele></trkpt><trkpt lat="46.39311149949208" lon="8.182669980917126"><ele>1776.0</ele></trkpt><trkpt lat="46.39308152999729" lon="8.182850292883813"><ele>1777.5</ele></trkpt><trkpt lat="46.39303023554385" lon="8.18299000710249"><ele>1779.0</ele></trkpt><trkpt lat="46.39287022128701" lon="8.183520878199488"><ele>1784.3999938964844</ele></trkpt><trkpt lat="46.392740244511515" lon="8.184271884150803"><ele>1792.1999816894531</ele></trkpt><trkpt lat="46.39274650719017" lon="8.184277170803398"><ele>1792.1999816894531</ele></trkpt><trkpt lat="46.39274650719017" lon="8.184277170803398"><ele>1792.1999816894531</ele></trkpt><trkpt lat="46.39274650719017" lon="8.184277170803398"><ele>1792.1999816894531</ele></trkpt><trkpt lat="46.392740244511515" lon="8.184271884150803"><ele>1792.1999816894531</ele></trkpt><trkpt lat="46.39268160937354" lon="8.184570114128292"><ele>1794.7999877929688</ele></trkpt><trkpt lat="46.392550179734826" lon="8.185540820006281"><ele>1804.0999755859375</ele></trkpt><trkpt lat="46.39257995970547" lon="8.185799959115684"><ele>1806.7999877929688</ele></trkpt><trkpt lat="46.39254021877423" lon="8.186779723968357"><ele>1813.3999938964844</ele></trkpt><trkpt lat="46.392600047867745" lon="8.187119886744767"><ele>1814.0999755859375</ele></trkpt><trkpt lat="46.392610067501664" lon="8.187510069459677"><ele>1815.1999816894531</ele></trkpt><trkpt lat="46.392750484868884" lon="8.187770736403763"><ele>1818.5999755859375</ele></trkpt><trkpt lat="46.39283015020192" lon="8.188239891082048"><ele>1822.8999938964844</ele></trkpt><trkpt lat="46.3928503068164" lon="8.188320779241621"><ele>1824.5</ele></trkpt><trkpt lat="46.39292032131925" lon="8.188480365555733"><ele>1828.0999755859375</ele></trkpt><trkpt lat="46.39295034436509" lon="8.188701807055622"><ele>1831.5999755859375</ele></trkpt><trkpt lat="46.39312034333125" lon="8.189250224269927"><ele>1843.0999755859375</ele></trkpt><trkpt lat="46.39327165018767" lon="8.189631964080036"><ele>1848.2999877929688</ele></trkpt><trkpt lat="46.393351673614234" lon="8.189910006709397"><ele>1851.5</ele></trkpt><trkpt lat="46.39347019093111" lon="8.190080668311566"><ele>1852.2999877929688</ele></trkpt><trkpt lat="46.393530131783336" lon="8.19013090385124"><ele>1852.5</ele></trkpt><trkpt lat="46.39361993269995" lon="8.19029076769948"><ele>1852.7999877929688</ele></trkpt><trkpt lat="46.3937014779076" lon="8.190610439050943"><ele>1854.0</ele></trkpt><trkpt lat="46.39377016760409" lon="8.191240676678717"><ele>1858.2999877929688</ele></trkpt><trkpt lat="46.39386041415855" lon="8.191739896312356"><ele>1861.8999938964844</ele></trkpt><trkpt lat="46.39396159816533" lon="8.192081947345287"><ele>1864.8999938964844</ele></trkpt><trkpt lat="46.39415169414133" lon="8.19231081707403"><ele>1867.5999755859375</ele></trkpt><trkpt lat="46.394251621328294" lon="8.192570941522717"><ele>1870.0</ele></trkpt><trkpt lat="46.394350414630026" lon="8.19273093668744"><ele>1872.5999755859375</ele></trkpt><trkpt lat="46.39440009742975" lon="8.192970862612128"><ele>1875.0999755859375</ele></trkpt><trkpt lat="46.394460279960185" lon="8.193119920790195"><ele>1876.2999877929688</ele></trkpt><trkpt lat="46.3945102551952" lon="8.193180423695594"><ele>1877.0999755859375</ele></trkpt><trkpt lat="46.39459155872464" lon="8.19339998671785"><ele>1878.0999755859375</ele></trkpt><trkpt lat="46.3946015574038" lon="8.193519743625075"><ele>1878.5</ele></trkpt><trkpt lat="46.394691474270076" lon="8.193931857123971"><ele>1880.8999938964844</ele></trkpt><trkpt lat="46.394770016893744" lon="8.194160484708846"><ele>1882.2999877929688</ele></trkpt><trkpt lat="46.39478153642267" lon="8.19432186987251"><ele>1882.6999816894531</ele></trkpt><trkpt lat="46.39484041882679" lon="8.194530721753836"><ele>1884.1999816894531</ele></trkpt><trkpt lat="46.3948314958252" lon="8.194249754305929"><ele>1887.1999816894531</ele></trkpt><trkpt lat="46.39485011994839" lon="8.194019877817482"><ele>1889.2999877929688</ele></trkpt><trkpt lat="46.39485001657158" lon="8.193900257814676"><ele>1889.8999938964844</ele></trkpt><trkpt lat="46.394820359069854" lon="8.193760724272579"><ele>1891.0</ele></trkpt><trkpt lat="46.39484007190913" lon="8.193231816403568"><ele>1895.5999755859375</ele></trkpt><trkpt lat="46.39479149784893" lon="8.192960700020194"><ele>1898.8999938964844</ele></trkpt><trkpt lat="46.394761501811445" lon="8.192871870007366"><ele>1898.6999816894531</ele></trkpt><trkpt lat="46.394760109484196" lon="8.192810741253197"><ele>1899.8999938964844</ele></trkpt><trkpt lat="46.394970124121755" lon="8.19329083384946"><ele>1905.0</ele></trkpt><trkpt lat="46.395011701155454" lon="8.193531950004399"><ele>1906.1999816894531</ele></trkpt><trkpt lat="46.39506012853235" lon="8.193689948879182"><ele>1907.6999816894531</ele></trkpt><trkpt lat="46.3951804311946" lon="8.193861949723214"><ele>1912.3999938964844</ele></trkpt><trkpt lat="46.395230155438185" lon="8.193960157223046"><ele>1915.1999816894531</ele></trkpt><trkpt lat="46.3953303815797" lon="8.194310009479523"><ele>1919.3999938964844</ele></trkpt><trkpt lat="46.39538028743118" lon="8.194380915723741"><ele>1921.3999938964844</ele></trkpt><trkpt lat="46.39548151707277" lon="8.19457995845005"><ele>1924.7999877929688</ele></trkpt><trkpt lat="46.39556154794991" lon="8.194720196537673"><ele>1928.3999938964844</ele></trkpt><trkpt lat="46.395571674685925" lon="8.194820454344153"><ele>1927.7999877929688</ele></trkpt><trkpt lat="46.39564141072333" lon="8.195020359009504"><ele>1928.1999816894531</ele></trkpt><trkpt lat="46.39573009358719" lon="8.195481874514371"><ele>1932.0999755859375</ele></trkpt><trkpt lat="46.395920417271554" lon="8.196080032270402"><ele>1937.7999877929688</ele></trkpt><trkpt lat="46.3961316794157" lon="8.196640780661255"><ele>1946.8999938964844</ele></trkpt><trkpt lat="46.39617156749591" lon="8.19672975409776"><ele>1948.7999877929688</ele></trkpt><trkpt lat="46.39628141000867" lon="8.196850909851491"><ele>1952.5999755859375</ele></trkpt><trkpt lat="46.39630040014163" lon="8.196970796678215"><ele>1952.3999938964844</ele></trkpt><trkpt lat="46.39645029976964" lon="8.197290149983019"><ele>1960.1999816894531</ele></trkpt><trkpt lat="46.3965603322722" lon="8.197651855647564"><ele>1965.3999938964844</ele></trkpt><trkpt lat="46.396700244396925" lon="8.197850149590522"><ele>1970.6999816894531</ele></trkpt><trkpt lat="46.39675044687465" lon="8.198010781779885"><ele>1970.3999938964844</ele></trkpt><trkpt lat="46.396790464408696" lon="8.198080255184323"><ele>1972.7999877929688</ele></trkpt><trkpt lat="46.39684150600806" lon="8.198250002227724"><ele>1976.2999877929688</ele></trkpt><trkpt lat="46.39697034377605" lon="8.198489751201123"><ele>1978.5</ele></trkpt><trkpt lat="46.397000356111676" lon="8.19870991492644"><ele>1983.7999877929688</ele></trkpt><trkpt lat="46.39706142153591" lon="8.198860299307853"><ele>1985.0</ele></trkpt><trkpt lat="46.39708000887185" lon="8.199039995204657"><ele>1985.2999877929688</ele></trkpt><trkpt lat="46.3971203151159" lon="8.199200491420925"><ele>1987.1999816894531</ele></trkpt><trkpt lat="46.397130377124995" lon="8.199309854302555"><ele>1987.5999755859375</ele></trkpt><trkpt lat="46.39718147739768" lon="8.199470502324402"><ele>1989.7999877929688</ele></trkpt><trkpt lat="46.397191524505615" lon="8.199850318953395"><ele>1989.3999938964844</ele></trkpt><trkpt lat="46.39723159279674" lon="8.199911992996931"><ele>1989.5</ele></trkpt><trkpt lat="46.39720169175416" lon="8.20021193381399"><ele>1989.2999877929688</ele></trkpt><trkpt lat="46.39722029492259" lon="8.200790810864419"><ele>1989.0</ele></trkpt><trkpt lat="46.397200853563845" lon="8.201140307821333"><ele>1988.6999816894531</ele></trkpt><trkpt lat="46.39718025131151" lon="8.201260942500085"><ele>1986.2999877929688</ele></trkpt><trkpt lat="46.397184748668224" lon="8.20126100583002"><ele>1986.2999877929688</ele></trkpt><trkpt lat="46.397184748668224" lon="8.20126100583002"><ele>1986.2999877929688</ele></trkpt><trkpt lat="46.397184748668224" lon="8.20126100583002"><ele>1986.2999877929688</ele></trkpt><trkpt lat="46.39718025131151" lon="8.201260942500085"><ele>1986.2999877929688</ele></trkpt><trkpt lat="46.397161526139826" lon="8.201369901187718"><ele>1984.8999938964844</ele></trkpt><trkpt lat="46.39716141205281" lon="8.20152072981"><ele>1985.1999816894531</ele></trkpt><trkpt lat="46.39719036174938" lon="8.201630358118564"><ele>1985.2999877929688</ele></trkpt><trkpt lat="46.397170396056026" lon="8.201790009625256"><ele>1984.6999816894531</ele></trkpt><trkpt lat="46.39718023687601" lon="8.201931876130402"><ele>1984.1999816894531</ele></trkpt><trkpt lat="46.397221507970244" lon="8.202081986237317"><ele>1983.5999755859375</ele></trkpt><trkpt lat="46.3972317231819" lon="8.20230187382549"><ele>1982.8999938964844</ele></trkpt><trkpt lat="46.3972602779977" lon="8.202470009215176"><ele>1983.0999755859375</ele></trkpt><trkpt lat="46.39727021288127" lon="8.203131982125342"><ele>1981.0999755859375</ele></trkpt><trkpt lat="46.39732152642682" lon="8.203260130714625"><ele>1981.0999755859375</ele></trkpt><trkpt lat="46.397351598367095" lon="8.203469896223396"><ele>1980.5</ele></trkpt><trkpt lat="46.39740013424307" lon="8.203609708696604"><ele>1981.1999816894531</ele></trkpt><trkpt lat="46.397460175678134" lon="8.203910915646702"><ele>1980.1999816894531</ele></trkpt><trkpt lat="46.39753015898168" lon="8.20407183514908"><ele>1981.8999938964844</ele></trkpt><trkpt lat="46.397590146865696" lon="8.20438084518537"><ele>1983.0999755859375</ele></trkpt><trkpt lat="46.3976416955702" lon="8.204740446992218"><ele>1982.0999755859375</ele></trkpt><trkpt lat="46.39775007497519" lon="8.205210074782372"><ele>1985.3999938964844</ele></trkpt><trkpt lat="46.39779033139348" lon="8.205509706400335"><ele>1984.8999938964844</ele></trkpt><trkpt lat="46.397900246083736" lon="8.205751810222864"><ele>1985.1999816894531</ele></trkpt><trkpt lat="46.398010226897895" lon="8.206250071059912"><ele>1987.1999816894531</ele></trkpt><trkpt lat="46.398130405694246" lon="8.206570339389145"><ele>1987.8999938964844</ele></trkpt><trkpt lat="46.39819143759087" lon="8.206989894621074"><ele>1988.5999755859375</ele></trkpt><trkpt lat="46.39823164278641" lon="8.20703077223152"><ele>1988.6999816894531</ele></trkpt><trkpt lat="46.398360225372016" lon="8.207570911385119"><ele>1989.0999755859375</ele></trkpt><trkpt lat="46.39843020401895" lon="8.207731838338077"><ele>1990.1999816894531</ele></trkpt><trkpt lat="46.39847046229988" lon="8.208030175417662"><ele>1989.3999938964844</ele></trkpt><trkpt lat="46.398620205931365" lon="8.208500403445214"><ele>1989.6999816894531</ele></trkpt><trkpt lat="46.398650392424315" lon="8.208691975101829"><ele>1991.2999877929688</ele></trkpt><trkpt lat="46.39888027869165" lon="8.20915034133941"><ele>1994.6999816894531</ele></trkpt><trkpt lat="46.39891025330871" lon="8.209240487311035"><ele>1994.7999877929688</ele></trkpt><trkpt lat="46.399030345957726" lon="8.209439838305116"><ele>1995.5999755859375</ele></trkpt><trkpt lat="46.39906156249344" lon="8.209611921571195"><ele>1994.1999816894531</ele></trkpt><trkpt lat="46.39911017054692" lon="8.20974004175514"><ele>1995.6999816894531</ele></trkpt><trkpt lat="46.39910029107705" lon="8.209869932383299"><ele>1994.5</ele></trkpt><trkpt lat="46.3990103607066" lon="8.210130015388131"><ele>1989.3999938964844</ele></trkpt><trkpt lat="46.398830093909055" lon="8.210180766880512"><ele>1989.0</ele></trkpt><trkpt lat="46.39877004548907" lon="8.210280037019402"><ele>1991.5</ele></trkpt><trkpt lat="46.398690472356975" lon="8.210340020712465"><ele>1992.3999938964844</ele></trkpt><trkpt lat="46.398580306209624" lon="8.2104008696042"><ele>1993.1999816894531</ele></trkpt><trkpt lat="46.398501484654844" lon="8.210350337903947"><ele>1992.5999755859375</ele></trkpt><trkpt lat="46.398381683044136" lon="8.210240711458027"><ele>1993.0</ele></trkpt><trkpt lat="46.39834037562832" lon="8.210229722317308"><ele>1992.2999877929688</ele></trkpt><trkpt lat="46.39826998580247" lon="8.210129900369793"><ele>1993.5</ele></trkpt><trkpt lat="46.39814047701657" lon="8.20986020192504"><ele>1994.0</ele></trkpt><trkpt lat="46.398070086725056" lon="8.209760380908847"><ele>1995.0</ele></trkpt><trkpt lat="46.39805029751733" lon="8.20976010011509"><ele>1995.6999816894531</ele></trkpt><trkpt lat="46.397959960158914" lon="8.20955077232793"><ele>1995.0</ele></trkpt><trkpt lat="46.39791045431048" lon="8.20929001364857"><ele>1994.3999938964844</ele></trkpt><trkpt lat="46.397821579594165" lon="8.209130118601024"><ele>1994.2999877929688</ele></trkpt><trkpt lat="46.3977804495953" lon="8.208960499614477"><ele>1994.2999877929688</ele></trkpt><trkpt lat="46.39781038183719" lon="8.208791887853295"><ele>1994.1999816894531</ele></trkpt><trkpt lat="46.397740309126675" lon="8.208380007650703"><ele>1993.8999938964844</ele></trkpt><trkpt lat="46.397621519397944" lon="8.208120869938284"><ele>1993.8999938964844</ele></trkpt><trkpt lat="46.397571481298655" lon="8.208070750813931"><ele>1993.8999938964844</ele></trkpt><trkpt lat="46.39755043992773" lon="8.207989835646003"><ele>1993.8999938964844</ele></trkpt><trkpt lat="46.397380085196346" lon="8.207640251144767"><ele>1992.2999877929688</ele></trkpt><trkpt lat="46.39737139781937" lon="8.207461991813034"><ele>1992.8999938964844</ele></trkpt><trkpt lat="46.39725021691993" lon="8.207289941608906"><ele>1992.6999816894531</ele></trkpt><trkpt lat="46.397230338305235" lon="8.20717003615573"><ele>1992.3999938964844</ele></trkpt><trkpt lat="46.39720000978559" lon="8.207131899427623"><ele>1992.3999938964844</ele></trkpt><trkpt lat="46.39716144371778" lon="8.206981823779643"><ele>1992.3999938964844</ele></trkpt><trkpt lat="46.39708019513637" lon="8.206890956498682"><ele>1992.2999877929688</ele></trkpt><trkpt lat="46.397000099066645" lon="8.206629771739244"><ele>1992.0999755859375</ele></trkpt><trkpt lat="46.396841656416655" lon="8.206380483228713"><ele>1992.1999816894531</ele></trkpt><trkpt lat="46.39677023142576" lon="8.206300158053637"><ele>1992.0</ele></trkpt><trkpt lat="46.3967504221946" lon="8.206169852986932"><ele>1992.0</ele></trkpt><trkpt lat="46.39673006767407" lon="8.206120155751705"><ele>1992.0</ele></trkpt><trkpt lat="46.396641542669386" lon="8.206040889956057"><ele>1991.6999816894531</ele></trkpt><trkpt lat="46.39662029733881" lon="8.205989880021662"><ele>1991.5999755859375</ele></trkpt><trkpt lat="46.396500288974494" lon="8.205910169519484"><ele>1991.0999755859375</ele></trkpt><trkpt lat="46.39645037334412" lon="8.205841851886362"><ele>1992.5</ele></trkpt><trkpt lat="46.396431603468955" lon="8.205690758768469"><ele>1991.5</ele></trkpt><trkpt lat="46.396350485272706" lon="8.205580392386764"><ele>1990.6999816894531</ele></trkpt><trkpt lat="46.39599999925122" lon="8.205260786227882"><ele>1988.6999816894531</ele></trkpt><trkpt lat="46.39595152717084" lon="8.205111875664443"><ele>1988.6999816894531</ele></trkpt><trkpt lat="46.39585152734071" lon="8.204999945126474"><ele>1988.6999816894531</ele></trkpt><trkpt lat="46.395700277294964" lon="8.20475076790899"><ele>1988.2999877929688</ele></trkpt><trkpt lat="46.395680154673755" lon="8.204799892846495"><ele>1989.5999755859375</ele></trkpt><trkpt lat="46.395660461392254" lon="8.205051858909428"><ele>1994.5</ele></trkpt><trkpt lat="46.395641448907554" lon="8.20506979431957"><ele>1995.5</ele></trkpt><trkpt lat="46.39548158971593" lon="8.205029832664877"><ele>2000.0</ele></trkpt><trkpt lat="46.39547038311139" lon="8.205090784933418"><ele>2001.5</ele></trkpt><trkpt lat="46.39548160508275" lon="8.205560323782265"><ele>2008.8999938964844</ele></trkpt><trkpt lat="46.39550168812275" lon="8.205650323070586"><ele>2010.6999816894531</ele></trkpt><trkpt lat="46.3954915208742" lon="8.205690486356616"><ele>2011.5999755859375</ele></trkpt><trkpt lat="46.3954114462249" lon="8.205691955983639"><ele>2013.3999938964844</ele></trkpt><trkpt lat="46.39534149505198" lon="8.205659763421863"><ele>2015.1999816894531</ele></trkpt><trkpt lat="46.39517047908157" lon="8.205540329683572"><ele>2021.0999755859375</ele></trkpt><trkpt lat="46.39514034148306" lon="8.205740137491375"><ele>2024.8999938964844</ele></trkpt><trkpt lat="46.395101410802454" lon="8.205909915734082"><ele>2028.6999816894531</ele></trkpt><trkpt lat="46.39511000178754" lon="8.205969847273082"><ele>2029.7999877929688</ele></trkpt><trkpt lat="46.39516143547371" lon="8.206079792231321"><ele>2032.5999755859375</ele></trkpt><trkpt lat="46.39519085921347" lon="8.206251836847514"><ele>2036.5999755859375</ele></trkpt><trkpt lat="46.395240230020136" lon="8.206400759518147"><ele>2039.6999816894531</ele></trkpt><trkpt lat="46.39524001907557" lon="8.206431961618364"><ele>2040.8999938964844</ele></trkpt><trkpt lat="46.39521021163091" lon="8.206449743360281"><ele>2042.0</ele></trkpt><trkpt lat="46.395140445325524" lon="8.206390247680247"><ele>2043.0</ele></trkpt><trkpt lat="46.39509013388306" lon="8.2063804352656"><ele>2044.0999755859375</ele></trkpt><trkpt lat="46.39519045408815" lon="8.206710808444768"><ele>2049.2999877929688</ele></trkpt><trkpt lat="46.39511030726135" lon="8.20659005548805"><ele>2050.699981689453</ele></trkpt><trkpt lat="46.39500026451424" lon="8.20650008553639"><ele>2051.2999877929688</ele></trkpt><trkpt lat="46.39508022973314" lon="8.206780761945993"><ele>2055.8999938964844</ele></trkpt><trkpt lat="46.39496166771278" lon="8.206620459910482"><ele>2057.5999755859375</ele></trkpt><trkpt lat="46.3949203514494" lon="8.206610774621367"><ele>2058.2999877929688</ele></trkpt><trkpt lat="46.394970146007836" lon="8.206829914357513"><ele>2062.7999877929688</ele></trkpt><trkpt lat="46.394931660499424" lon="8.206800765357912"><ele>2063.699981689453</ele></trkpt><trkpt lat="46.394850473850965" lon="8.206700801849365"><ele>2065.199981689453</ele></trkpt><trkpt lat="46.39487008936703" lon="8.206859705038369"><ele>2068.2999877929688</ele></trkpt><trkpt lat="46.39482018304989" lon="8.206790088210255"><ele>2069.5</ele></trkpt><trkpt lat="46.39480151515454" lon="8.206889940425754"><ele>2072.0999755859375</ele></trkpt><trkpt lat="46.39473167899996" lon="8.206840845290571"><ele>2075.5</ele></trkpt><trkpt lat="46.39457142725587" lon="8.206992003601044"><ele>2085.2999877929688</ele></trkpt><trkpt lat="46.394560085609555" lon="8.206939835567027"><ele>2086.0</ele></trkpt><trkpt lat="46.394451551139355" lon="8.206760174129158"><ele>2091.3999938964844</ele></trkpt><trkpt lat="46.39439175045118" lon="8.20669041853398"><ele>2093.5999755859375</ele></trkpt><trkpt lat="46.39435008075088" lon="8.206600116100162"><ele>2096.0</ele></trkpt><trkpt lat="46.394110136665404" lon="8.20643030013889"><ele>2101.5</ele></trkpt><trkpt lat="46.39399165613577" lon="8.206390920560807"><ele>2104.3999938964844</ele></trkpt><trkpt lat="46.393940434325486" lon="8.206249776761979"><ele>2106.7999877929688</ele></trkpt><trkpt lat="46.39390014111996" lon="8.206221904139966"><ele>2109.5</ele></trkpt><trkpt lat="46.39388026250526" lon="8.206102007068694"><ele>2113.7999877929688</ele></trkpt><trkpt lat="46.39379146322608" lon="8.205930429510772"><ele>2119.2999877929688</ele></trkpt><trkpt lat="46.39376157755032" lon="8.205959911923856"><ele>2121.3999938964844</ele></trkpt><trkpt lat="46.39355040853843" lon="8.205791807267815"><ele>2128.5999755859375</ele></trkpt><trkpt lat="46.39350035879761" lon="8.205610377248377"><ele>2133.8999938964844</ele></trkpt><trkpt lat="46.39348159264773" lon="8.205591910053045"><ele>2135.8999938964844</ele></trkpt><trkpt lat="46.393430036492646" lon="8.205500171054155"><ele>2140.5</ele></trkpt><trkpt lat="46.39341004518792" lon="8.205529792699963"><ele>2141.2999877929688</ele></trkpt><trkpt lat="46.39329141238704" lon="8.205379900056869"><ele>2151.0999755859375</ele></trkpt><trkpt lat="46.393191669136286" lon="8.205230274237692"><ele>2157.0999755859375</ele></trkpt><trkpt lat="46.39319522306323" lon="8.205236825160682"><ele>2157.0999755859375</ele></trkpt><trkpt lat="46.39319522306323" lon="8.205236825160682"><ele>2157.0999755859375</ele></trkpt><trkpt lat="46.39319522306323" lon="8.205236825160682"><ele>2157.0999755859375</ele></trkpt><trkpt lat="46.393191669136286" lon="8.205230274237692"><ele>2157.0999755859375</ele></trkpt><trkpt lat="46.39299169462174" lon="8.204869909211993"><ele>2168.3999938964844</ele></trkpt><trkpt lat="46.392941708210856" lon="8.204811997245997"><ele>2170.0</ele></trkpt><trkpt lat="46.3928815103136" lon="8.204800746869296"><ele>2170.699981689453</ele></trkpt><trkpt lat="46.39271148387343" lon="8.204800948966295"><ele>2171.2999877929688</ele></trkpt><trkpt lat="46.39255041256547" lon="8.204940393567085"><ele>2174.0999755859375</ele></trkpt><trkpt lat="46.392501768190414" lon="8.204950108192861"><ele>2174.0</ele></trkpt><trkpt lat="46.392410153057426" lon="8.205061928369105"><ele>2175.699981689453</ele></trkpt><trkpt lat="46.39238039823249" lon="8.205071909818798"><ele>2174.8999938964844</ele></trkpt><trkpt lat="46.39222035324201" lon="8.204660108312964"><ele>2186.0</ele></trkpt><trkpt lat="46.39222047617659" lon="8.20464190794155"><ele>2186.199981689453</ele></trkpt><trkpt lat="46.392210367135704" lon="8.204540354665369"><ele>2187.7999877929688</ele></trkpt><trkpt lat="46.39208147395402" lon="8.204311014153063"><ele>2195.5999755859375</ele></trkpt><trkpt lat="46.392051636241376" lon="8.204200081992894"><ele>2197.2999877929688</ele></trkpt><trkpt lat="46.392040447797626" lon="8.20399190345779"><ele>2203.5999755859375</ele></trkpt><trkpt lat="46.39192178146914" lon="8.203979830723256"><ele>2205.3999938964844</ele></trkpt><trkpt lat="46.39181014010683" lon="8.203859945759177"><ele>2208.0</ele></trkpt><trkpt lat="46.39158088481054" lon="8.20357198920101"><ele>2215.8999938964844</ele></trkpt><trkpt lat="46.39153007231653" lon="8.203369754832238"><ele>2219.8999938964844</ele></trkpt><trkpt lat="46.39150037057698" lon="8.20337193692103"><ele>2220.199981689453</ele></trkpt><trkpt lat="46.39117027819157" lon="8.203629915602505"><ele>2236.2999877929688</ele></trkpt><trkpt lat="46.39114155527204" lon="8.203620410524309"><ele>2237.5</ele></trkpt><trkpt lat="46.39051164779812" lon="8.202980993315578"><ele>2260.0</ele></trkpt><trkpt lat="46.390490307006985" lon="8.202810380142182"><ele>2260.5999755859375</ele></trkpt><trkpt lat="46.39043026929721" lon="8.20264182286337"><ele>2261.0999755859375</ele></trkpt><trkpt lat="46.390391788911074" lon="8.202210949268192"><ele>2263.0</ele></trkpt><trkpt lat="46.390331698115915" lon="8.202050192747265"><ele>2264.0999755859375</ele></trkpt><trkpt lat="46.39025043230504" lon="8.201560216024518"><ele>2269.5</ele></trkpt><trkpt lat="46.390221412759274" lon="8.201461001764983"><ele>2270.7999877929688</ele></trkpt><trkpt lat="46.39017171319574" lon="8.201360197272152"><ele>2273.2999877929688</ele></trkpt><trkpt lat="46.39005029620603" lon="8.201221982948482"><ele>2273.8999938964844</ele></trkpt><trkpt lat="46.39006176404655" lon="8.201122037600726"><ele>2277.2999877929688</ele></trkpt><trkpt lat="46.390040376689285" lon="8.201091835275292"><ele>2278.8999938964844</ele></trkpt><trkpt lat="46.3900017417036" lon="8.200950883794576"><ele>2280.3999938964844</ele></trkpt><trkpt lat="46.389870456885546" lon="8.200540815480053"><ele>2286.8999938964844</ele></trkpt><trkpt lat="46.389821629505605" lon="8.200310016516596"><ele>2290.2999877929688</ele></trkpt><trkpt lat="46.38968177558854" lon="8.199970035348088"><ele>2297.0</ele></trkpt><trkpt lat="46.38955025840551" lon="8.19945986289531"><ele>2302.0999755859375</ele></trkpt><trkpt lat="46.38933034101501" lon="8.198850950691849"><ele>2311.7999877929688</ele></trkpt><trkpt lat="46.38914170861244" lon="8.198540195822716"><ele>2320.0999755859375</ele></trkpt><trkpt lat="46.38901027198881" lon="8.198420051950961"><ele>2324.0999755859375</ele></trkpt><trkpt lat="46.388900144957006" lon="8.198341807816178"><ele>2324.2999877929688</ele></trkpt><trkpt lat="46.38824038533494" lon="8.19825977832079"><ele>2330.7999877929688</ele></trkpt><trkpt lat="46.38803148223087" lon="8.19802025007084"><ele>2334.7999877929688</ele></trkpt><trkpt lat="46.38784046750516" lon="8.197930478025228"><ele>2337.5999755859375</ele></trkpt><trkpt lat="46.387730409391224" lon="8.197841837070882"><ele>2337.199981689453</ele></trkpt><trkpt lat="46.38765162276104" lon="8.19765093177557"><ele>2340.2999877929688</ele></trkpt><trkpt lat="46.38751091901213" lon="8.19757096329704"><ele>2337.0999755859375</ele></trkpt><trkpt lat="46.38748037582263" lon="8.197430134750903"><ele>2341.5999755859375</ele></trkpt><trkpt lat="46.38739175442606" lon="8.197229993063956"><ele>2343.7999877929688</ele></trkpt><trkpt lat="46.38730045640841" lon="8.196892012842"><ele>2348.0999755859375</ele></trkpt><trkpt lat="46.38718152837828" lon="8.196649849414825"><ele>2350.5</ele></trkpt><trkpt lat="46.387151644099504" lon="8.196410229429603"><ele>2355.0</ele></trkpt><trkpt lat="46.38705161726102" lon="8.196031830273569"><ele>2361.3999938964844</ele></trkpt><trkpt lat="46.3867616658099" lon="8.195399884134531"><ele>2369.699981689453</ele></trkpt><trkpt lat="46.38662016065791" lon="8.195170412771404"><ele>2375.5</ele></trkpt><trkpt lat="46.386601669713855" lon="8.195110355038196"><ele>2375.8999938964844</ele></trkpt><trkpt lat="46.38643017783761" lon="8.194790767040104"><ele>2380.699981689453</ele></trkpt><trkpt lat="46.38638162566349" lon="8.1943818917498"><ele>2383.3999938964844</ele></trkpt><trkpt lat="46.38637020252645" lon="8.194071033038199"><ele>2385.0999755859375</ele></trkpt><trkpt lat="46.38629036350176" lon="8.193631823640317"><ele>2386.5999755859375</ele></trkpt><trkpt lat="46.386190447956324" lon="8.193370435852557"><ele>2388.3999938964844</ele></trkpt><trkpt lat="46.386011745780706" lon="8.193052055314183"><ele>2389.8999938964844</ele></trkpt><trkpt lat="46.38574139587581" lon="8.192852003499866"><ele>2391.699981689453</ele></trkpt><trkpt lat="46.3854915779084" lon="8.192540440242738"><ele>2393.5</ele></trkpt><trkpt lat="46.38547004992142" lon="8.192531041335315"><ele>2393.699981689453</ele></trkpt><trkpt lat="46.385351467411965" lon="8.192370798904449"><ele>2394.199981689453</ele></trkpt><trkpt lat="46.38531012274325" lon="8.192229827865958"><ele>2394.2999877929688</ele></trkpt><trkpt lat="46.38526032818481" lon="8.192142039071769"><ele>2395.2999877929688</ele></trkpt><trkpt lat="46.38523164577782" lon="8.191990844439715"><ele>2396.3999938964844</ele></trkpt><trkpt lat="46.3851402560249" lon="8.191799781750888"><ele>2398.199981689453</ele></trkpt><trkpt lat="46.38489010510966" lon="8.190860341768712"><ele>2411.0999755859375</ele></trkpt><trkpt lat="46.38481156527996" lon="8.190630461089313"><ele>2414.7999877929688</ele></trkpt><trkpt lat="46.38473005965352" lon="8.19044083962217"><ele>2419.2999877929688</ele></trkpt><trkpt lat="46.38469141116366" lon="8.190299909096211"><ele>2420.8999938964844</ele></trkpt><trkpt lat="46.38460005354136" lon="8.189831960946321"><ele>2423.7999877929688</ele></trkpt><trkpt lat="46.38452179823071" lon="8.189151003491133"><ele>2429.0</ele></trkpt><trkpt lat="46.38444175105542" lon="8.188740412704647"><ele>2431.199981689453</ele></trkpt><trkpt lat="46.38450172217563" lon="8.188650244381279"><ele>2434.7999877929688</ele></trkpt><trkpt lat="46.38450012076646" lon="8.188620323780924"><ele>2435.199981689453</ele></trkpt><trkpt lat="46.38438045652583" lon="8.1883508823812"><ele>2440.5999755859375</ele></trkpt><trkpt lat="46.384411710780114" lon="8.188249917700887"><ele>2442.8999938964844</ele></trkpt><trkpt lat="46.38439163425937" lon="8.188020849600434"><ele>2445.199981689453</ele></trkpt><trkpt lat="46.38441140251234" lon="8.187752032652497"><ele>2448.199981689453</ele></trkpt><trkpt lat="46.38436150690541" lon="8.187270363792777"><ele>2452.7999877929688</ele></trkpt><trkpt lat="46.38429034454748" lon="8.18701199349016"><ele>2455.0999755859375</ele></trkpt><trkpt lat="46.38413143996149" lon="8.186690018512309"><ele>2459.0999755859375</ele></trkpt><trkpt lat="46.38407093985006" lon="8.186860777903348"><ele>2457.7999877929688</ele></trkpt><trkpt lat="46.384050177875906" lon="8.187280372716486"><ele>2452.5999755859375</ele></trkpt><trkpt lat="46.38396023027599" lon="8.187550819478929"><ele>2445.8999938964844</ele></trkpt><trkpt lat="46.38392142159864" lon="8.187569783534855"><ele>2444.5999755859375</ele></trkpt><trkpt lat="46.38371148053557" lon="8.18762018578127"><ele>2442.0</ele></trkpt><trkpt lat="46.38362171687186" lon="8.187590349465609"><ele>2440.5999755859375</ele></trkpt><trkpt lat="46.38347040954977" lon="8.18748036865145"><ele>2437.699981689453</ele></trkpt><trkpt lat="46.38328021671623" lon="8.187401051167399"><ele>2437.2999877929688</ele></trkpt><trkpt lat="46.383211417123675" lon="8.187329906970263"><ele>2436.8999938964844</ele></trkpt><trkpt lat="46.38300037337467" lon="8.187002018094063"><ele>2430.5999755859375</ele></trkpt><trkpt lat="46.382940371055156" lon="8.186960893683136"><ele>2429.0999755859375</ele></trkpt><trkpt lat="46.38288159389049" lon="8.18687038961798"><ele>2428.2999877929688</ele></trkpt><trkpt lat="46.382821472361684" lon="8.186710971873254"><ele>2427.0999755859375</ele></trkpt><trkpt lat="46.38272006670013" lon="8.186400196049362"><ele>2425.0</ele></trkpt><trkpt lat="46.38261174596846" lon="8.18590993899852"><ele>2421.5999755859375</ele></trkpt><trkpt lat="46.38245024997741" lon="8.18557104235515"><ele>2420.8999938964844</ele></trkpt><trkpt lat="46.38242045370862" lon="8.18545104144141"><ele>2421.0999755859375</ele></trkpt><trkpt lat="46.382251519244164" lon="8.18501195218414"><ele>2418.2999877929688</ele></trkpt><trkpt lat="46.38225416652858" lon="8.185019787866622"><ele>2418.2999877929688</ele></trkpt><trkpt lat="46.38225416652858" lon="8.185019787866622"><ele>2418.2999877929688</ele></trkpt><trkpt lat="46.38225416652858" lon="8.185019787866622"><ele>2418.2999877929688</ele></trkpt><trkpt lat="46.382251519244164" lon="8.18501195218414"><ele>2418.2999877929688</ele></trkpt><trkpt lat="46.38208022573963" lon="8.184520836919546"><ele>2413.0999755859375</ele></trkpt><trkpt lat="46.38202159805223" lon="8.184270452242345"><ele>2411.0999755859375</ele></trkpt><trkpt lat="46.38195177400485" lon="8.184081008657813"><ele>2407.199981689453</ele></trkpt><trkpt lat="46.381921409163624" lon="8.18391030607745"><ele>2405.699981689453</ele></trkpt><trkpt lat="46.38190157338977" lon="8.183780043851584"><ele>2401.5</ele></trkpt><trkpt lat="46.38193153357133" lon="8.183190303388983"><ele>2395.7999877929688</ele></trkpt><trkpt lat="46.38194157369435" lon="8.182619787752628"><ele>2391.5999755859375</ele></trkpt><trkpt lat="46.3818117659539" lon="8.18211105139926"><ele>2380.7999877929688</ele></trkpt><trkpt lat="46.3817604444921" lon="8.181980359833688"><ele>2376.8999938964844</ele></trkpt><trkpt lat="46.38170166360214" lon="8.18188986275345"><ele>2374.0999755859375</ele></trkpt><trkpt lat="46.38153024809435" lon="8.181689934339374"><ele>2367.5</ele></trkpt><trkpt lat="46.381471526343375" lon="8.181590340100229"><ele>2365.199981689453</ele></trkpt><trkpt lat="46.381431753747165" lon="8.181481905747205"><ele>2362.8999938964844</ele></trkpt><trkpt lat="46.381410046014935" lon="8.181499807164073"><ele>2362.5999755859375</ele></trkpt><trkpt lat="46.38132043601945" lon="8.181720859836787"><ele>2358.5</ele></trkpt><trkpt lat="46.381300281733274" lon="8.182050752453506"><ele>2354.5</ele></trkpt><trkpt lat="46.381311767268926" lon="8.182219893205911"><ele>2353.5999755859375</ele></trkpt><trkpt lat="46.381280458532274" lon="8.182329954113811"><ele>2351.7999877929688</ele></trkpt><trkpt lat="46.38122040359303" lon="8.182570907752961"><ele>2347.5</ele></trkpt><trkpt lat="46.381151638459414" lon="8.182631059549749"><ele>2344.0999755859375</ele></trkpt><trkpt lat="46.38112038932741" lon="8.182732021436095"><ele>2342.7999877929688</ele></trkpt><trkpt lat="46.38112173601985" lon="8.182800932787359"><ele>2340.7999877929688</ele></trkpt><trkpt lat="46.3811000790447" lon="8.182811034843326"><ele>2340.0</ele></trkpt><trkpt lat="46.38099041720852" lon="8.182660046964884"><ele>2334.699981689453</ele></trkpt><trkpt lat="46.380840028170496" lon="8.182271925732493"><ele>2325.699981689453</ele></trkpt><trkpt lat="46.38078041560948" lon="8.182171019725502"><ele>2321.8999938964844</ele></trkpt><trkpt lat="46.38064021989703" lon="8.182011816650629"><ele>2315.199981689453</ele></trkpt><trkpt lat="46.380520270671695" lon="8.181920484174043"><ele>2309.2999877929688</ele></trkpt><trkpt lat="46.38037038454786" lon="8.181729953270406"><ele>2302.199981689453</ele></trkpt><trkpt lat="46.3803101265803" lon="8.18159004393965"><ele>2297.0</ele></trkpt><trkpt lat="46.380221671424806" lon="8.181360059883446"><ele>2290.8999938964844</ele></trkpt><trkpt lat="46.38004027167335" lon="8.180760947521776"><ele>2275.0</ele></trkpt><trkpt lat="46.380040044896305" lon="8.18052047258243"><ele>2271.8999938964844</ele></trkpt><trkpt lat="46.38001036038622" lon="8.180520066991448"><ele>2270.0</ele></trkpt><trkpt lat="46.379980344325304" lon="8.180570350494236"><ele>2267.5999755859375</ele></trkpt><trkpt lat="46.379921787884086" lon="8.180720332078636"><ele>2265.199981689453</ele></trkpt><trkpt lat="46.37986028846353" lon="8.180770185776055"><ele>2263.199981689453</ele></trkpt><trkpt lat="46.379821648821235" lon="8.180900941602886"><ele>2260.8999938964844</ele></trkpt><trkpt lat="46.37980164401233" lon="8.18107094662264"><ele>2258.5999755859375</ele></trkpt><trkpt lat="46.379750272259116" lon="8.18136010831222"><ele>2256.0999755859375</ele></trkpt><trkpt lat="46.37973007094115" lon="8.181560007389635"><ele>2254.0</ele></trkpt><trkpt lat="46.37963037006557" lon="8.181810811161995"><ele>2248.5</ele></trkpt><trkpt lat="46.37961020646617" lon="8.182141992729157"><ele>2244.199981689453</ele></trkpt><trkpt lat="46.37958024535328" lon="8.182320959400386"><ele>2241.3999938964844</ele></trkpt><trkpt lat="46.379591790027916" lon="8.182480996940285"><ele>2239.2999877929688</ele></trkpt><trkpt lat="46.37956023821607" lon="8.182490963488817"><ele>2238.0</ele></trkpt><trkpt lat="46.3794304067269" lon="8.182260414585471"><ele>2232.0</ele></trkpt><trkpt lat="46.379411584697664" lon="8.182249757926911"><ele>2231.699981689453</ele></trkpt><trkpt lat="46.37939172703773" lon="8.182259884662926"><ele>2231.3999938964844</ele></trkpt><trkpt lat="46.37940023234114" lon="8.182471873704344"><ele>2229.7999877929688</ele></trkpt><trkpt lat="46.37936166767031" lon="8.18259092932567"><ele>2227.699981689453</ele></trkpt><trkpt lat="46.37938170833513" lon="8.182689990848303"><ele>2226.0999755859375</ele></trkpt><trkpt lat="46.37940026586875" lon="8.182740938384086"><ele>2225.2999877929688</ele></trkpt><trkpt lat="46.37935026315972" lon="8.182820842601359"><ele>2223.7999877929688</ele></trkpt><trkpt lat="46.379320095758885" lon="8.183031001128256"><ele>2219.5</ele></trkpt><trkpt lat="46.3793003060855" lon="8.183030729647726"><ele>2218.3999938964844</ele></trkpt><trkpt lat="46.379271717276424" lon="8.183000441640615"><ele>2217.699981689453</ele></trkpt><trkpt lat="46.37923022406176" lon="8.182880288921297"><ele>2215.3999938964844</ele></trkpt><trkpt lat="46.37919033365324" lon="8.182790054008365"><ele>2214.0999755859375</ele></trkpt><trkpt lat="46.37917023291811" lon="8.182700090575963"><ele>2212.7999877929688</ele></trkpt><trkpt lat="46.379130001179874" lon="8.182661844417453"><ele>2212.0999755859375</ele></trkpt><trkpt lat="46.379131437744945" lon="8.182579975109547"><ele>2211.199981689453</ele></trkpt><trkpt lat="46.37903032358736" lon="8.18236021976918"><ele>2208.3999938964844</ele></trkpt><trkpt lat="46.37901029037312" lon="8.182259859051555"><ele>2207.0999755859375</ele></trkpt><trkpt lat="46.37902045296505" lon="8.182081922423095"><ele>2205.3999938964844</ele></trkpt><trkpt lat="46.37898005358875" lon="8.181931889615953"><ele>2201.2999877929688</ele></trkpt><trkpt lat="46.37878144858405" lon="8.181350752711296"><ele>2193.8999938964844</ele></trkpt><trkpt lat="46.37871014047414" lon="8.180699869524688"><ele>2186.2999877929688</ele></trkpt><trkpt lat="46.37877173535526" lon="8.180360158439726"><ele>2180.0</ele></trkpt><trkpt lat="46.37873140303418" lon="8.180061949882656"><ele>2177.0999755859375</ele></trkpt><trkpt lat="46.37861044378951" lon="8.179849728941917"><ele>2174.2999877929688</ele></trkpt><trkpt lat="46.37836037622765" lon="8.179570757318288"><ele>2166.7999877929688</ele></trkpt><trkpt lat="46.37813165038824" lon="8.179191994480789"><ele>2158.699981689453</ele></trkpt><trkpt lat="46.37802159367129" lon="8.179100807756186"><ele>2155.2999877929688</ele></trkpt><trkpt lat="46.37788037676364" lon="8.178959804587066"><ele>2153.0</ele></trkpt><trkpt lat="46.377751412801445" lon="8.1788709606044"><ele>2150.199981689453</ele></trkpt><trkpt lat="46.377590090967715" lon="8.178639999590814"><ele>2145.5</ele></trkpt><trkpt lat="46.377561449073255" lon="8.178479735273868"><ele>2142.7999877929688</ele></trkpt><trkpt lat="46.377340380102396" lon="8.177891821600497"><ele>2131.8999938964844</ele></trkpt><trkpt lat="46.37732162512839" lon="8.177870769519359"><ele>2130.699981689453</ele></trkpt><trkpt lat="46.37727010482922" lon="8.177769985515624"><ele>2130.0</ele></trkpt><trkpt lat="46.37724016467109" lon="8.177670795004815"><ele>2129.199981689453</ele></trkpt><trkpt lat="46.37721020914614" lon="8.17771197995171"><ele>2128.0999755859375</ele></trkpt><trkpt lat="46.37721033766866" lon="8.177830261178315"><ele>2126.5999755859375</ele></trkpt><trkpt lat="46.37718039052561" lon="8.177870146930218"><ele>2125.2999877929688</ele></trkpt><trkpt lat="46.37710045091808" lon="8.177850861568004"><ele>2122.0999755859375</ele></trkpt><trkpt lat="46.37687177443877" lon="8.177739868406206"><ele>2115.0</ele></trkpt><trkpt lat="46.3768316693604" lon="8.177819908130914"><ele>2112.199981689453</ele></trkpt><trkpt lat="46.37674021534622" lon="8.177910946309566"><ele>2108.699981689453</ele></trkpt><trkpt lat="46.376701655332" lon="8.178029999602586"><ele>2105.8999938964844</ele></trkpt><trkpt lat="46.37668172176927" lon="8.1780518242158"><ele>2105.2999877929688</ele></trkpt><trkpt lat="46.376611694227904" lon="8.178030074574053"><ele>2102.8999938964844</ele></trkpt><trkpt lat="46.37655007606372" lon="8.177960348781198"><ele>2102.2999877929688</ele></trkpt><trkpt lat="46.376520451158285" lon="8.177950847428292"><ele>2102.199981689453</ele></trkpt><trkpt lat="46.37646171916276" lon="8.177990340162069"><ele>2100.699981689453</ele></trkpt><trkpt lat="46.376081618480384" lon="8.17806185176596"><ele>2092.199981689453</ele></trkpt><trkpt lat="46.375930497888476" lon="8.178059794008732"><ele>2087.5</ele></trkpt><trkpt lat="46.376031431835145" lon="8.17817034618929"><ele>2084.5</ele></trkpt><trkpt lat="46.37612029770389" lon="8.178200150374323"><ele>2083.8999938964844</ele></trkpt><trkpt lat="46.376281635370106" lon="8.178290729876608"><ele>2082.199981689453</ele></trkpt><trkpt lat="46.37629140308127" lon="8.178310358896852"><ele>2082.199981689453</ele></trkpt><trkpt lat="46.376130311284214" lon="8.178319863043725"><ele>2077.7999877929688</ele></trkpt><trkpt lat="46.37588143115863" lon="8.178410055115819"><ele>2070.7999877929688</ele></trkpt><trkpt lat="46.37543015694246" lon="8.178359718061984"><ele>2062.199981689453</ele></trkpt><trkpt lat="46.3750116401352" lon="8.178390411194414"><ele>2054.8999938964844</ele></trkpt><trkpt lat="46.37480152351782" lon="8.17833036184311"><ele>2049.699981689453</ele></trkpt><trkpt lat="46.37473174137995" lon="8.178270923905075"><ele>2046.5999755859375</ele></trkpt><trkpt lat="46.37468034122139" lon="8.178289719857275"><ele>2046.0999755859375</ele></trkpt><trkpt lat="46.37465174309909" lon="8.178260736633092"><ele>2045.2999877929688</ele></trkpt><trkpt lat="46.37466072989628" lon="8.178262158762664"><ele>2045.2999877929688</ele></trkpt><trkpt lat="46.37466072989628" lon="8.178262158762664"><ele>2045.2999877929688</ele></trkpt><trkpt lat="46.37466072989628" lon="8.178262158762664"><ele>2045.2999877929688</ele></trkpt><trkpt lat="46.37465174309909" lon="8.178260736633092"><ele>2045.2999877929688</ele></trkpt><trkpt lat="46.37458036560565" lon="8.178170084487647"><ele>2043.8999938964844</ele></trkpt><trkpt lat="46.37435148656368" lon="8.178090285509825"><ele>2040.0</ele></trkpt><trkpt lat="46.374150117859244" lon="8.177930280100554"><ele>2035.7999877929688</ele></trkpt><trkpt lat="46.37392142508179" lon="8.17782189231366"><ele>2032.5999755859375</ele></trkpt><trkpt lat="46.373741399496794" lon="8.177699870895594"><ele>2029.7999877929688</ele></trkpt><trkpt lat="46.37358172470704" lon="8.177630114834756"><ele>2028.8999938964844</ele></trkpt><trkpt lat="46.37348996475339" lon="8.177630166057497"><ele>2027.8999938964844</ele></trkpt><trkpt lat="46.373311452101916" lon="8.177690122742206"><ele>2026.1999816894531</ele></trkpt><trkpt lat="46.37315150629729" lon="8.177661953028291"><ele>2024.2999877929688</ele></trkpt><trkpt lat="46.3730600848794" lon="8.17761002201587"><ele>2024.0</ele></trkpt><trkpt lat="46.37300026556477" lon="8.177540325559676"><ele>2023.0</ele></trkpt><trkpt lat="46.37291037198156" lon="8.177530005108565"><ele>2021.3999938964844</ele></trkpt><trkpt lat="46.372580046765506" lon="8.177279874682426"><ele>2014.1999816894531</ele></trkpt><trkpt lat="46.37254019640386" lon="8.177320922259241"><ele>2013.2999877929688</ele></trkpt><trkpt lat="46.37246025074273" lon="8.177440703380853"><ele>2010.0999755859375</ele></trkpt><trkpt lat="46.372431533411145" lon="8.177429915871471"><ele>2009.5</ele></trkpt><trkpt lat="46.37234042491764" lon="8.177329902071506"><ele>2006.6999816894531</ele></trkpt><trkpt lat="46.37228171387687" lon="8.17708996636793"><ele>2004.0999755859375</ele></trkpt><trkpt lat="46.3721899590455" lon="8.176950954832137"><ele>2000.3999938964844</ele></trkpt><trkpt lat="46.37214043131098" lon="8.176820315886289"><ele>1998.6999816894531</ele></trkpt><trkpt lat="46.3720201482065" lon="8.176779691595584"><ele>1994.5999755859375</ele></trkpt><trkpt lat="46.371911564376205" lon="8.176600163802505"><ele>1991.6999816894531</ele></trkpt><trkpt lat="46.37183035025373" lon="8.176500287372619"><ele>1989.6999816894531</ele></trkpt><trkpt lat="46.371661610435694" lon="8.176440810319036"><ele>1984.2999877929688</ele></trkpt><trkpt lat="46.37161033740267" lon="8.176440114155412"><ele>1982.5999755859375</ele></trkpt><trkpt lat="46.371500248555094" lon="8.176491904072464"><ele>1980.0</ele></trkpt><trkpt lat="46.371460415422916" lon="8.176530352327973"><ele>1979.2999877929688</ele></trkpt><trkpt lat="46.37141029024497" lon="8.176629743073136"><ele>1977.0</ele></trkpt><trkpt lat="46.37136143678799" lon="8.176671967376024"><ele>1975.3999938964844</ele></trkpt><trkpt lat="46.37136027729139" lon="8.176850001327693"><ele>1972.0</ele></trkpt><trkpt lat="46.37151165306568" lon="8.176950830034912"><ele>1968.1999816894531</ele></trkpt><trkpt lat="46.37156170466915" lon="8.177000896539539"><ele>1968.1999816894531</ele></trkpt><trkpt lat="46.371580264531076" lon="8.177051835227758"><ele>1968.0999755859375</ele></trkpt><trkpt lat="46.37159041594714" lon="8.177150745876133"><ele>1967.7999877929688</ele></trkpt><trkpt lat="46.37156157847494" lon="8.177710498683155"><ele>1959.8999938964844</ele></trkpt><trkpt lat="46.37164017185569" lon="8.178211929276586"><ele>1952.5</ele></trkpt><trkpt lat="46.37171166855842" lon="8.178559907246381"><ele>1946.2999877929688</ele></trkpt><trkpt lat="46.37175997113809" lon="8.17873991560191"><ele>1942.7999877929688</ele></trkpt><trkpt lat="46.37193163577467" lon="8.179039873182774"><ele>1938.0</ele></trkpt><trkpt lat="46.37210000585765" lon="8.179430763237178"><ele>1929.6999816894531</ele></trkpt><trkpt lat="46.372190330177546" lon="8.179650336969644"><ele>1927.1999816894531</ele></trkpt><trkpt lat="46.372181648388505" lon="8.179739894811064"><ele>1925.3999938964844</ele></trkpt><trkpt lat="46.37215046957135" lon="8.179830444976687"><ele>1923.5</ele></trkpt><trkpt lat="46.372041542083025" lon="8.179841955192387"><ele>1920.3999938964844</ele></trkpt><trkpt lat="46.371930331457406" lon="8.179789751302451"><ele>1917.2999877929688</ele></trkpt><trkpt lat="46.37175151286647" lon="8.179620956070721"><ele>1911.5</ele></trkpt><trkpt lat="46.371140285395086" lon="8.179130455013365"><ele>1899.8999938964844</ele></trkpt><trkpt lat="46.37104037869722" lon="8.179000430274755"><ele>1899.1999816894531</ele></trkpt><trkpt lat="46.37090172432363" lon="8.178880274295807"><ele>1896.8999938964844</ele></trkpt><trkpt lat="46.37073043221608" lon="8.178660904057324"><ele>1897.1999816894531</ele></trkpt><trkpt lat="46.37062018038705" lon="8.178461860399693"><ele>1898.5</ele></trkpt><trkpt lat="46.370469998568296" lon="8.178040038794279"><ele>1896.3999938964844</ele></trkpt><trkpt lat="46.370420006569475" lon="8.177980875596404"><ele>1894.8999938964844</ele></trkpt><trkpt lat="46.37037162669003" lon="8.17795032588765"><ele>1892.0999755859375</ele></trkpt><trkpt lat="46.370420252904296" lon="8.178080949001014"><ele>1891.2999877929688</ele></trkpt><trkpt lat="46.370261679403484" lon="8.177980019245297"><ele>1883.0999755859375</ele></trkpt><trkpt lat="46.37026527756825" lon="8.177980068139732"><ele>1883.0999755859375</ele></trkpt><trkpt lat="46.37026527756825" lon="8.177980068139732"><ele>1883.0999755859375</ele></trkpt><trkpt lat="46.37026527756825" lon="8.177980068139732"><ele>1883.0999755859375</ele></trkpt><trkpt lat="46.370261679403484" lon="8.177980019245297"><ele>1883.0999755859375</ele></trkpt><trkpt lat="46.37022048747167" lon="8.177950866986066"><ele>1881.2999877929688</ele></trkpt><trkpt lat="46.370090121869" lon="8.177800937090069"><ele>1875.6999816894531</ele></trkpt><trkpt lat="46.37002034811303" lon="8.177740205544978"><ele>1872.6999816894531</ele></trkpt><trkpt lat="46.369970101397485" lon="8.177720027510077"><ele>1870.5999755859375</ele></trkpt><trkpt lat="46.36978152021766" lon="8.177530319429934"><ele>1865.0999755859375</ele></trkpt><trkpt lat="46.36965000862256" lon="8.177280308678746"><ele>1870.0999755859375</ele></trkpt><trkpt lat="46.36955009959638" lon="8.177150290459394"><ele>1867.3999938964844</ele></trkpt><trkpt lat="46.36941994167864" lon="8.176830120850354"><ele>1862.7999877929688</ele></trkpt><trkpt lat="46.369330315385014" lon="8.176640462130308"><ele>1859.3999938964844</ele></trkpt><trkpt lat="46.369250141084194" lon="8.176380755379796"><ele>1857.3999938964844</ele></trkpt><trkpt lat="46.36909999791533" lon="8.176090208813548"><ele>1856.0</ele></trkpt><trkpt lat="46.36898049199954" lon="8.17593003762886"><ele>1853.0</ele></trkpt><trkpt lat="46.368911544792354" lon="8.175741962622851"><ele>1849.5</ele></trkpt><trkpt lat="46.36874167714268" lon="8.175440755207092"><ele>1844.0999755859375</ele></trkpt><trkpt lat="46.36871045548469" lon="8.175400044769049"><ele>1843.2999877929688</ele></trkpt><trkpt lat="46.36868166225031" lon="8.175400953739882"><ele>1842.3999938964844</ele></trkpt><trkpt lat="46.3686416731216" lon="8.175601844675839"><ele>1839.0</ele></trkpt><trkpt lat="46.368599973618984" lon="8.175650662276894"><ele>1835.0</ele></trkpt><trkpt lat="46.368590449914336" lon="8.17587016057223"><ele>1833.6999816894531</ele></trkpt><trkpt lat="46.368551421910524" lon="8.17619972070679"><ele>1828.5</ele></trkpt><trkpt lat="46.36856149788946" lon="8.176310320850462"><ele>1827.3999938964844</ele></trkpt><trkpt lat="46.36860999884084" lon="8.176460429560393"><ele>1824.7999877929688</ele></trkpt><trkpt lat="46.36863041948527" lon="8.176640047226101"><ele>1821.2999877929688</ele></trkpt><trkpt lat="46.36861167429015" lon="8.177170016802847"><ele>1812.7999877929688</ele></trkpt><trkpt lat="46.36865144176409" lon="8.177279721014202"><ele>1811.2999877929688</ele></trkpt><trkpt lat="46.36887026624754" lon="8.177521816920489"><ele>1806.0</ele></trkpt><trkpt lat="46.368930341210216" lon="8.17769027967006"><ele>1805.0999755859375</ele></trkpt><trkpt lat="46.368941518012434" lon="8.17776970565319"><ele>1803.0999755859375</ele></trkpt><trkpt lat="46.36892041563988" lon="8.177970853634179"><ele>1804.0999755859375</ele></trkpt><trkpt lat="46.36887016147375" lon="8.17808973044157"><ele>1799.7999877929688</ele></trkpt><trkpt lat="46.36879153968766" lon="8.178420051466674"><ele>1794.6999816894531</ele></trkpt><trkpt lat="46.3687803898938" lon="8.178749991115183"><ele>1790.6999816894531</ele></trkpt><trkpt lat="46.36880015442148" lon="8.178891913965344"><ele>1789.0</ele></trkpt><trkpt lat="46.368810422252864" lon="8.179110382683575"><ele>1786.8999938964844</ele></trkpt><trkpt lat="46.368739961180836" lon="8.17943041631952"><ele>1780.7999877929688</ele></trkpt><trkpt lat="46.368720008526" lon="8.179730345495045"><ele>1778.1999816894531</ele></trkpt><trkpt lat="46.36880000960082" lon="8.180290253832936"><ele>1771.0999755859375</ele></trkpt><trkpt lat="46.36880162358284" lon="8.18073083087802"><ele>1762.7999877929688</ele></trkpt><trkpt lat="46.368790143635124" lon="8.181110149249434"><ele>1755.8999938964844</ele></trkpt><trkpt lat="46.368840268813074" lon="8.18156048702076"><ele>1748.0</ele></trkpt><trkpt lat="46.36884027905762" lon="8.182930239476264"><ele>1729.7999877929688</ele></trkpt><trkpt lat="46.36880998359993" lon="8.183159848675132"><ele>1723.8999938964844</ele></trkpt><trkpt lat="46.36890033772215" lon="8.183510672766715"><ele>1718.3999938964844</ele></trkpt><trkpt lat="46.368790079373866" lon="8.183450679294765"><ele>1713.5</ele></trkpt><trkpt lat="46.368629968725145" lon="8.183310729451478"><ele>1709.0</ele></trkpt><trkpt lat="46.368521463591605" lon="8.183120804373175"><ele>1707.2999877929688</ele></trkpt><trkpt lat="46.36826034961268" lon="8.182470042258501"><ele>1699.1999816894531</ele></trkpt><trkpt lat="46.36801147274673" lon="8.182010489050299"><ele>1690.5</ele></trkpt><trkpt lat="46.367870409507304" lon="8.181571908295155"><ele>1685.8999938964844</ele></trkpt><trkpt lat="46.36777007393539" lon="8.181370405014604"><ele>1683.0999755859375</ele></trkpt><trkpt lat="46.36770043009892" lon="8.181290180422366"><ele>1682.3999938964844</ele></trkpt><trkpt lat="46.367708483245224" lon="8.181296788156033"><ele>1682.3999938964844</ele></trkpt><trkpt lat="46.367708483245224" lon="8.181296788156033"><ele>1682.3999938964844</ele></trkpt><trkpt lat="46.367708483245224" lon="8.181296788156033"><ele>1682.3999938964844</ele></trkpt><trkpt lat="46.36770043009892" lon="8.181290180422366"><ele>1682.3999938964844</ele></trkpt><trkpt lat="46.36749988934025" lon="8.181141890119761"><ele>1680.0</ele></trkpt><trkpt lat="46.36739003006369" lon="8.181020830292255"><ele>1676.7999877929688</ele></trkpt><trkpt lat="46.36717990366742" lon="8.180550124496222"><ele>1669.0999755859375</ele></trkpt><trkpt lat="46.367129971738905" lon="8.180481866467744"><ele>1665.5999755859375</ele></trkpt><trkpt lat="46.36709140846506" lon="8.1806008964777"><ele>1661.7999877929688</ele></trkpt><trkpt lat="46.36710037430748" lon="8.180880418978631"><ele>1660.6999816894531</ele></trkpt><trkpt lat="46.36723044002429" lon="8.181350029073656"><ele>1656.1999816894531</ele></trkpt><trkpt lat="46.36732005700469" lon="8.18153968732804"><ele>1654.0999755859375</ele></trkpt><trkpt lat="46.36741019319743" lon="8.181650081183761"><ele>1652.0</ele></trkpt><trkpt lat="46.367441528476775" lon="8.181810352951288"><ele>1650.5999755859375</ele></trkpt><trkpt lat="46.367440020199865" lon="8.182040351442993"><ele>1648.0999755859375</ele></trkpt><trkpt lat="46.36737159267068" lon="8.182460465934128"><ele>1639.6999816894531</ele></trkpt><trkpt lat="46.36735991528258" lon="8.182731910143048"><ele>1636.5999755859375</ele></trkpt><trkpt lat="46.3677098993212" lon="8.183821826707572"><ele>1629.8999938964844</ele></trkpt><trkpt lat="46.36779149156064" lon="8.184410342946649"><ele>1624.2999877929688</ele></trkpt><trkpt lat="46.36785159120336" lon="8.184710063971579"><ele>1618.0</ele></trkpt><trkpt lat="46.36773003358394" lon="8.18459013523534"><ele>1613.7999877929688</ele></trkpt><trkpt lat="46.36758003896102" lon="8.184280082583427"><ele>1611.0</ele></trkpt><trkpt lat="46.36749158985913" lon="8.18405014835298"><ele>1607.3999938964844</ele></trkpt><trkpt lat="46.36736995447427" lon="8.183941917028278"><ele>1605.0</ele></trkpt><trkpt lat="46.3671404523775" lon="8.183409856632352"><ele>1600.1999816894531</ele></trkpt><trkpt lat="46.36698009958491" lon="8.183169843629003"><ele>1598.3999938964844</ele></trkpt><trkpt lat="46.3668504524976" lon="8.182500107213855"><ele>1590.7999877929688</ele></trkpt><trkpt lat="46.36679142015055" lon="8.182310867588967"><ele>1589.3999938964844</ele></trkpt><trkpt lat="46.36648021219298" lon="8.181890761014074"><ele>1585.5</ele></trkpt><trkpt lat="46.3664715285413" lon="8.181980308610946"><ele>1584.1999816894531</ele></trkpt><trkpt lat="46.36663044150919" lon="8.182439913973212"><ele>1575.7999877929688</ele></trkpt><trkpt lat="46.36662032967433" lon="8.182610013522208"><ele>1576.1999816894531</ele></trkpt><trkpt lat="46.36666047340259" lon="8.183209643699229"><ele>1571.2999877929688</ele></trkpt><trkpt lat="46.366709970869124" lon="8.183480623643845"><ele>1570.0</ele></trkpt><trkpt lat="46.36676160711795" lon="8.18369965115562"><ele>1563.5</ele></trkpt><trkpt lat="46.366780013311654" lon="8.183910427149385"><ele>1563.0999755859375</ele></trkpt><trkpt lat="46.36685047112405" lon="8.184140110388398"><ele>1560.1999816894531</ele></trkpt><trkpt lat="46.36685490887612" lon="8.184149268083274"><ele>1560.1999816894531</ele></trkpt><trkpt lat="46.36685490887612" lon="8.184149268083274"><ele>1560.1999816894531</ele></trkpt><trkpt lat="46.36685490887612" lon="8.184149268083274"><ele>1560.1999816894531</ele></trkpt><trkpt lat="46.36685047112405" lon="8.184140110388398"><ele>1560.1999816894531</ele></trkpt><trkpt lat="46.36691039102152" lon="8.184330663643777"><ele>1558.0</ele></trkpt><trkpt lat="46.366929900832474" lon="8.184510266873986"><ele>1558.6999816894531</ele></trkpt><trkpt lat="46.36698049958795" lon="8.18475007545203"><ele>1556.8999938964844</ele></trkpt><trkpt lat="46.36715006129816" lon="8.185639986302704"><ele>1545.0999755859375</ele></trkpt><trkpt lat="46.366891431156546" lon="8.18516080128029"><ele>1540.3999938964844</ele></trkpt><trkpt lat="46.3668198864907" lon="8.184959690552205"><ele>1537.5</ele></trkpt><trkpt lat="46.366721407976" lon="8.184750413522124"><ele>1538.5999755859375</ele></trkpt><trkpt lat="46.36667155614123" lon="8.18467045808211"><ele>1538.3999938964844</ele></trkpt><trkpt lat="46.36664019199088" lon="8.184651833493263"><ele>1535.7999877929688</ele></trkpt><trkpt lat="46.36662034271285" lon="8.184660657774657"><ele>1534.5999755859375</ele></trkpt><trkpt lat="46.36662998050451" lon="8.184699775651097"><ele>1534.0</ele></trkpt><trkpt lat="46.36664043273777" lon="8.184751899912953"><ele>1533.3999938964844</ele></trkpt><trkpt lat="46.3666604552418" lon="8.184989986941218"><ele>1526.6999816894531</ele></trkpt><trkpt lat="46.366600282955915" lon="8.18552066385746"><ele>1512.6999816894531</ele></trkpt><trkpt lat="46.36664164438844" lon="8.185660281218588"><ele>1510.2999877929688</ele></trkpt><trkpt lat="46.36665004817769" lon="8.18575006397441"><ele>1507.7999877929688</ele></trkpt><trkpt lat="46.36664143810049" lon="8.186100816354156"><ele>1499.5</ele></trkpt><trkpt lat="46.36661155615002" lon="8.186130293644965"><ele>1497.3999938964844</ele></trkpt><trkpt lat="46.36655047396198" lon="8.185980007983744"><ele>1495.8999938964844</ele></trkpt><trkpt lat="46.36650048568845" lon="8.18592084152624"><ele>1493.2999877929688</ele></trkpt><trkpt lat="46.36637147562578" lon="8.185839795973152"><ele>1487.3999938964844</ele></trkpt><trkpt lat="46.366320262197405" lon="8.185829994734377"><ele>1484.6999816894531</ele></trkpt><trkpt lat="46.366231525782496" lon="8.18578069191426"><ele>1481.6999816894531</ele></trkpt><trkpt lat="46.36622162209824" lon="8.185781855136156"><ele>1481.0</ele></trkpt><trkpt lat="46.36621160758659" lon="8.185799910221249"><ele>1480.0999755859375</ele></trkpt><trkpt lat="46.36619027564302" lon="8.185760631226003"><ele>1478.7999877929688</ele></trkpt><trkpt lat="46.3661801838316" lon="8.185790381394327"><ele>1478.0999755859375</ele></trkpt><trkpt lat="46.36604160396382" lon="8.185659823473543"><ele>1471.5</ele></trkpt><trkpt lat="46.366030004341155" lon="8.185781817417592"><ele>1468.5999755859375</ele></trkpt><trkpt lat="46.366035401355475" lon="8.185781891457736"><ele>1468.5999755859375</ele></trkpt><trkpt lat="46.366035401355475" lon="8.185781891457736"><ele>1468.5999755859375</ele></trkpt><trkpt lat="46.366035401355475" lon="8.185781891457736"><ele>1468.5999755859375</ele></trkpt><trkpt lat="46.366030004341155" lon="8.185781817417592"><ele>1468.5999755859375</ele></trkpt><trkpt lat="46.36603161506355" lon="8.185810428578407"><ele>1467.5999755859375</ele></trkpt><trkpt lat="46.36600994924083" lon="8.185821826104075"><ele>1467.1999816894531</ele></trkpt><trkpt lat="46.36595997773111" lon="8.185760061722249"><ele>1464.7999877929688</ele></trkpt><trkpt lat="46.36591043556109" lon="8.185769776348025"><ele>1463.0999755859375</ele></trkpt><trkpt lat="46.36582986311987" lon="8.1857101903297"><ele>1460.2999877929688</ele></trkpt><trkpt lat="46.365650137420744" lon="8.185680428985506"><ele>1455.0</ele></trkpt><trkpt lat="46.36552145285532" lon="8.185550008900464"><ele>1450.7999877929688</ele></trkpt><trkpt lat="46.36541992565617" lon="8.18553041992709"><ele>1447.5</ele></trkpt><trkpt lat="46.3653699462302" lon="8.18546995613724"><ele>1446.0</ele></trkpt><trkpt lat="46.36524019995704" lon="8.185500659514219"><ele>1441.7999877929688</ele></trkpt><trkpt lat="46.36521019041538" lon="8.18554962752387"><ele>1440.5999755859375</ele></trkpt><trkpt lat="46.365190332289785" lon="8.185559750534594"><ele>1440.0999755859375</ele></trkpt><trkpt lat="46.36510037118569" lon="8.185559812933207"><ele>1438.5</ele></trkpt><trkpt lat="46.36505036614835" lon="8.185639693401754"><ele>1436.1999816894531</ele></trkpt><trkpt lat="46.365051615051925" lon="8.18544998485595"><ele>1433.0</ele></trkpt><trkpt lat="46.365000324789435" lon="8.185451878700405"><ele>1430.8999938964844</ele></trkpt><trkpt lat="46.36501146107912" lon="8.185400051996112"><ele>1429.7999877929688</ele></trkpt><trkpt lat="46.36496994597837" lon="8.185420273337513"><ele>1428.0</ele></trkpt><trkpt lat="46.36497027100995" lon="8.185370896942914"><ele>1427.1999816894531</ele></trkpt><trkpt lat="46.3649300574325" lon="8.185330060310662"><ele>1425.7999877929688</ele></trkpt><trkpt lat="46.36488145403564" lon="8.185060398187488"><ele>1420.5</ele></trkpt><trkpt lat="46.364801411516964" lon="8.184920253697783"><ele>1417.5</ele></trkpt><trkpt lat="46.364689885638654" lon="8.184779677074403"><ele>1413.2999877929688</ele></trkpt><trkpt lat="46.36470142705366" lon="8.184939671773463"><ele>1413.6999816894531</ele></trkpt><trkpt lat="46.36470948019996" lon="8.18494627950713"><ele>1413.6999816894531</ele></trkpt><trkpt lat="46.36470948019996" lon="8.18494627950713"><ele>1413.6999816894531</ele></trkpt><trkpt lat="46.36470948019996" lon="8.18494627950713"><ele>1413.6999816894531</ele></trkpt><trkpt lat="46.36470142705366" lon="8.184939671773463"><ele>1413.6999816894531</ele></trkpt><trkpt lat="46.364711538888514" lon="8.185180214699358"><ele>1414.7999877929688</ele></trkpt><trkpt lat="46.36461141752079" lon="8.185220421757549"><ele>1412.7999877929688</ele></trkpt><trkpt lat="46.36453036731109" lon="8.185370047111064"><ele>1411.0</ele></trkpt><trkpt lat="46.364461523946375" lon="8.185441871639341"><ele>1409.5999755859375</ele></trkpt><trkpt lat="46.36440158961341" lon="8.185390368103981"><ele>1408.3999938964844</ele></trkpt><trkpt lat="46.36440017540008" lon="8.185331872664392"><ele>1407.7999877929688</ele></trkpt><trkpt lat="46.36440642923117" lon="8.18533845571801"><ele>1407.7999877929688</ele></trkpt><trkpt lat="46.36440642923117" lon="8.18533845571801"><ele>1407.7999877929688</ele></trkpt><trkpt lat="46.36440642923117" lon="8.18533845571801"><ele>1407.7999877929688</ele></trkpt><trkpt lat="46.36440017540008" lon="8.185331872664392"><ele>1407.7999877929688</ele></trkpt><trkpt lat="46.36444152658805" lon="8.185199894476682"><ele>1407.3999938964844</ele></trkpt><trkpt lat="46.364440446253866" lon="8.185090723913163"><ele>1407.2999877929688</ele></trkpt><trkpt lat="46.36440029274672" lon="8.185040792450309"><ele>1407.1999816894531</ele></trkpt><trkpt lat="46.36430140491575" lon="8.185030337888747"><ele>1407.0</ele></trkpt><trkpt lat="46.36425013886765" lon="8.184891889803112"><ele>1406.2999877929688</ele></trkpt><trkpt lat="46.36418022029102" lon="8.184580356813967"><ele>1403.6999816894531</ele></trkpt><trkpt lat="46.36418560007587" lon="8.184583029244095"><ele>1403.6999816894531</ele></trkpt><trkpt lat="46.36418560007587" lon="8.184583029244095"><ele>1403.6999816894531</ele></trkpt><trkpt lat="46.36418560007587" lon="8.184583029244095"><ele>1403.6999816894531</ele></trkpt><trkpt lat="46.36418022029102" lon="8.184580356813967"><ele>1403.6999816894531</ele></trkpt><trkpt lat="46.364040098153055" lon="8.18400017125532"><ele>1399.7999877929688</ele></trkpt><trkpt lat="46.36376023851335" lon="8.184149668551981"><ele>1400.0999755859375</ele></trkpt><trkpt lat="46.363680081442" lon="8.183889977168292"><ele>1399.1999816894531</ele></trkpt><trkpt lat="46.36352148279548" lon="8.1835200577043"><ele>1398.3999938964844</ele></trkpt><trkpt lat="46.36352500412613" lon="8.183531800750643"><ele>1398.3999938964844</ele></trkpt><trkpt lat="46.36352500412613" lon="8.183531800750643"><ele>1398.3999938964844</ele></trkpt><trkpt lat="46.36352500412613" lon="8.183531800750643"><ele>1398.3999938964844</ele></trkpt><trkpt lat="46.36352148279548" lon="8.1835200577043"><ele>1398.3999938964844</ele></trkpt><trkpt lat="46.36325073381886" lon="8.182830239646137"><ele>1397.8999938964844</ele></trkpt><trkpt lat="46.36321030650288" lon="8.182821889407933"><ele>1398.0</ele></trkpt><trkpt lat="46.36318989051506" lon="8.182780027855188"><ele>1398.0999755859375</ele></trkpt><trkpt lat="46.36315000010654" lon="8.18268981995061"><ele>1398.6999816894531</ele></trkpt><trkpt lat="46.36305006360635" lon="8.182290823664516"><ele>1402.1999816894531</ele></trkpt><trkpt lat="46.363110101316124" lon="8.181640625465661"><ele>1400.0</ele></trkpt><trkpt lat="46.36301002185792" lon="8.181400160305202"><ele>1400.6999816894531</ele></trkpt><trkpt lat="46.363049963489175" lon="8.181070649065077"><ele>1402.2999877929688</ele></trkpt><trkpt lat="46.363011450041085" lon="8.180769952945411"><ele>1403.1999816894531</ele></trkpt><trkpt lat="46.36296011926606" lon="8.180640607140958"><ele>1401.3999938964844</ele></trkpt><trkpt lat="46.36284145060927" lon="8.180490850005299"><ele>1393.3999938964844</ele></trkpt><trkpt lat="46.362680113874376" lon="8.180400285869837"><ele>1390.5999755859375</ele></trkpt><trkpt lat="46.362431592773646" lon="8.180160398595035"><ele>1389.2999877929688</ele></trkpt><trkpt lat="46.36225162120536" lon="8.180030599236488"><ele>1387.5</ele></trkpt><trkpt lat="46.36216989159584" lon="8.180009992793202"><ele>1386.5999755859375</ele></trkpt><trkpt lat="46.36205004248768" lon="8.180040842853487"><ele>1385.5</ele></trkpt><trkpt lat="46.36197011265904" lon="8.180020261090249"><ele>1385.0</ele></trkpt><trkpt lat="46.36197726614773" lon="8.1800268557854"><ele>1385.0</ele></trkpt><trkpt lat="46.36197726614773" lon="8.1800268557854"><ele>1385.0</ele></trkpt><trkpt lat="46.36197726614773" lon="8.1800268557854"><ele>1385.0</ele></trkpt><trkpt lat="46.36197011265904" lon="8.180020261090249"><ele>1385.0</ele></trkpt><trkpt lat="46.36189018189907" lon="8.179999679327011"><ele>1383.5</ele></trkpt><trkpt lat="46.3618404539302" lon="8.17990024574101"><ele>1382.2999877929688</ele></trkpt><trkpt lat="46.36166161065921" lon="8.17945990525186"><ele>1374.5999755859375</ele></trkpt><trkpt lat="46.361559964716434" lon="8.17932078288868"><ele>1374.5</ele></trkpt><trkpt lat="46.36152033461258" lon="8.17919030226767"><ele>1373.0999755859375</ele></trkpt><trkpt lat="46.361430323217064" lon="8.179060435388237"><ele>1374.5999755859375</ele></trkpt><trkpt lat="46.36143030459061" lon="8.178649824112654"><ele>1371.0</ele></trkpt><trkpt lat="46.36136010522023" lon="8.178240857552737"><ele>1372.5</ele></trkpt><trkpt lat="46.36096038389951" lon="8.17801062297076"><ele>1370.5</ele></trkpt><trkpt lat="46.36087145796046" lon="8.177989922463894"><ele>1370.8999938964844</ele></trkpt><trkpt lat="46.360780087765306" lon="8.177930206991732"><ele>1370.7999877929688</ele></trkpt><trkpt lat="46.36073144571856" lon="8.17793994024396"><ele>1370.5999755859375</ele></trkpt><trkpt lat="46.36053028749302" lon="8.177609759848565"><ele>1366.3999938964844</ele></trkpt><trkpt lat="46.36015983950347" lon="8.176890068221837"><ele>1357.5999755859375</ele></trkpt><trkpt lat="46.3601214052178" lon="8.176851863972843"><ele>1356.7999877929688</ele></trkpt><trkpt lat="46.35993032203987" lon="8.17677000677213"><ele>1353.8999938964844</ele></trkpt><trkpt lat="46.36002009361982" lon="8.176660779863596"><ele>1353.3999938964844</ele></trkpt><trkpt lat="46.36011031689122" lon="8.176620425190777"><ele>1353.0999755859375</ele></trkpt><trkpt lat="46.36028014868498" lon="8.176650018431246"><ele>1352.1999816894531</ele></trkpt><trkpt lat="46.3604299291037" lon="8.176719619426876"><ele>1351.1999816894531</ele></trkpt><trkpt lat="46.36041148751974" lon="8.176650502253324"><ele>1351.2999877929688</ele></trkpt><trkpt lat="46.36032037017867" lon="8.176551811862737"><ele>1350.1999816894531</ele></trkpt><trkpt lat="46.360200168564916" lon="8.176360471174121"><ele>1347.0999755859375</ele></trkpt><trkpt lat="46.36012144992128" lon="8.176291835028678"><ele>1346.0999755859375</ele></trkpt><trkpt lat="46.36008001258597" lon="8.176300368271768"><ele>1345.7999877929688</ele></trkpt><trkpt lat="46.359990240540355" lon="8.176409595645964"><ele>1344.5</ele></trkpt><trkpt lat="46.3599099800922" lon="8.176439690869302"><ele>1344.0999755859375</ele></trkpt><trkpt lat="46.35981025127694" lon="8.17642014566809"><ele>1343.3999938964844</ele></trkpt><trkpt lat="46.359641580376774" lon="8.176350289024413"><ele>1341.7999877929688</ele></trkpt><trkpt lat="46.359580404125154" lon="8.176350757945329"><ele>1341.3999938964844</ele></trkpt><trkpt lat="46.359441539272666" lon="8.176400846801698"><ele>1340.3999938964844</ele></trkpt><trkpt lat="46.35932986298576" lon="8.17642012052238"><ele>1339.7999877929688</ele></trkpt><trkpt lat="46.359141401946545" lon="8.176349995657802"><ele>1337.5999755859375</ele></trkpt><trkpt lat="46.35927012283355" lon="8.176199718844146"><ele>1334.8999938964844</ele></trkpt><trkpt lat="46.35936028230935" lon="8.176030727103353"><ele>1332.7999877929688</ele></trkpt><trkpt lat="46.359370181337" lon="8.175891830585897"><ele>1331.0</ele></trkpt><trkpt lat="46.359429887495935" lon="8.175840666517615"><ele>1330.3999938964844</ele></trkpt><trkpt lat="46.359490235801786" lon="8.175690759904683"><ele>1328.5</ele></trkpt><trkpt lat="46.35960019286722" lon="8.175520735792816"><ele>1327.6999816894531</ele></trkpt><trkpt lat="46.359771406743675" lon="8.175060483627021"><ele>1317.8999938964844</ele></trkpt><trkpt lat="46.35982044506818" lon="8.174989683087915"><ele>1316.6999816894531</ele></trkpt><trkpt lat="46.35982982814312" lon="8.174930039327592"><ele>1314.7999877929688</ele></trkpt><trkpt lat="46.3599200528115" lon="8.174750649835914"><ele>1311.8999938964844</ele></trkpt><trkpt lat="46.35995025979355" lon="8.174670498352498"><ele>1310.3999938964844</ele></trkpt><trkpt lat="46.359961576759815" lon="8.174590090755373"><ele>1310.0</ele></trkpt><trkpt lat="46.35987032856792" lon="8.174649924971163"><ele>1310.1999816894531</ele></trkpt><trkpt lat="46.35974161000922" lon="8.174800207372755"><ele>1312.0999755859375</ele></trkpt><trkpt lat="46.35963140428066" lon="8.17487017903477"><ele>1312.8999938964844</ele></trkpt><trkpt lat="46.35942017007619" lon="8.175120691768825"><ele>1315.3999938964844</ele></trkpt><trkpt lat="46.35936046438292" lon="8.17517185676843"><ele>1316.0999755859375</ele></trkpt><trkpt lat="46.35914041660726" lon="8.174840140156448"><ele>1315.0999755859375</ele></trkpt><trkpt lat="46.359141307882965" lon="8.174841451458633"><ele>1315.0999755859375</ele></trkpt><trkpt lat="46.359141307882965" lon="8.174841451458633"><ele>1315.0999755859375</ele></trkpt><trkpt lat="46.359141307882965" lon="8.174841451458633"><ele>1315.0999755859375</ele></trkpt><trkpt lat="46.35914041660726" lon="8.174840140156448"><ele>1315.0999755859375</ele></trkpt><trkpt lat="46.35907983081415" lon="8.17474966449663"><ele>1314.0999755859375</ele></trkpt><trkpt lat="46.35909037524834" lon="8.174649757798761"><ele>1314.7999877929688</ele></trkpt><trkpt lat="46.35907150013372" lon="8.174370144028217"><ele>1318.2999877929688</ele></trkpt><trkpt lat="46.35902004735544" lon="8.17411997448653"><ele>1321.7999877929688</ele></trkpt><trkpt lat="46.359011507127434" lon="8.174049695022404"><ele>1323.1999816894531</ele></trkpt><trkpt lat="46.359040178824216" lon="8.173790215048939"><ele>1325.8999938964844</ele></trkpt><trkpt lat="46.35897992318496" lon="8.173510042019188"><ele>1329.7999877929688</ele></trkpt><trkpt lat="46.35899022547528" lon="8.173169754911214"><ele>1334.0</ele></trkpt><trkpt lat="46.35897042788565" lon="8.173170786816627"><ele>1334.0999755859375</ele></trkpt><trkpt lat="46.35887031070888" lon="8.173350042197853"><ele>1337.7999877929688</ele></trkpt><trkpt lat="46.35875038430095" lon="8.173809686210006"><ele>1346.2999877929688</ele></trkpt><trkpt lat="46.35872146487236" lon="8.173830084502697"><ele>1347.0</ele></trkpt><trkpt lat="46.358710169326514" lon="8.173629834782332"><ele>1349.2999877929688</ele></trkpt><trkpt lat="46.358679849188775" lon="8.173450117465109"><ele>1353.6999816894531</ele></trkpt><trkpt lat="46.35869039222598" lon="8.1733502112329"><ele>1353.5999755859375</ele></trkpt><trkpt lat="46.35870023956522" lon="8.17308008344844"><ele>1357.0999755859375</ele></trkpt><trkpt lat="46.35876045934856" lon="8.17281063599512"><ele>1361.3999938964844</ele></trkpt><trkpt lat="46.358760023955256" lon="8.172600138466805"><ele>1364.8999938964844</ele></trkpt><trkpt lat="46.35878014238551" lon="8.17241070792079"><ele>1367.8999938964844</ele></trkpt><trkpt lat="46.358841453678906" lon="8.172250417992473"><ele>1370.7999877929688</ele></trkpt><trkpt lat="46.35893149068579" lon="8.172099611721933"><ele>1376.1999816894531</ele></trkpt><trkpt lat="46.35891028074548" lon="8.172040855512023"><ele>1377.3999938964844</ele></trkpt><trkpt lat="46.35888156341389" lon="8.172030073124915"><ele>1378.2999877929688</ele></trkpt><trkpt lat="46.358820194378495" lon="8.172060429584235"><ele>1380.2999877929688</ele></trkpt><trkpt lat="46.35874160844833" lon="8.172110043466091"><ele>1382.5999755859375</ele></trkpt><trkpt lat="46.358610320836306" lon="8.172240803949535"><ele>1385.5999755859375</ele></trkpt><trkpt lat="46.35851013800129" lon="8.172430453356355"><ele>1388.0999755859375</ele></trkpt><trkpt lat="46.35845139995217" lon="8.172610267531127"><ele>1391.0999755859375</ele></trkpt><trkpt lat="46.35830160835758" lon="8.172820035368204"><ele>1395.7999877929688</ele></trkpt><trkpt lat="46.35819042799994" lon="8.173040717840195"><ele>1398.5999755859375</ele></trkpt><trkpt lat="46.358161449898034" lon="8.173070210497826"><ele>1399.5999755859375</ele></trkpt><trkpt lat="46.3581299665384" lon="8.173069785349071"><ele>1400.5999755859375</ele></trkpt><trkpt lat="46.35787024209276" lon="8.172890868969262"><ele>1406.0999755859375</ele></trkpt><trkpt lat="46.35782147431746" lon="8.172920094802976"><ele>1406.7999877929688</ele></trkpt><trkpt lat="46.35775156412274" lon="8.172880170866847"><ele>1407.8999938964844</ele></trkpt><trkpt lat="46.35764162056148" lon="8.172909869346768"><ele>1409.5999755859375</ele></trkpt><trkpt lat="46.357520496472716" lon="8.172860159073025"><ele>1411.5999755859375</ele></trkpt><trkpt lat="46.35739019326866" lon="8.17269988451153"><ele>1415.0999755859375</ele></trkpt><trkpt lat="46.357170064002275" lon="8.172379883471876"><ele>1420.3999938964844</ele></trkpt><trkpt lat="46.35684988508001" lon="8.171950694639236"><ele>1428.2999877929688</ele></trkpt><trkpt lat="46.3567316015251" lon="8.171739913988858"><ele>1431.1999816894531</ele></trkpt><trkpt lat="46.35656029684469" lon="8.171520624309778"><ele>1437.5999755859375</ele></trkpt><trkpt lat="46.356449916027486" lon="8.171339835971594"><ele>1442.6999816894531</ele></trkpt><trkpt lat="46.356330337934196" lon="8.171190107241273"><ele>1447.5</ele></trkpt><trkpt lat="46.356261452659965" lon="8.171130712144077"><ele>1450.2999877929688</ele></trkpt><trkpt lat="46.35618144553155" lon="8.171121838036925"><ele>1451.0999755859375</ele></trkpt><trkpt lat="46.35597029654309" lon="8.171360658016056"><ele>1459.3999938964844</ele></trkpt><trkpt lat="46.355929885525256" lon="8.171349719166756"><ele>1460.0999755859375</ele></trkpt><trkpt lat="46.35590045293793" lon="8.171310344245285"><ele>1461.0</ele></trkpt><trkpt lat="46.355920444242656" lon="8.171140410937369"><ele>1468.3999938964844</ele></trkpt><trkpt lat="46.35596151044592" lon="8.171050015836954"><ele>1468.7999877929688</ele></trkpt><trkpt lat="46.35607146052644" lon="8.170879993587732"><ele>1468.6999816894531</ele></trkpt><trkpt lat="46.356150231324136" lon="8.170801799744368"><ele>1469.5999755859375</ele></trkpt><trkpt lat="46.356279980856925" lon="8.170769766438752"><ele>1470.5999755859375</ele></trkpt><trkpt lat="46.35644158581272" lon="8.17082001734525"><ele>1474.8999938964844</ele></trkpt><trkpt lat="46.356490354053676" lon="8.170790791511536"><ele>1479.6999816894531</ele></trkpt><trkpt lat="46.3565103453584" lon="8.170759878586978"><ele>1482.2999877929688</ele></trkpt><trkpt lat="46.356489908415824" lon="8.170720625668764"><ele>1485.6999816894531</ele></trkpt><trkpt lat="46.35640143416822" lon="8.170629783533514"><ele>1484.5</ele></trkpt><trkpt lat="46.356000411789864" lon="8.170320355333388"><ele>1494.0999755859375</ele></trkpt><trkpt lat="46.35593024082482" lon="8.170320710167289"><ele>1496.0</ele></trkpt><trkpt lat="46.355881473980844" lon="8.170349936932325"><ele>1496.7999877929688</ele></trkpt><trkpt lat="46.35581162432209" lon="8.170439945533872"><ele>1500.5999755859375</ele></trkpt><trkpt lat="46.35578013258055" lon="8.170440820977092"><ele>1501.1999816894531</ele></trkpt><trkpt lat="46.35577043099329" lon="8.17041080724448"><ele>1501.8999938964844</ele></trkpt><trkpt lat="46.35579158132896" lon="8.17033963277936"><ele>1502.5</ele></trkpt><trkpt lat="46.35593153350055" lon="8.170120641589165"><ele>1503.5</ele></trkpt><trkpt lat="46.35606024134904" lon="8.17011068109423"><ele>1507.2999877929688</ele></trkpt><trkpt lat="46.35635004285723" lon="8.170230217743665"><ele>1512.8999938964844</ele></trkpt><trkpt lat="46.35648144967854" lon="8.17022029357031"><ele>1516.7999877929688</ele></trkpt><trkpt lat="46.356580019462854" lon="8.17028008773923"><ele>1514.1999816894531</ele></trkpt><trkpt lat="46.35669040121138" lon="8.170321851503104"><ele>1515.5999755859375</ele></trkpt><trkpt lat="46.35681012226269" lon="8.170310470741242"><ele>1517.8999938964844</ele></trkpt><trkpt lat="46.3568607554771" lon="8.17027087463066"><ele>1518.7999877929688</ele></trkpt><trkpt lat="46.356860250700265" lon="8.170209801755846"><ele>1521.0</ele></trkpt><trkpt lat="46.356820091139525" lon="8.170159888919443"><ele>1524.1999816894531</ele></trkpt><trkpt lat="46.356771575752646" lon="8.170150140766054"><ele>1524.7999877929688</ele></trkpt><trkpt lat="46.35653048520908" lon="8.170010472647846"><ele>1532.3999938964844</ele></trkpt><trkpt lat="46.356341641861945" lon="8.169859814457595"><ele>1535.8999938964844</ele></trkpt><trkpt lat="46.35624030511826" lon="8.16981037799269"><ele>1534.8999938964844</ele></trkpt><trkpt lat="46.35573165630922" lon="8.169450137298554"><ele>1545.1999816894531</ele></trkpt><trkpt lat="46.355500012636185" lon="8.169240442570299"><ele>1555.1999816894531</ele></trkpt><trkpt lat="46.355350172612816" lon="8.169039642438293"><ele>1552.1999816894531</ele></trkpt><trkpt lat="46.355357352178544" lon="8.169042337220162"><ele>1552.1999816894531</ele></trkpt><trkpt lat="46.355357352178544" lon="8.169042337220162"><ele>1552.1999816894531</ele></trkpt><trkpt lat="46.355357352178544" lon="8.169042337220162"><ele>1552.1999816894531</ele></trkpt><trkpt lat="46.355350172612816" lon="8.169039642438293"><ele>1552.1999816894531</ele></trkpt><trkpt lat="46.355131443589926" lon="8.168640433810651"><ele>1561.2999877929688</ele></trkpt><trkpt lat="46.355041411239654" lon="8.168511898256838"><ele>1558.6999816894531</ele></trkpt><trkpt lat="46.35496154986322" lon="8.168340625241399"><ele>1562.1999816894531</ele></trkpt><trkpt lat="46.354960387572646" lon="8.168241867795587"><ele>1567.0</ele></trkpt><trkpt lat="46.354889968875796" lon="8.168140881229192"><ele>1568.5999755859375</ele></trkpt><trkpt lat="46.35465023480356" lon="8.167929786723107"><ele>1572.2999877929688</ele></trkpt><trkpt lat="46.35437032720074" lon="8.167810400016606"><ele>1575.5999755859375</ele></trkpt><trkpt lat="46.35410006158054" lon="8.167450787965208"><ele>1581.5999755859375</ele></trkpt><trkpt lat="46.35405142325908" lon="8.16732021421194"><ele>1582.8999938964844</ele></trkpt><trkpt lat="46.35393164679408" lon="8.167200379539281"><ele>1582.8999938964844</ele></trkpt><trkpt lat="46.3537703002803" lon="8.167109870351851"><ele>1583.7999877929688</ele></trkpt><trkpt lat="46.35369004448876" lon="8.166999660898"><ele>1584.5999755859375</ele></trkpt><trkpt lat="46.353670187760144" lon="8.167009788565338"><ele>1584.5999755859375</ele></trkpt><trkpt lat="46.35365026490763" lon="8.167030308861285"><ele>1584.8999938964844</ele></trkpt><trkpt lat="46.353620453272015" lon="8.167189712170511"><ele>1585.2999877929688</ele></trkpt><trkpt lat="46.353580482304096" lon="8.167250239755958"><ele>1586.8999938964844</ele></trkpt><trkpt lat="46.35356005001813" lon="8.167350005358458"><ele>1587.6999816894531</ele></trkpt><trkpt lat="46.35356146283448" lon="8.167550102807581"><ele>1589.7999877929688</ele></trkpt><trkpt lat="46.35354018956423" lon="8.167640762403607"><ele>1591.3999938964844</ele></trkpt><trkpt lat="46.35345035744831" lon="8.167900698725134"><ele>1595.5</ele></trkpt><trkpt lat="46.353410265408456" lon="8.168119727168232"><ele>1596.2999877929688</ele></trkpt><trkpt lat="46.3533503706567" lon="8.168200773186982"><ele>1597.3999938964844</ele></trkpt><trkpt lat="46.353371437639" lon="8.16842192132026"><ele>1600.5</ele></trkpt><trkpt lat="46.353311497718096" lon="8.168649777304381"><ele>1605.5999755859375</ele></trkpt><trkpt lat="46.35330018168315" lon="8.168870490975678"><ele>1611.8999938964844</ele></trkpt><trkpt lat="46.35335152223706" lon="8.169140117242932"><ele>1618.5999755859375</ele></trkpt><trkpt lat="46.35334156034514" lon="8.169429706875235"><ele>1622.5</ele></trkpt><trkpt lat="46.35330036189407" lon="8.169540884438902"><ele>1623.2999877929688</ele></trkpt><trkpt lat="46.353261556476355" lon="8.169559850823134"><ele>1623.7999877929688</ele></trkpt><trkpt lat="46.35324156610295" lon="8.16959076328203"><ele>1624.1999816894531</ele></trkpt><trkpt lat="46.35324008157477" lon="8.170100031420588"><ele>1629.0999755859375</ele></trkpt><trkpt lat="46.35322021972388" lon="8.170250471681356"><ele>1631.0</ele></trkpt><trkpt lat="46.35320023726672" lon="8.1702800844796"><ele>1631.8999938964844</ele></trkpt><trkpt lat="46.35317048616707" lon="8.170290078036487"><ele>1632.5</ele></trkpt><trkpt lat="46.35313025070354" lon="8.170251859351993"><ele>1632.5999755859375</ele></trkpt><trkpt lat="46.35311998426914" lon="8.17016987176612"><ele>1632.2999877929688</ele></trkpt><trkpt lat="46.35314992861822" lon="8.170129999518394"><ele>1632.7999877929688</ele></trkpt><trkpt lat="46.35316033475101" lon="8.170050888322294"><ele>1633.2999877929688</ele></trkpt><trkpt lat="46.353080154862255" lon="8.169789969921112"><ele>1636.0999755859375</ele></trkpt><trkpt lat="46.35308144008741" lon="8.169730224646628"><ele>1637.3999938964844</ele></trkpt><trkpt lat="46.353020783979446" lon="8.169650157913566"><ele>1640.2999877929688</ele></trkpt><trkpt lat="46.35291154496372" lon="8.16957073751837"><ele>1643.2999877929688</ele></trkpt><trkpt lat="46.35280045308173" lon="8.169360074214637"><ele>1645.2999877929688</ele></trkpt><trkpt lat="46.35265034716576" lon="8.16920085484162"><ele>1649.1999816894531</ele></trkpt><trkpt lat="46.35243014944717" lon="8.168889990076423"><ele>1655.5</ele></trkpt><trkpt lat="46.35199024155736" lon="8.168331933673471"><ele>1668.1999816894531</ele></trkpt><trkpt lat="46.351760344579816" lon="8.168130076024681"><ele>1674.8999938964844</ele></trkpt><trkpt lat="46.351659974548966" lon="8.168070267420262"><ele>1679.1999816894531</ele></trkpt><trkpt lat="46.351501578930765" lon="8.167940824758261"><ele>1684.2999877929688</ele></trkpt><trkpt lat="46.3513615578413" lon="8.167751868255436"><ele>1688.6999816894531</ele></trkpt><trkpt lat="46.351331433746964" lon="8.167680010665208"><ele>1689.8999938964844</ele></trkpt><trkpt lat="46.3512716088444" lon="8.167610353324562"><ele>1691.5999755859375</ele></trkpt><trkpt lat="46.35122007178143" lon="8.16751092672348"><ele>1694.2999877929688</ele></trkpt><trkpt lat="46.351099979598075" lon="8.167440462857485"><ele>1701.2999877929688</ele></trkpt><trkpt lat="46.35106020839885" lon="8.167469810228795"><ele>1702.6999816894531</ele></trkpt><trkpt lat="46.35104009322822" lon="8.167520207352936"><ele>1703.3999938964844</ele></trkpt><trkpt lat="46.351011434104294" lon="8.167500335723162"><ele>1704.3999938964844</ele></trkpt><trkpt lat="46.35099150566384" lon="8.167381846345961"><ele>1706.5</ele></trkpt><trkpt lat="46.351000445429236" lon="8.167250753380358"><ele>1711.7999877929688</ele></trkpt><trkpt lat="46.350870318710804" lon="8.16706193331629"><ele>1719.5999755859375</ele></trkpt><trkpt lat="46.35080999461934" lon="8.16692991182208"><ele>1722.0</ele></trkpt><trkpt lat="46.350740015972406" lon="8.166900393553078"><ele>1726.0999755859375</ele></trkpt><trkpt lat="46.35061143524945" lon="8.16689087683335"><ele>1730.8999938964844</ele></trkpt><trkpt lat="46.3506415784359" lon="8.166819828096777"><ele>1731.5</ele></trkpt><trkpt lat="46.35070146434009" lon="8.166740083601326"><ele>1732.0</ele></trkpt><trkpt lat="46.350871683098376" lon="8.166709885466844"><ele>1733.0</ele></trkpt><trkpt lat="46.350901684723794" lon="8.1666609197855"><ele>1733.1999816894531</ele></trkpt><trkpt lat="46.350871426053345" lon="8.166609847918153"><ele>1733.3999938964844</ele></trkpt><trkpt lat="46.3508400679566" lon="8.16658994089812"><ele>1733.6999816894531</ele></trkpt><trkpt lat="46.35075010731816" lon="8.1665900349617"><ele>1734.2999877929688</ele></trkpt><trkpt lat="46.350681610405445" lon="8.166609904263169"><ele>1735.2999877929688</ele></trkpt><trkpt lat="46.35067004151642" lon="8.166590262204409"><ele>1735.5999755859375</ele></trkpt><trkpt lat="46.3506703004241" lon="8.166549992281944"><ele>1736.2999877929688</ele></trkpt><trkpt lat="46.35072999447584" lon="8.166500125546008"><ele>1737.8999938964844</ele></trkpt><trkpt lat="46.350641501136124" lon="8.166411899030209"><ele>1741.7999877929688</ele></trkpt><trkpt lat="46.35069150105119" lon="8.166330722626299"><ele>1744.2999877929688</ele></trkpt><trkpt lat="46.350620040204376" lon="8.16625181864947"><ele>1749.3999938964844</ele></trkpt><trkpt lat="46.350560473278165" lon="8.166141894180328"><ele>1753.7999877929688</ele></trkpt><trkpt lat="46.35043150978163" lon="8.166051828302443"><ele>1759.5999755859375</ele></trkpt><trkpt lat="46.35027049575001" lon="8.166049674153328"><ele>1764.5</ele></trkpt><trkpt lat="46.35020006680861" lon="8.166090304031968"><ele>1766.5999755859375</ele></trkpt><trkpt lat="46.34991997946054" lon="8.166699744295329"><ele>1782.3999938964844</ele></trkpt><trkpt lat="46.34990152483806" lon="8.167191864922643"><ele>1784.3999938964844</ele></trkpt><trkpt lat="46.349839977454394" lon="8.167530111037195"><ele>1787.0</ele></trkpt><trkpt lat="46.349811574444175" lon="8.167610275559127"><ele>1787.8999938964844</ele></trkpt><trkpt lat="46.34975162148476" lon="8.167700410354882"><ele>1789.5</ele></trkpt><trkpt lat="46.34955030120909" lon="8.167810733430088"><ele>1794.0</ele></trkpt><trkpt lat="46.34957163827494" lon="8.16757068503648"><ele>1802.0999755859375</ele></trkpt><trkpt lat="46.349520238582045" lon="8.167310175020248"><ele>1814.0999755859375</ele></trkpt><trkpt lat="46.34936994407326" lon="8.167319853324443"><ele>1819.8999938964844</ele></trkpt><trkpt lat="46.349359979853034" lon="8.167050804942846"><ele>1826.6999816894531</ele></trkpt><trkpt lat="46.34927150141448" lon="8.166540371254086"><ele>1836.5999755859375</ele></trkpt><trkpt lat="46.34909028885886" lon="8.166741905268282"><ele>1847.7999877929688</ele></trkpt><trkpt lat="46.34883044427261" lon="8.166160330642015"><ele>1871.6999816894531</ele></trkpt><trkpt lat="46.3487499859184" lon="8.166361913550645"><ele>1875.5999755859375</ele></trkpt><trkpt lat="46.348700187169015" lon="8.166411911603063"><ele>1877.1999816894531</ele></trkpt><trkpt lat="46.34862996637821" lon="8.166420065332204"><ele>1878.3999938964844</ele></trkpt><trkpt lat="46.34864031150937" lon="8.166350053157657"><ele>1879.2999877929688</ele></trkpt><trkpt lat="46.348581578582525" lon="8.166110234800726"><ele>1883.7999877929688</ele></trkpt><trkpt lat="46.34862161008641" lon="8.165760017000139"><ele>1890.7999877929688</ele></trkpt><trkpt lat="46.348629956599325" lon="8.165580854285508"><ele>1893.7999877929688</ele></trkpt><trkpt lat="46.34861035877839" lon="8.165550713427365"><ele>1894.5</ele></trkpt><trkpt lat="46.348591468762606" lon="8.165550461038947"><ele>1895.2999877929688</ele></trkpt><trkpt lat="46.3485615933314" lon="8.165579940658063"><ele>1896.1999816894531</ele></trkpt><trkpt lat="46.34840011224151" lon="8.165790831670165"><ele>1900.0999755859375</ele></trkpt><trkpt lat="46.34834145149216" lon="8.165819926187396"><ele>1901.0</ele></trkpt><trkpt lat="46.34821017179638" lon="8.165810375940055"><ele>1904.0999755859375</ele></trkpt><trkpt lat="46.34811154101044" lon="8.16575969196856"><ele>1906.1999816894531</ele></trkpt><trkpt lat="46.34796156268567" lon="8.16572001343593"><ele>1909.1999816894531</ele></trkpt><trkpt lat="46.34786157403141" lon="8.165740760508925"><ele>1910.5</ele></trkpt><trkpt lat="46.347840052098036" lon="8.165730080101639"><ele>1911.0999755859375</ele></trkpt><trkpt lat="46.34784140205011" lon="8.165659948252141"><ele>1912.7999877929688</ele></trkpt><trkpt lat="46.34793033078313" lon="8.165540324524045"><ele>1916.3999938964844</ele></trkpt><trkpt lat="46.3479701098986" lon="8.165509678423405"><ele>1917.2999877929688</ele></trkpt><trkpt lat="46.34804021427408" lon="8.165519709233195"><ele>1916.1999816894531</ele></trkpt><trkpt lat="46.34815027285367" lon="8.165471815969795"><ele>1916.5</ele></trkpt><trkpt lat="46.34833046095446" lon="8.165289755444974"><ele>1917.5</ele></trkpt><trkpt lat="46.34841160150245" lon="8.165121959522367"><ele>1920.5</ele></trkpt><trkpt lat="46.34837158117443" lon="8.165049975272268"><ele>1922.6999816894531</ele></trkpt><trkpt lat="46.34834150550887" lon="8.16497032949701"><ele>1925.0999755859375</ele></trkpt><trkpt lat="46.348341464065015" lon="8.164976824540645"><ele>1925.0999755859375</ele></trkpt><trkpt lat="46.348341464065015" lon="8.164976824540645"><ele>1925.0999755859375</ele></trkpt><trkpt lat="46.348341464065015" lon="8.164976824540645"><ele>1925.0999755859375</ele></trkpt><trkpt lat="46.34834150550887" lon="8.16497032949701"><ele>1925.0999755859375</ele></trkpt><trkpt lat="46.34830006118864" lon="8.164839867968112"><ele>1928.5999755859375</ele></trkpt><trkpt lat="46.34827145840973" lon="8.164530305191875"><ele>1935.5</ele></trkpt><trkpt lat="46.348030168097466" lon="8.164139960426837"><ele>1948.3999938964844</ele></trkpt><trkpt lat="46.3479403979145" lon="8.163969883229584"><ele>1954.7999877929688</ele></trkpt><trkpt lat="46.34793004440144" lon="8.163900894578546"><ele>1956.0</ele></trkpt><trkpt lat="46.34780147206038" lon="8.163890086580068"><ele>1963.0999755859375</ele></trkpt><trkpt lat="46.34778007492423" lon="8.163859922904521"><ele>1964.1999816894531</ele></trkpt><trkpt lat="46.34778045723215" lon="8.163800170645118"><ele>1965.1999816894531</ele></trkpt><trkpt lat="46.34775160625577" lon="8.163810178637505"><ele>1966.0</ele></trkpt><trkpt lat="46.347730400040746" lon="8.163750139065087"><ele>1968.2999877929688</ele></trkpt><trkpt lat="46.34765160828829" lon="8.163691929541528"><ele>1971.8999938964844</ele></trkpt><trkpt lat="46.3477203710936" lon="8.163630491588265"><ele>1973.3999938964844</ele></trkpt><trkpt lat="46.347761498298496" lon="8.163529713172466"><ele>1976.1999816894531</ele></trkpt><trkpt lat="46.34774002386257" lon="8.163370940368623"><ele>1978.6999816894531</ele></trkpt><trkpt lat="46.34776997426525" lon="8.163329769391567"><ele>1978.7999877929688</ele></trkpt><trkpt lat="46.347961521241814" lon="8.16319981822744"><ele>1983.2999877929688</ele></trkpt><trkpt lat="46.34799146326259" lon="8.163159945979714"><ele>1984.3999938964844</ele></trkpt><trkpt lat="46.34798026783392" lon="8.163081852719188"><ele>1985.5999755859375</ele></trkpt><trkpt lat="46.34785169130191" lon="8.162930746562779"><ele>1989.3999938964844</ele></trkpt><trkpt lat="46.34782174695283" lon="8.16283031925559"><ele>1991.5999755859375</ele></trkpt><trkpt lat="46.347581543028355" lon="8.162550419103354"><ele>1996.5999755859375</ele></trkpt><trkpt lat="46.34748996607959" lon="8.162521919235587"><ele>1997.2999877929688</ele></trkpt><trkpt lat="46.34741170750931" lon="8.162520877085626"><ele>1997.6999816894531</ele></trkpt><trkpt lat="46.34728159150109" lon="8.16246978007257"><ele>1997.6999816894531</ele></trkpt><trkpt lat="46.34718037676066" lon="8.162400881759822"><ele>2000.1999816894531</ele></trkpt><trkpt lat="46.347211541607976" lon="8.162310362793505"><ele>2000.8999938964844</ele></trkpt><trkpt lat="46.34738022135571" lon="8.162380159832537"><ele>2002.8999938964844</ele></trkpt><trkpt lat="46.347390240523964" lon="8.162360807415098"><ele>2003.1999816894531</ele></trkpt><trkpt lat="46.34745148289949" lon="8.162349931430072"><ele>2004.5</ele></trkpt><trkpt lat="46.34749144362286" lon="8.162290706764907"><ele>2005.5999755859375</ele></trkpt><trkpt lat="46.34757157647982" lon="8.162280082236975"><ele>2007.0999755859375</ele></trkpt><trkpt lat="46.34762085136026" lon="8.162311915773898"><ele>2007.8999938964844</ele></trkpt><trkpt lat="46.34796148305759" lon="8.162361919879913"><ele>2017.0</ele></trkpt><trkpt lat="46.348000494297594" lon="8.16231047641486"><ele>2018.6999816894531</ele></trkpt><trkpt lat="46.348120463546365" lon="8.162260110490024"><ele>2021.5</ele></trkpt><trkpt lat="46.3481315150857" lon="8.162219986319542"><ele>2022.5999755859375</ele></trkpt><trkpt lat="46.3481301642023" lon="8.162149818614125"><ele>2023.7999877929688</ele></trkpt><trkpt lat="46.34801038214937" lon="8.162030008621514"><ele>2025.1999816894531</ele></trkpt><trkpt lat="46.34798030462116" lon="8.1619503647089"><ele>2027.1999816894531</ele></trkpt><trkpt lat="46.348000284750015" lon="8.161920752376318"><ele>2028.3999938964844</ele></trkpt><trkpt lat="46.3481900440529" lon="8.161929773166776"><ele>2033.5999755859375</ele></trkpt><trkpt lat="46.34835042525083" lon="8.161890336778015"><ele>2035.5</ele></trkpt><trkpt lat="46.34853162523359" lon="8.161690091714263"><ele>2045.8999938964844</ele></trkpt><trkpt lat="46.34861020697281" lon="8.161640472710133"><ele>2047.6999816894531</ele></trkpt><trkpt lat="46.348660070914775" lon="8.161580078769475"><ele>2049.8999938964844</ele></trkpt><trkpt lat="46.348660385701805" lon="8.161530717741698"><ele>2050.5999755859375</ele></trkpt><trkpt lat="46.34864006983116" lon="8.161471988540143"><ele>2051.5999755859375</ele></trkpt><trkpt lat="46.34860171331093" lon="8.161420814227313"><ele>2052.7999877929688</ele></trkpt><trkpt lat="46.34846028452739" lon="8.161309810820967"><ele>2056.3999938964844</ele></trkpt><trkpt lat="46.34821011684835" lon="8.161040175240487"><ele>2066.2999877929688</ele></trkpt><trkpt lat="46.34830045886338" lon="8.160980319138616"><ele>2068.3999938964844</ele></trkpt><trkpt lat="46.34832140477374" lon="8.160940326284617"><ele>2069.3999938964844</ele></trkpt><trkpt lat="46.34831086732447" lon="8.16089991480112"><ele>2070.0</ele></trkpt><trkpt lat="46.348270372487605" lon="8.160901974886656"><ele>2071.5</ele></trkpt><trkpt lat="46.34820175496861" lon="8.160799735225737"><ele>2074.199981689453</ele></trkpt><trkpt lat="46.34816036885604" lon="8.16080048494041"><ele>2076.0</ele></trkpt><trkpt lat="46.348151688463986" lon="8.160751004703343"><ele>2077.199981689453</ele></trkpt><trkpt lat="46.348071426618844" lon="8.160640816669911"><ele>2079.8999938964844</ele></trkpt><trkpt lat="46.348041413817555" lon="8.160550781991333"><ele>2081.2999877929688</ele></trkpt><trkpt lat="46.34801005478948" lon="8.160530879627913"><ele>2082.3999938964844</ele></trkpt><trkpt lat="46.34792027855292" lon="8.160360808018595"><ele>2084.7999877929688</ele></trkpt><trkpt lat="46.34789161803201" lon="8.160340941511095"><ele>2085.2999877929688</ele></trkpt><trkpt lat="46.34787035221234" lon="8.160289995372295"><ele>2086.199981689453</ele></trkpt><trkpt lat="46.347860442940146" lon="8.16015086369589"><ele>2088.0999755859375</ele></trkpt><trkpt lat="46.347830429673195" lon="8.160060829482973"><ele>2090.0</ele></trkpt><trkpt lat="46.34779155347496" lon="8.15994989266619"><ele>2091.5</ele></trkpt><trkpt lat="46.34768012166023" lon="8.159789928235114"><ele>2094.3999938964844</ele></trkpt><trkpt lat="46.347641427535564" lon="8.159650415182114"><ele>2097.3999938964844</ele></trkpt><trkpt lat="46.34767008153722" lon="8.159529982600361"><ele>2100.2999877929688</ele></trkpt><trkpt lat="46.34753152402118" lon="8.159250146243721"><ele>2104.699981689453</ele></trkpt><trkpt lat="46.34747149609029" lon="8.159070080146194"><ele>2107.2999877929688</ele></trkpt><trkpt lat="46.34734161896631" lon="8.158839724957943"><ele>2111.0</ele></trkpt><trkpt lat="46.34730015043169" lon="8.158711867872626"><ele>2112.7999877929688</ele></trkpt><trkpt lat="46.34727148944512" lon="8.158692002762109"><ele>2113.5</ele></trkpt><trkpt lat="46.347260125912726" lon="8.158639890141785"><ele>2114.3999938964844</ele></trkpt><trkpt lat="46.34718171088025" lon="8.158521936740726"><ele>2117.5999755859375</ele></trkpt><trkpt lat="46.347070161253214" lon="8.158380162436515"><ele>2120.199981689453</ele></trkpt><trkpt lat="46.34702150383964" lon="8.158250912092626"><ele>2120.7999877929688</ele></trkpt><trkpt lat="46.34702040627599" lon="8.158140478190035"><ele>2121.8999938964844</ele></trkpt><trkpt lat="46.34704153239727" lon="8.158071908168495"><ele>2123.699981689453</ele></trkpt><trkpt lat="46.34711041627452" lon="8.157990979962051"><ele>2126.0999755859375</ele></trkpt><trkpt lat="46.34718155302107" lon="8.157980230171233"><ele>2126.8999938964844</ele></trkpt><trkpt lat="46.34737014910206" lon="8.158030791208148"><ele>2129.699981689453</ele></trkpt><trkpt lat="46.34744005650282" lon="8.158071987330914"><ele>2130.7999877929688</ele></trkpt><trkpt lat="46.34750040713698" lon="8.15805979585275"><ele>2131.5999755859375</ele></trkpt><trkpt lat="46.34753170097247" lon="8.158090088516474"><ele>2131.8999938964844</ele></trkpt><trkpt lat="46.34767017932609" lon="8.158099716063589"><ele>2135.0999755859375</ele></trkpt><trkpt lat="46.34768000803888" lon="8.158110238611698"><ele>2135.199981689453</ele></trkpt><trkpt lat="46.3477204288356" lon="8.158119867090136"><ele>2135.7999877929688</ele></trkpt><trkpt lat="46.34777998784557" lon="8.158090777229518"><ele>2137.8999938964844</ele></trkpt><trkpt lat="46.34781024977565" lon="8.15800024336204"><ele>2140.0999755859375</ele></trkpt><trkpt lat="46.347781588323414" lon="8.157980377785861"><ele>2140.5</ele></trkpt><trkpt lat="46.34771005483344" lon="8.157770282123238"><ele>2144.5999755859375</ele></trkpt><trkpt lat="46.347580884583294" lon="8.157569816801697"><ele>2147.2999877929688</ele></trkpt><trkpt lat="46.34742033621296" lon="8.157210452016443"><ele>2151.2999877929688</ele></trkpt><trkpt lat="46.34735019272193" lon="8.156780836638063"><ele>2159.699981689453</ele></trkpt><trkpt lat="46.347300197929144" lon="8.15672041894868"><ele>2158.5</ele></trkpt><trkpt lat="46.34725173609331" lon="8.156559995375574"><ele>2159.8999938964844</ele></trkpt><trkpt lat="46.34721141960472" lon="8.156391884665936"><ele>2162.0</ele></trkpt><trkpt lat="46.347231538034976" lon="8.156340188346803"><ele>2162.7999877929688</ele></trkpt><trkpt lat="46.34730999497697" lon="8.15631004748866"><ele>2167.0999755859375</ele></trkpt><trkpt lat="46.34734141267836" lon="8.156320854555815"><ele>2167.5999755859375</ele></trkpt><trkpt lat="46.34741023229435" lon="8.156391912605613"><ele>2168.0999755859375</ele></trkpt><trkpt lat="46.347490183543414" lon="8.15640985686332"><ele>2171.7999877929688</ele></trkpt><trkpt lat="46.347561644390225" lon="8.156490043736994"><ele>2173.7999877929688</ele></trkpt><trkpt lat="46.3475904292427" lon="8.156490423716605"><ele>2174.2999877929688</ele></trkpt><trkpt lat="46.347620303276926" lon="8.156460940372199"><ele>2176.699981689453</ele></trkpt><trkpt lat="46.34769144048914" lon="8.156450188253075"><ele>2179.0</ele></trkpt><trkpt lat="46.34774026181549" lon="8.156411861535162"><ele>2181.7999877929688</ele></trkpt><trkpt lat="46.34775042021647" lon="8.156370425596833"><ele>2182.8999938964844</ele></trkpt><trkpt lat="46.34774161409587" lon="8.156340430490673"><ele>2183.699981689453</ele></trkpt><trkpt lat="46.34777143038809" lon="8.156320039648563"><ele>2185.0</ele></trkpt><trkpt lat="46.347821606788784" lon="8.156351879704744"><ele>2186.2999877929688</ele></trkpt><trkpt lat="46.34795025642961" lon="8.15635098097846"><ele>2192.5999755859375</ele></trkpt><trkpt lat="46.34795147692785" lon="8.156300333794206"><ele>2194.0999755859375</ele></trkpt><trkpt lat="46.347971447743475" lon="8.156272017862648"><ele>2195.8999938964844</ele></trkpt><trkpt lat="46.34794021723792" lon="8.156089736148715"><ele>2200.5999755859375</ele></trkpt><trkpt lat="46.34793156152591" lon="8.155751864425838"><ele>2209.2999877929688</ele></trkpt><trkpt lat="46.34791163727641" lon="8.155630788300186"><ele>2212.5999755859375</ele></trkpt><trkpt lat="46.34791002701968" lon="8.155600888188928"><ele>2213.0999755859375</ele></trkpt><trkpt lat="46.34797164751217" lon="8.155530252493918"><ele>2217.0</ele></trkpt><trkpt lat="46.34798145247623" lon="8.155260175000876"><ele>2221.7999877929688</ele></trkpt><trkpt lat="46.34803027007729" lon="8.155080248136073"><ele>2228.7999877929688</ele></trkpt><trkpt lat="46.34799144649878" lon="8.154960222076625"><ele>2230.5</ele></trkpt><trkpt lat="46.348000100813806" lon="8.154871999286115"><ele>2233.199981689453</ele></trkpt><trkpt lat="46.3479902674444" lon="8.154719878453761"><ele>2236.5</ele></trkpt><trkpt lat="46.34802167210728" lon="8.15459038503468"><ele>2238.199981689453</ele></trkpt><trkpt lat="46.348000259138644" lon="8.154419924598187"><ele>2241.0999755859375</ele></trkpt><trkpt lat="46.34800564823672" lon="8.154421294573694"><ele>2241.0999755859375</ele></trkpt><trkpt lat="46.34800564823672" lon="8.154421294573694"><ele>2241.0999755859375</ele></trkpt><trkpt lat="46.34800564823672" lon="8.154421294573694"><ele>2241.0999755859375</ele></trkpt><trkpt lat="46.348000259138644" lon="8.154419924598187"><ele>2241.0999755859375</ele></trkpt><trkpt lat="46.34802144858986" lon="8.154340960551053"><ele>2242.7999877929688</ele></trkpt><trkpt lat="46.34800156671554" lon="8.15407049190253"><ele>2247.699981689453</ele></trkpt><trkpt lat="46.348011650145054" lon="8.154040745925158"><ele>2248.5</ele></trkpt><trkpt lat="46.348011447582394" lon="8.153930322267115"><ele>2250.699981689453</ele></trkpt><trkpt lat="46.348031614907086" lon="8.153870830312371"><ele>2252.7999877929688</ele></trkpt><trkpt lat="46.348110085353255" lon="8.153980985749513"><ele>2256.0999755859375</ele></trkpt><trkpt lat="46.34814035799354" lon="8.154030749574304"><ele>2258.199981689453</ele></trkpt><trkpt lat="46.348181744571775" lon="8.15402999566868"><ele>2259.699981689453</ele></trkpt><trkpt lat="46.34819034067914" lon="8.153950864914805"><ele>2262.0999755859375</ele></trkpt><trkpt lat="46.34828171599656" lon="8.15401182603091"><ele>2266.0999755859375</ele></trkpt><trkpt lat="46.348370489664376" lon="8.154200063087046"><ele>2272.3999938964844</ele></trkpt><trkpt lat="46.3485202989541" lon="8.154409890063107"><ele>2278.199981689453</ele></trkpt><trkpt lat="46.348720024805516" lon="8.154550224542618"><ele>2284.199981689453</ele></trkpt><trkpt lat="46.34880014881492" lon="8.154540887568146"><ele>2287.5</ele></trkpt><trkpt lat="46.348771465942264" lon="8.154382021166384"><ele>2290.8999938964844</ele></trkpt><trkpt lat="46.34879150474444" lon="8.154200412333012"><ele>2295.0</ele></trkpt><trkpt lat="46.34876030590385" lon="8.153870033565909"><ele>2302.3999938964844</ele></trkpt><trkpt lat="46.34878028417006" lon="8.153840417042375"><ele>2303.5</ele></trkpt><trkpt lat="46.34880091622472" lon="8.153849782422185"><ele>2304.199981689453</ele></trkpt><trkpt lat="46.34881152166054" lon="8.153879801277071"><ele>2304.5</ele></trkpt><trkpt lat="46.34889036929235" lon="8.15393020492047"><ele>2308.0</ele></trkpt><trkpt lat="46.34891162440181" lon="8.153840847313404"><ele>2310.3999938964844</ele></trkpt><trkpt lat="46.348880127072334" lon="8.153700130991638"><ele>2313.699981689453</ele></trkpt><trkpt lat="46.34887021034956" lon="8.153560997918248"><ele>2317.3999938964844</ele></trkpt><trkpt lat="46.3489503855817" lon="8.153400965500623"><ele>2323.7999877929688</ele></trkpt><trkpt lat="46.34910044865683" lon="8.153000219725072"><ele>2338.0999755859375</ele></trkpt><trkpt lat="46.34916015621275" lon="8.152661939617246"><ele>2346.2999877929688</ele></trkpt><trkpt lat="46.349331739824265" lon="8.152271865401417"><ele>2358.8999938964844</ele></trkpt><trkpt lat="46.349371458403766" lon="8.152250302489847"><ele>2361.3999938964844</ele></trkpt><trkpt lat="46.3493901444599" lon="8.152140124235302"><ele>2364.0</ele></trkpt><trkpt lat="46.349411667790264" lon="8.152150799520314"><ele>2365.699981689453</ele></trkpt><trkpt lat="46.349461486097425" lon="8.152239793445915"><ele>2368.5999755859375</ele></trkpt><trkpt lat="46.34955035196617" lon="8.152270840480924"><ele>2374.3999938964844</ele></trkpt><trkpt lat="46.349601747933775" lon="8.1522520291619"><ele>2376.5</ele></trkpt><trkpt lat="46.349630108103156" lon="8.152319955639541"><ele>2379.0999755859375</ele></trkpt><trkpt lat="46.349850297905505" lon="8.152639833744615"><ele>2394.3999938964844</ele></trkpt><trkpt lat="46.35000168904662" lon="8.152741855941713"><ele>2400.8999938964844</ele></trkpt><trkpt lat="46.35001172311604" lon="8.152719902805984"><ele>2401.7999877929688</ele></trkpt><trkpt lat="46.3500915360637" lon="8.152759925462306"><ele>2404.699981689453</ele></trkpt><trkpt lat="46.35015141265467" lon="8.152680166997015"><ele>2408.0999755859375</ele></trkpt><trkpt lat="46.35022008046508" lon="8.152490097563714"><ele>2411.3999938964844</ele></trkpt><trkpt lat="46.350321425125" lon="8.152110783848912"><ele>2414.699981689453</ele></trkpt><trkpt lat="46.350420135073364" lon="8.151721041183919"><ele>2417.199981689453</ele></trkpt><trkpt lat="46.35045045660809" lon="8.151620106305927"><ele>2415.8999938964844</ele></trkpt><trkpt lat="46.35056018969044" lon="8.15147993946448"><ele>2415.5</ele></trkpt><trkpt lat="46.350751425139606" lon="8.151110893115401"><ele>2414.5</ele></trkpt><trkpt lat="46.350980318617076" lon="8.150761825498194"><ele>2419.5999755859375</ele></trkpt><trkpt lat="46.35100144892931" lon="8.150691948831081"><ele>2420.699981689453</ele></trkpt><trkpt lat="46.35108041763306" lon="8.150579957757145"><ele>2422.8999938964844</ele></trkpt><trkpt lat="46.351171522866935" lon="8.15054087759927"><ele>2424.0</ele></trkpt><trkpt lat="46.35121155111119" lon="8.150469948537648"><ele>2425.7999877929688</ele></trkpt><trkpt lat="46.351240458432585" lon="8.150450840126723"><ele>2427.0</ele></trkpt><trkpt lat="46.3513217731379" lon="8.150251836050302"><ele>2431.0999755859375</ele></trkpt><trkpt lat="46.35133172292262" lon="8.15009996574372"><ele>2433.8999938964844</ele></trkpt><trkpt lat="46.35128007782623" lon="8.149871938396245"><ele>2437.0999755859375</ele></trkpt><trkpt lat="46.35119047295302" lon="8.149671996477991"><ele>2439.199981689453</ele></trkpt><trkpt lat="46.3511215923354" lon="8.149610035587102"><ele>2439.5999755859375</ele></trkpt><trkpt lat="46.351081480272114" lon="8.149551049340516"><ele>2439.5999755859375</ele></trkpt><trkpt lat="46.35098023759201" lon="8.149341861717403"><ele>2440.2999877929688</ele></trkpt><trkpt lat="46.35088152252138" lon="8.149159990716726"><ele>2442.2999877929688</ele></trkpt><trkpt lat="46.35080146463588" lon="8.148871834389865"><ele>2442.7999877929688</ele></trkpt><trkpt lat="46.35074146417901" lon="8.148541069123894"><ele>2443.5999755859375</ele></trkpt><trkpt lat="46.350651713553816" lon="8.148220309056342"><ele>2445.0</ele></trkpt><trkpt lat="46.3506103628315" lon="8.147640354931355"><ele>2448.0999755859375</ele></trkpt><trkpt lat="46.35062167327851" lon="8.147270249202847"><ele>2449.5</ele></trkpt><trkpt lat="46.35060018347576" lon="8.147110175341368"><ele>2449.5999755859375</ele></trkpt><trkpt lat="46.35060023656115" lon="8.146669769193977"><ele>2451.8999938964844</ele></trkpt><trkpt lat="46.35054147057235" lon="8.146140256430954"><ele>2454.0</ele></trkpt><trkpt lat="46.35055035259575" lon="8.145870151929557"><ele>2454.3999938964844</ele></trkpt><trkpt lat="46.35059021553025" lon="8.145680996589363"><ele>2454.5</ele></trkpt><trkpt lat="46.35058017447591" lon="8.14556004665792"><ele>2454.2999877929688</ele></trkpt><trkpt lat="46.350581826176494" lon="8.145150840748101"><ele>2456.0</ele></trkpt><trkpt lat="46.35052156355232" lon="8.14486035052687"><ele>2455.0</ele></trkpt><trkpt lat="46.35051176184788" lon="8.144412022549659"><ele>2457.2999877929688</ele></trkpt><trkpt lat="46.35046155611053" lon="8.14423988526687"><ele>2456.7999877929688</ele></trkpt><trkpt lat="46.350421665236354" lon="8.144000327214599"><ele>2457.699981689453</ele></trkpt><trkpt lat="46.35038023814559" lon="8.143139766063541"><ele>2460.5</ele></trkpt><trkpt lat="46.35045015998185" lon="8.142889939714223"><ele>2460.699981689453</ele></trkpt><trkpt lat="46.35048009408638" lon="8.142850054427981"><ele>2460.2999877929688</ele></trkpt><trkpt lat="46.3505800627172" lon="8.14283186243847"><ele>2459.699981689453</ele></trkpt><trkpt lat="46.35069019207731" lon="8.142770930193365"><ele>2458.699981689453</ele></trkpt><trkpt lat="46.350770415272564" lon="8.142600483261049"><ele>2459.0999755859375</ele></trkpt><trkpt lat="46.3508201027289" lon="8.14242184534669"><ele>2459.0</ele></trkpt><trkpt lat="46.3508601821959" lon="8.142341817263514"><ele>2458.699981689453</ele></trkpt><trkpt lat="46.35093047376722" lon="8.142321940977126"><ele>2458.199981689453</ele></trkpt><trkpt lat="46.350960408337414" lon="8.142282054759562"><ele>2458.199981689453</ele></trkpt><trkpt lat="46.351000093854964" lon="8.141830466222018"><ele>2457.8999938964844</ele></trkpt><trkpt lat="46.35105140181258" lon="8.141680428758264"><ele>2457.8999938964844</ele></trkpt><trkpt lat="46.35111049935222" lon="8.141579859890044"><ele>2457.0999755859375</ele></trkpt><trkpt lat="46.35124155879021" lon="8.141480220481753"><ele>2455.5999755859375</ele></trkpt><trkpt lat="46.35151019692421" lon="8.141390154138207"><ele>2452.8999938964844</ele></trkpt><trkpt lat="46.351671405136585" lon="8.141361058223993"><ele>2451.199981689453</ele></trkpt><trkpt lat="46.351681605912745" lon="8.141311821527779"><ele>2450.0999755859375</ele></trkpt><trkpt lat="46.35169017827138" lon="8.14108977559954"><ele>2448.5999755859375</ele></trkpt><trkpt lat="46.35171148739755" lon="8.140990015584975"><ele>2448.5</ele></trkpt><trkpt lat="46.351821512915194" lon="8.140800460241735"><ele>2448.0</ele></trkpt><trkpt lat="46.35182176204398" lon="8.140760188922286"><ele>2447.0999755859375</ele></trkpt><trkpt lat="46.351760434918106" lon="8.14063987415284"><ele>2448.3999938964844</ele></trkpt><trkpt lat="46.35175180993974" lon="8.140580001287162"><ele>2449.2999877929688</ele></trkpt><trkpt lat="46.35177038889378" lon="8.14033989654854"><ele>2451.0999755859375</ele></trkpt><trkpt lat="46.35179042769596" lon="8.140299880877137"><ele>2450.199981689453</ele></trkpt><trkpt lat="46.35183022497222" lon="8.140119810588658"><ele>2449.8999938964844</ele></trkpt><trkpt lat="46.351830306462944" lon="8.139670301228762"><ele>2450.199981689453</ele></trkpt><trkpt lat="46.35183836193755" lon="8.139676900580525"><ele>2450.199981689453</ele></trkpt><trkpt lat="46.35183836193755" lon="8.139676900580525"><ele>2450.199981689453</ele></trkpt><trkpt lat="46.35183836193755" lon="8.139676900580525"><ele>2450.199981689453</ele></trkpt><trkpt lat="46.351830306462944" lon="8.139670301228762"><ele>2450.199981689453</ele></trkpt><trkpt lat="46.35183004941791" lon="8.139420858118683"><ele>2449.699981689453</ele></trkpt><trkpt lat="46.35175013402477" lon="8.138959924224764"><ele>2447.8999938964844</ele></trkpt><trkpt lat="46.351741498336196" lon="8.138610338326544"><ele>2449.7999877929688</ele></trkpt><trkpt lat="46.35170159582049" lon="8.13837077934295"><ele>2450.7999877929688</ele></trkpt><trkpt lat="46.351551433093846" lon="8.137921935413033"><ele>2447.5999755859375</ele></trkpt><trkpt lat="46.35148036526516" lon="8.137630010023713"><ele>2445.2999877929688</ele></trkpt><trkpt lat="46.35143162775785" lon="8.137509861029685"><ele>2442.8999938964844</ele></trkpt><trkpt lat="46.351390226278454" lon="8.137220915406942"><ele>2436.5999755859375</ele></trkpt><trkpt lat="46.35129169560969" lon="8.136859783902764"><ele>2433.3999938964844</ele></trkpt><trkpt lat="46.35122014116496" lon="8.136500298976898"><ele>2429.5</ele></trkpt><trkpt lat="46.351081672590226" lon="8.136050315573812"><ele>2426.7999877929688</ele></trkpt><trkpt lat="46.350731576792896" lon="8.135489792563021"><ele>2424.0</ele></trkpt><trkpt lat="46.350531809497625" lon="8.135059817694128"><ele>2425.3999938964844</ele></trkpt><trkpt lat="46.350460381712765" lon="8.134971860796213"><ele>2425.0</ele></trkpt><trkpt lat="46.350290121044964" lon="8.134570847265422"><ele>2423.5</ele></trkpt><trkpt lat="46.35023142164573" lon="8.134460969362408"><ele>2421.7999877929688</ele></trkpt><trkpt lat="46.350171639584005" lon="8.134380957111716"><ele>2420.199981689453</ele></trkpt><trkpt lat="46.34997015353292" lon="8.134230277966708"><ele>2416.0</ele></trkpt><trkpt lat="46.349820107687265" lon="8.13419977761805"><ele>2416.2999877929688</ele></trkpt><trkpt lat="46.349700232967734" lon="8.134090417996049"><ele>2417.699981689453</ele></trkpt><trkpt lat="46.34962035017088" lon="8.134060815442353"><ele>2417.5999755859375</ele></trkpt><trkpt lat="46.34958017477766" lon="8.134010935667902"><ele>2419.5</ele></trkpt><trkpt lat="46.34947142843157" lon="8.133700357284397"><ele>2419.3999938964844</ele></trkpt><trkpt lat="46.34938020305708" lon="8.133319852408022"><ele>2420.8999938964844</ele></trkpt><trkpt lat="46.34932155860588" lon="8.133200884331018"><ele>2421.0</ele></trkpt><trkpt lat="46.34907025517896" lon="8.132811842486262"><ele>2423.7999877929688</ele></trkpt><trkpt lat="46.34900023462251" lon="8.132640766911209"><ele>2424.3999938964844</ele></trkpt><trkpt lat="46.34893022850156" lon="8.132320296484977"><ele>2426.7999877929688</ele></trkpt><trkpt lat="46.348841555416584" lon="8.13211001129821"><ele>2427.8999938964844</ele></trkpt><trkpt lat="46.34878160338849" lon="8.131910485681146"><ele>2428.8999938964844</ele></trkpt><trkpt lat="46.348751589655876" lon="8.13166977185756"><ele>2430.2999877929688</ele></trkpt><trkpt lat="46.34872022503987" lon="8.131649885326624"><ele>2430.0999755859375</ele></trkpt><trkpt lat="46.34863011678681" lon="8.131379825994372"><ele>2429.699981689453</ele></trkpt><trkpt lat="46.34852181840688" lon="8.131142012309283"><ele>2429.2999877929688</ele></trkpt><trkpt lat="46.34852539282292" lon="8.131145955063403"><ele>2429.2999877929688</ele></trkpt><trkpt lat="46.34852539282292" lon="8.131145955063403"><ele>2429.2999877929688</ele></trkpt><trkpt lat="46.34852539282292" lon="8.131145955063403"><ele>2429.2999877929688</ele></trkpt><trkpt lat="46.34852181840688" lon="8.131142012309283"><ele>2429.2999877929688</ele></trkpt><trkpt lat="46.34863011678681" lon="8.131379825994372"><ele>2429.699981689453</ele></trkpt><trkpt lat="46.34872022503987" lon="8.131649885326624"><ele>2430.0999755859375</ele></trkpt><trkpt lat="46.348751589655876" lon="8.13166977185756"><ele>2430.2999877929688</ele></trkpt><trkpt lat="46.34877161728218" lon="8.131631054449826"><ele>2430.5</ele></trkpt><trkpt lat="46.34873152570799" lon="8.131420091260225"><ele>2431.699981689453</ele></trkpt><trkpt lat="46.34871027292684" lon="8.131070365663618"><ele>2433.8999938964844</ele></trkpt><trkpt lat="46.34868167573586" lon="8.130892026703805"><ele>2435.2999877929688</ele></trkpt><trkpt lat="46.34858049079776" lon="8.130520499311388"><ele>2438.199981689453</ele></trkpt><trkpt lat="46.34844048181549" lon="8.130171863362193"><ele>2441.0</ele></trkpt><trkpt lat="46.348421667236835" lon="8.130011836998165"><ele>2442.3999938964844</ele></trkpt><trkpt lat="46.34843040024862" lon="8.129759926348925"><ele>2443.5</ele></trkpt><trkpt lat="46.34848043974489" lon="8.129520232789218"><ele>2444.5999755859375</ele></trkpt><trkpt lat="46.34857162181288" lon="8.129171937704086"><ele>2444.5999755859375</ele></trkpt><trkpt lat="46.34859161963686" lon="8.128990319557488"><ele>2444.2999877929688</ele></trkpt><trkpt lat="46.348590303212404" lon="8.128911058884114"><ele>2444.2999877929688</ele></trkpt><trkpt lat="46.348461418412626" lon="8.128211815375835"><ele>2445.3999938964844</ele></trkpt><trkpt lat="46.34827043674886" lon="8.127811875194311"><ele>2445.7999877929688</ele></trkpt><trkpt lat="46.34822181565687" lon="8.127670958638191"><ele>2446.0999755859375</ele></trkpt><trkpt lat="46.348210382740945" lon="8.127479849383235"><ele>2446.3999938964844</ele></trkpt><trkpt lat="46.34823015611619" lon="8.126890319399536"><ele>2447.0</ele></trkpt><trkpt lat="46.34816033532843" lon="8.126091804355383"><ele>2448.3999938964844</ele></trkpt><trkpt lat="46.348168407101184" lon="8.126095803454518"><ele>2448.3999938964844</ele></trkpt><trkpt lat="46.348168407101184" lon="8.126095803454518"><ele>2448.3999938964844</ele></trkpt><trkpt lat="46.348168407101184" lon="8.126095803454518"><ele>2448.3999938964844</ele></trkpt><trkpt lat="46.34816033532843" lon="8.126091804355383"><ele>2448.3999938964844</ele></trkpt><trkpt lat="46.34814160503447" lon="8.125620003324002"><ele>2449.0999755859375</ele></trkpt><trkpt lat="46.348200287204236" lon="8.125140087213367"><ele>2449.699981689453</ele></trkpt><trkpt lat="46.3482214640826" lon="8.12505981232971"><ele>2450.0999755859375</ele></trkpt><trkpt lat="46.34846040699631" lon="8.124671805649996"><ele>2450.2999877929688</ele></trkpt><trkpt lat="46.3485216582194" lon="8.124510193243623"><ele>2450.7999877929688</ele></trkpt><trkpt lat="46.348521788138896" lon="8.12434001499787"><ele>2450.699981689453</ele></trkpt><trkpt lat="46.34845176152885" lon="8.123870163690299"><ele>2451.199981689453</ele></trkpt><trkpt lat="46.3484814572148" lon="8.123719844501466"><ele>2451.2999877929688</ele></trkpt><trkpt lat="46.34850160777569" lon="8.123660340439528"><ele>2451.5</ele></trkpt><trkpt lat="46.3485603206791" lon="8.123620808590204"><ele>2450.8999938964844</ele></trkpt><trkpt lat="46.348971613217145" lon="8.123740310780704"><ele>2446.3999938964844</ele></trkpt><trkpt lat="46.34905046503991" lon="8.123791968915612"><ele>2445.5</ele></trkpt><trkpt lat="46.349230146966875" lon="8.12398000434041"><ele>2442.2999877929688</ele></trkpt><trkpt lat="46.3493117056787" lon="8.124030398204923"><ele>2440.8999938964844</ele></trkpt><trkpt lat="46.34942012419924" lon="8.124101916328073"><ele>2439.5999755859375</ele></trkpt><trkpt lat="46.349781753495336" lon="8.124251976143569"><ele>2434.5</ele></trkpt><trkpt lat="46.349871603772044" lon="8.124269997701049"><ele>2433.2999877929688</ele></trkpt><trkpt lat="46.35009020427242" lon="8.124270156025887"><ele>2429.7999877929688</ele></trkpt><trkpt lat="46.35033015022054" lon="8.124310856219381"><ele>2426.5</ele></trkpt><trkpt lat="46.3505103145726" lon="8.124270257074386"><ele>2424.699981689453</ele></trkpt><trkpt lat="46.350890181958675" lon="8.12423087656498"><ele>2419.0</ele></trkpt><trkpt lat="46.35126033099368" lon="8.124310894869268"><ele>2413.0999755859375</ele></trkpt><trkpt lat="46.35172158339992" lon="8.124350489582866"><ele>2406.0</ele></trkpt><trkpt lat="46.35212028166279" lon="8.124469845090061"><ele>2400.0</ele></trkpt><trkpt lat="46.35248161572963" lon="8.124519873876125"><ele>2394.0</ele></trkpt><trkpt lat="46.35248788911849" lon="8.124523850623518"><ele>2394.0</ele></trkpt><trkpt lat="46.35248788911849" lon="8.124523850623518"><ele>2394.0</ele></trkpt><trkpt lat="46.35248788911849" lon="8.124523850623518"><ele>2394.0</ele></trkpt><trkpt lat="46.35248161572963" lon="8.124519873876125"><ele>2394.0</ele></trkpt><trkpt lat="46.35261181136593" lon="8.124560492113233"><ele>2392.5</ele></trkpt><trkpt lat="46.35266008693725" lon="8.124610469676554"><ele>2391.3999938964844</ele></trkpt><trkpt lat="46.35306032234803" lon="8.125070236157626"><ele>2383.5999755859375</ele></trkpt><trkpt lat="46.35311159538105" lon="8.125070883426815"><ele>2382.5</ele></trkpt><trkpt lat="46.35320017673075" lon="8.125149953644723"><ele>2382.0999755859375</ele></trkpt><trkpt lat="46.353291747160256" lon="8.125180991366506"><ele>2380.3999938964844</ele></trkpt><trkpt lat="46.35342033253983" lon="8.125190410297364"><ele>2378.5</ele></trkpt><trkpt lat="46.35358148114756" lon="8.125170358922333"><ele>2375.699981689453</ele></trkpt><trkpt lat="46.35379006899893" lon="8.125189882703125"><ele>2372.699981689453</ele></trkpt><trkpt lat="46.353980427607894" lon="8.125100042205304"><ele>2369.7999877929688</ele></trkpt><trkpt lat="46.354061510413885" lon="8.125080278608948"><ele>2368.5999755859375</ele></trkpt><trkpt lat="46.35442169615999" lon="8.125319985672832"><ele>2362.2999877929688</ele></trkpt><trkpt lat="46.354781467001885" lon="8.125331026036292"><ele>2357.2999877929688</ele></trkpt><trkpt lat="46.35500030592084" lon="8.125440327450633"><ele>2353.5999755859375</ele></trkpt><trkpt lat="46.35554180527106" lon="8.125449766404927"><ele>2345.8999938964844</ele></trkpt><trkpt lat="46.35611159866676" lon="8.125392001587898"><ele>2337.5999755859375</ele></trkpt><trkpt lat="46.35643174313009" lon="8.125410337466747"><ele>2332.199981689453</ele></trkpt><trkpt lat="46.356550307478756" lon="8.125440419651568"><ele>2330.0</ele></trkpt><trkpt lat="46.356801584362984" lon="8.12554104020819"><ele>2326.5999755859375</ele></trkpt><trkpt lat="46.357411657925695" lon="8.125961924437433"><ele>2317.3999938964844</ele></trkpt><trkpt lat="46.357481710612774" lon="8.125981000252068"><ele>2316.2999877929688</ele></trkpt><trkpt lat="46.3575116940774" lon="8.125932005699724"><ele>2315.0999755859375</ele></trkpt><trkpt lat="46.357481606304646" lon="8.125849769450724"><ele>2314.5</ele></trkpt><trkpt lat="46.357261691242456" lon="8.125620911829174"><ele>2310.3999938964844</ele></trkpt><trkpt lat="46.35703158704564" lon="8.125291881617159"><ele>2305.7999877929688</ele></trkpt><trkpt lat="46.356761494185776" lon="8.125029912218451"><ele>2300.8999938964844</ele></trkpt><trkpt lat="46.35656005097553" lon="8.124870155472308"><ele>2297.5999755859375</ele></trkpt><trkpt lat="46.35582024091855" lon="8.124480131082237"><ele>2285.8999938964844</ele></trkpt><trkpt lat="46.3555417903699" lon="8.124260941054672"><ele>2280.0999755859375</ele></trkpt><trkpt lat="46.35537010151893" lon="8.12408987339586"><ele>2277.699981689453</ele></trkpt><trkpt lat="46.35515150660649" lon="8.123790888581425"><ele>2272.5999755859375</ele></trkpt><trkpt lat="46.35490046441555" lon="8.123501891735941"><ele>2266.5999755859375</ele></trkpt><trkpt lat="46.35490223998204" lon="8.123505811672658"><ele>2266.5999755859375</ele></trkpt><trkpt lat="46.35490223998204" lon="8.123505811672658"><ele>2266.5999755859375</ele></trkpt><trkpt lat="46.35490223998204" lon="8.123505811672658"><ele>2266.5999755859375</ele></trkpt><trkpt lat="46.35490046441555" lon="8.123501891735941"><ele>2266.5999755859375</ele></trkpt><trkpt lat="46.354741603601724" lon="8.123292013071477"><ele>2264.7999877929688</ele></trkpt><trkpt lat="46.35448025818914" lon="8.123070450499654"><ele>2260.8999938964844</ele></trkpt><trkpt lat="46.35397170064971" lon="8.122520974371582"><ele>2250.5</ele></trkpt><trkpt lat="46.35382033837959" lon="8.122409936506301"><ele>2248.199981689453</ele></trkpt><trkpt lat="46.35369014227763" lon="8.122219913173467"><ele>2245.199981689453</ele></trkpt><trkpt lat="46.353551662527025" lon="8.122060968074948"><ele>2243.0999755859375</ele></trkpt><trkpt lat="46.35313173942268" lon="8.121730889193714"><ele>2236.3999938964844</ele></trkpt><trkpt lat="46.352991530206054" lon="8.121560232248157"><ele>2233.199981689453</ele></trkpt><trkpt lat="46.35279013682157" lon="8.121241999324411"><ele>2229.0</ele></trkpt><trkpt lat="46.35277155926451" lon="8.121189798694104"><ele>2228.0</ele></trkpt><trkpt lat="46.35279177129269" lon="8.121119896415621"><ele>2227.2999877929688</ele></trkpt><trkpt lat="46.352840337436646" lon="8.121121805161238"><ele>2225.8999938964844</ele></trkpt><trkpt lat="46.35297090187669" lon="8.121250764466822"><ele>2224.0999755859375</ele></trkpt><trkpt lat="46.353210183791816" lon="8.121401876676828"><ele>2220.0999755859375</ele></trkpt><trkpt lat="46.35352156870067" lon="8.121530510950834"><ele>2216.3999938964844</ele></trkpt><trkpt lat="46.35404153354466" lon="8.121679955162108"><ele>2208.699981689453</ele></trkpt><trkpt lat="46.35421999916434" lon="8.121771843638271"><ele>2206.0</ele></trkpt><trkpt lat="46.35434157587588" lon="8.121749985031784"><ele>2203.5</ele></trkpt><trkpt lat="46.35446014115587" lon="8.12178005790338"><ele>2202.5999755859375</ele></trkpt><trkpt lat="46.35492018144578" lon="8.122020999900997"><ele>2195.3999938964844</ele></trkpt><trkpt lat="46.35508013283834" lon="8.122050294652581"><ele>2193.5999755859375</ele></trkpt><trkpt lat="46.35524169495329" lon="8.122110791504383"><ele>2190.8999938964844</ele></trkpt><trkpt lat="46.35536176152527" lon="8.12219025567174"><ele>2189.0</ele></trkpt><trkpt lat="46.35548152262345" lon="8.122320387046784"><ele>2187.199981689453</ele></trkpt><trkpt lat="46.35570012172684" lon="8.122469951864332"><ele>2184.2999877929688</ele></trkpt><trkpt lat="46.35591002320871" lon="8.122570036444813"><ele>2181.199981689453</ele></trkpt><trkpt lat="46.35591269051656" lon="8.122575267218053"><ele>2181.199981689453</ele></trkpt><trkpt lat="46.35591269051656" lon="8.122575267218053"><ele>2181.199981689453</ele></trkpt><trkpt lat="46.35591269051656" lon="8.122575267218053"><ele>2181.199981689453</ele></trkpt><trkpt lat="46.35591002320871" lon="8.122570036444813"><ele>2181.199981689453</ele></trkpt><trkpt lat="46.35604999680072" lon="8.12263026414439"><ele>2179.3999938964844</ele></trkpt><trkpt lat="46.35640168003738" lon="8.12263988563791"><ele>2173.699981689453</ele></trkpt><trkpt lat="46.35662003746256" lon="8.122680312022567"><ele>2170.3999938964844</ele></trkpt><trkpt lat="46.356790118385106" lon="8.122670758515596"><ele>2167.7999877929688</ele></trkpt><trkpt lat="46.35708039114252" lon="8.122719885781407"><ele>2163.8999938964844</ele></trkpt><trkpt lat="46.35727025428787" lon="8.122711880598217"><ele>2161.2999877929688</ele></trkpt><trkpt lat="46.35752172349021" lon="8.122631889767945"><ele>2158.2999877929688</ele></trkpt><trkpt lat="46.35783999925479" lon="8.122661880683154"><ele>2154.699981689453</ele></trkpt><trkpt lat="46.35794022073969" lon="8.122750195208937"><ele>2151.8999938964844</ele></trkpt><trkpt lat="46.358321440871805" lon="8.123231841716915"><ele>2146.3999938964844</ele></trkpt><trkpt lat="46.35857019899413" lon="8.12345196120441"><ele>2143.199981689453</ele></trkpt><trkpt lat="46.35896169533953" lon="8.12387008080259"><ele>2137.5</ele></trkpt><trkpt lat="46.359010081738234" lon="8.123901874758303"><ele>2137.0</ele></trkpt><trkpt lat="46.35903000459075" lon="8.123880037106574"><ele>2136.3999938964844</ele></trkpt><trkpt lat="46.35903024766594" lon="8.12383976066485"><ele>2135.699981689453</ele></trkpt><trkpt lat="46.35901176603511" lon="8.123771962244064"><ele>2135.199981689453</ele></trkpt><trkpt lat="46.358840382657945" lon="8.123550214804709"><ele>2133.3999938964844</ele></trkpt><trkpt lat="46.35854048002511" lon="8.123009814880788"><ele>2128.3999938964844</ele></trkpt><trkpt lat="46.35835049673915" lon="8.122590341139585"><ele>2123.8999938964844</ele></trkpt><trkpt lat="46.35803032340482" lon="8.121830112300813"><ele>2114.8999938964844</ele></trkpt><trkpt lat="46.35793142998591" lon="8.121670353226364"><ele>2112.5999755859375</ele></trkpt><trkpt lat="46.357770406641066" lon="8.121520208660513"><ele>2110.0</ele></trkpt><trkpt lat="46.35750172846019" lon="8.121470057871193"><ele>2106.0999755859375</ele></trkpt><trkpt lat="46.35719041200355" lon="8.121329721063375"><ele>2101.5</ele></trkpt><trkpt lat="46.356960225850344" lon="8.121161819901317"><ele>2097.2999877929688</ele></trkpt><trkpt lat="46.35683015314862" lon="8.121100419666618"><ele>2094.699981689453</ele></trkpt><trkpt lat="46.35683463513851" lon="8.121103074401617"><ele>2094.699981689453</ele></trkpt><trkpt lat="46.35683463513851" lon="8.121103074401617"><ele>2094.699981689453</ele></trkpt><trkpt lat="46.35683463513851" lon="8.121103074401617"><ele>2094.699981689453</ele></trkpt><trkpt lat="46.35683015314862" lon="8.121100419666618"><ele>2094.699981689453</ele></trkpt><trkpt lat="46.356571487151086" lon="8.121030908077955"><ele>2092.0</ele></trkpt><trkpt lat="46.35649171797559" lon="8.12098183343187"><ele>2089.8999938964844</ele></trkpt><trkpt lat="46.35646048467606" lon="8.120939864311367"><ele>2089.0999755859375</ele></trkpt><trkpt lat="46.35631151869893" lon="8.120429979637265"><ele>2083.2999877929688</ele></trkpt><trkpt lat="46.356161528266966" lon="8.120090288575739"><ele>2079.199981689453</ele></trkpt><trkpt lat="46.35616087028757" lon="8.120050003286451"><ele>2078.8999938964844</ele></trkpt><trkpt lat="46.35618173936382" lon="8.120020381640643"><ele>2078.5</ele></trkpt><trkpt lat="46.35621148580685" lon="8.120010360144079"><ele>2078.199981689453</ele></trkpt><trkpt lat="46.35626167990267" lon="8.12004087259993"><ele>2077.5</ele></trkpt><trkpt lat="46.356421508360654" lon="8.120240365155041"><ele>2075.0</ele></trkpt><trkpt lat="46.35659163817763" lon="8.120521842036396"><ele>2071.2999877929688</ele></trkpt><trkpt lat="46.356651679612696" lon="8.12056027399376"><ele>2070.5</ele></trkpt><trkpt lat="46.356829981319606" lon="8.120530028827488"><ele>2068.199981689453</ele></trkpt><trkpt lat="46.35722040710971" lon="8.120529728475958"><ele>2062.5999755859375</ele></trkpt><trkpt lat="46.35779007989913" lon="8.120341978035867"><ele>2053.7999877929688</ele></trkpt><trkpt lat="46.35861040093005" lon="8.120360060594976"><ele>2041.8999938964844</ele></trkpt><trkpt lat="46.35872002597898" lon="8.120380925014615"><ele>2040.2999877929688</ele></trkpt><trkpt lat="46.35883019911125" lon="8.120460266713053"><ele>2038.5</ele></trkpt><trkpt lat="46.35910169361159" lon="8.120789804495871"><ele>2033.5</ele></trkpt><trkpt lat="46.35952142858878" lon="8.121449941303581"><ele>2024.2999877929688</ele></trkpt><trkpt lat="46.3597900965251" lon="8.121800242457539"><ele>2019.0</ele></trkpt><trkpt lat="46.3599201743491" lon="8.122009773738682"><ele>2016.0</ele></trkpt><trkpt lat="46.35997029719874" lon="8.12205198360607"><ele>2015.5</ele></trkpt><trkpt lat="46.360211635474116" lon="8.122160265687853"><ele>2011.8999938964844</ele></trkpt><trkpt lat="46.36033026361838" lon="8.122179948259145"><ele>2010.5</ele></trkpt><trkpt lat="46.36061003152281" lon="8.122180867474526"><ele>2005.5999755859375</ele></trkpt><trkpt lat="46.3607814963907" lon="8.122240195982158"><ele>2002.5999755859375</ele></trkpt><trkpt lat="46.36082173231989" lon="8.122280982322991"><ele>2002.0999755859375</ele></trkpt><trkpt lat="46.36090006027371" lon="8.122419701423496"><ele>2000.1999816894531</ele></trkpt><trkpt lat="46.360981607344" lon="8.122770260553807"><ele>1996.5999755859375</ele></trkpt><trkpt lat="46.361141708213836" lon="8.123221862129867"><ele>1992.0</ele></trkpt><trkpt lat="46.36118009733036" lon="8.123270422685891"><ele>1991.5</ele></trkpt><trkpt lat="46.36123041622341" lon="8.123280152212828"><ele>1990.5999755859375</ele></trkpt><trkpt lat="46.36125032324344" lon="8.12326091201976"><ele>1990.3999938964844</ele></trkpt><trkpt lat="46.36125170905143" lon="8.123180367518216"><ele>1989.8999938964844</ele></trkpt><trkpt lat="46.361181730404496" lon="8.122850741259754"><ele>1987.2999877929688</ele></trkpt><trkpt lat="46.36115002492443" lon="8.122290306258947"><ele>1981.8999938964844</ele></trkpt><trkpt lat="46.36104142665863" lon="8.121800371445715"><ele>1976.5999755859375</ele></trkpt><trkpt lat="46.36096003931016" lon="8.121571956668049"><ele>1974.0999755859375</ele></trkpt><trkpt lat="46.36089150281623" lon="8.121450253296643"><ele>1972.3999938964844</ele></trkpt><trkpt lat="46.36075038602576" lon="8.121280860621482"><ele>1969.7999877929688</ele></trkpt><trkpt lat="46.360531432088464" lon="8.121189752593637"><ele>1966.5</ele></trkpt><trkpt lat="46.36046162061393" lon="8.12113040406257"><ele>1965.0</ele></trkpt><trkpt lat="46.360421743709594" lon="8.121029851958156"><ele>1964.0</ele></trkpt><trkpt lat="46.36038042604923" lon="8.12072008382529"><ele>1960.6999816894531</ele></trkpt><trkpt lat="46.36033167038113" lon="8.120599930174649"><ele>1959.0999755859375</ele></trkpt><trkpt lat="46.36028002901003" lon="8.120510925073177"><ele>1957.6999816894531</ele></trkpt><trkpt lat="46.3602504665032" lon="8.120190910529345"><ele>1954.2999877929688</ele></trkpt><trkpt lat="46.3601900767535" lon="8.11991079011932"><ele>1951.0999755859375</ele></trkpt><trkpt lat="46.36010011937469" lon="8.119610809255391"><ele>1947.7999877929688</ele></trkpt><trkpt lat="46.35996014578268" lon="8.11925043258816"><ele>1943.7999877929688</ele></trkpt><trkpt lat="46.35969164734706" lon="8.118870258331299"><ele>1938.6999816894531</ele></trkpt><trkpt lat="46.3594499505125" lon="8.11837088316679"><ele>1933.0</ele></trkpt><trkpt lat="46.35921144206077" lon="8.118089841678739"><ele>1928.7999877929688</ele></trkpt><trkpt lat="46.358961469028145" lon="8.117920401971787"><ele>1925.5999755859375</ele></trkpt><trkpt lat="46.35891150776297" lon="8.117850912734866"><ele>1925.0999755859375</ele></trkpt><trkpt lat="46.35892170621082" lon="8.117800366133451"><ele>1924.5999755859375</ele></trkpt><trkpt lat="46.35896151838824" lon="8.117761883884668"><ele>1924.0</ele></trkpt><trkpt lat="46.358980416320264" lon="8.117760820314288"><ele>1923.7999877929688</ele></trkpt><trkpt lat="46.35911038098857" lon="8.117840404156595"><ele>1922.5999755859375</ele></trkpt><trkpt lat="46.35948167555034" lon="8.117880125530064"><ele>1917.7999877929688</ele></trkpt><trkpt lat="46.35969997243956" lon="8.117930928710848"><ele>1914.3999938964844</ele></trkpt><trkpt lat="46.36018168320879" lon="8.118309864774346"><ele>1906.6999816894531</ele></trkpt><trkpt lat="46.36048148665577" lon="8.118420161306858"><ele>1902.3999938964844</ele></trkpt><trkpt lat="46.360550275072455" lon="8.118500282987952"><ele>1901.0999755859375</ele></trkpt><trkpt lat="46.36061168788001" lon="8.11861019814387"><ele>1899.5999755859375</ele></trkpt><trkpt lat="46.36080994689837" lon="8.119151918683201"><ele>1894.0999755859375</ele></trkpt><trkpt lat="46.36085037328303" lon="8.119310948532075"><ele>1892.3999938964844</ele></trkpt><trkpt lat="46.360870227683336" lon="8.119450230617076"><ele>1891.7999877929688</ele></trkpt><trkpt lat="46.36094141751528" lon="8.119579760357738"><ele>1890.5999755859375</ele></trkpt><trkpt lat="46.3610114636831" lon="8.119600128848106"><ele>1889.5999755859375</ele></trkpt><trkpt lat="46.3615415552631" lon="8.11941185966134"><ele>1882.0</ele></trkpt><trkpt lat="46.36170169478282" lon="8.119409967213869"><ele>1880.2999877929688</ele></trkpt><trkpt lat="46.36180047085509" lon="8.119439790956676"><ele>1878.5</ele></trkpt><trkpt lat="46.361890010070056" lon="8.119509780779481"><ele>1877.1999816894531</ele></trkpt><trkpt lat="46.36211040569469" lon="8.119810104835778"><ele>1871.5999755859375</ele></trkpt><trkpt lat="46.362118454650044" lon="8.119818002451211"><ele>1871.5999755859375</ele></trkpt><trkpt lat="46.362118454650044" lon="8.119818002451211"><ele>1871.5999755859375</ele></trkpt><trkpt lat="46.362118454650044" lon="8.119818002451211"><ele>1871.5999755859375</ele></trkpt><trkpt lat="46.36211040569469" lon="8.119810104835778"><ele>1871.5999755859375</ele></trkpt><trkpt lat="46.36233140388504" lon="8.12015981739387"><ele>1868.1999816894531</ele></trkpt><trkpt lat="46.3625900009647" lon="8.120539890602231"><ele>1863.0</ele></trkpt><trkpt lat="46.36309147719294" lon="8.121370020322502"><ele>1852.0</ele></trkpt><trkpt lat="46.36325159203261" lon="8.121670900844038"><ele>1848.1999816894531</ele></trkpt><trkpt lat="46.36341045424342" lon="8.122030242346227"><ele>1844.2999877929688</ele></trkpt><trkpt lat="46.363580469973385" lon="8.122329952195287"><ele>1841.1999816894531</ele></trkpt><trkpt lat="46.36370999831706" lon="8.122630454134196"><ele>1838.6999816894531</ele></trkpt><trkpt lat="46.363721574656665" lon="8.122650091070682"><ele>1838.5</ele></trkpt><trkpt lat="46.36375035950914" lon="8.122650453355163"><ele>1838.1999816894531</ele></trkpt><trkpt lat="46.36377159738913" lon="8.122559759300202"><ele>1837.1999816894531</ele></trkpt><trkpt lat="46.36377153592184" lon="8.122420717496425"><ele>1836.2999877929688</ele></trkpt><trkpt lat="46.3636904633604" lon="8.122140316292644"><ele>1835.1999816894531</ele></trkpt><trkpt lat="46.363670197781175" lon="8.121920455247164"><ele>1833.6999816894531</ele></trkpt><trkpt lat="46.36361005483195" lon="8.121600035578012"><ele>1830.5</ele></trkpt><trkpt lat="46.363510441500694" lon="8.12126092845574"><ele>1827.3999938964844</ele></trkpt><trkpt lat="46.36340142413974" lon="8.120690404437482"><ele>1822.0999755859375</ele></trkpt><trkpt lat="46.363290121778846" lon="8.12034985423088"><ele>1818.8999938964844</ele></trkpt><trkpt lat="46.36318043619394" lon="8.119889777619392"><ele>1814.1999816894531</ele></trkpt><trkpt lat="46.36317143868655" lon="8.119740230031312"><ele>1812.6999816894531</ele></trkpt><trkpt lat="46.363220140803605" lon="8.119419879745692"><ele>1810.0999755859375</ele></trkpt><trkpt lat="46.363221461419016" lon="8.119349726941437"><ele>1809.3999938964844</ele></trkpt><trkpt lat="46.36294161248952" lon="8.118311875499785"><ele>1797.0999755859375</ele></trkpt><trkpt lat="46.36286005470902" lon="8.118110743816942"><ele>1794.6999816894531</ele></trkpt><trkpt lat="46.36278160708025" lon="8.1178407818079"><ele>1791.1999816894531</ele></trkpt><trkpt lat="46.36272001406178" lon="8.117760747205466"><ele>1790.0999755859375</ele></trkpt><trkpt lat="46.362570259254426" lon="8.11768091050908"><ele>1787.6999816894531</ele></trkpt><trkpt lat="46.3625216842629" lon="8.117680303752422"><ele>1787.0</ele></trkpt><trkpt lat="46.36248012678698" lon="8.117709671147168"><ele>1786.7999877929688</ele></trkpt><trkpt lat="46.36240005772561" lon="8.117860701866448"><ele>1785.2999877929688</ele></trkpt><trkpt lat="46.36233156081289" lon="8.117881935555488"><ele>1784.3999938964844</ele></trkpt><trkpt lat="46.36231040023267" lon="8.117810203693807"><ele>1783.7999877929688</ele></trkpt><trkpt lat="46.36235039168969" lon="8.117741834372282"><ele>1783.0999755859375</ele></trkpt><trkpt lat="46.36253049457446" lon="8.11756086628884"><ele>1780.2999877929688</ele></trkpt><trkpt lat="46.362640431150794" lon="8.117529754061252"><ele>1778.5999755859375</ele></trkpt><trkpt lat="46.362740099895746" lon="8.117560885380954"><ele>1776.6999816894531</ele></trkpt><trkpt lat="46.36291145021096" lon="8.117639691568911"><ele>1773.7999877929688</ele></trkpt><trkpt lat="46.362951687537134" lon="8.117680476047099"><ele>1772.8999938964844</ele></trkpt><trkpt lat="46.36324016423896" lon="8.118029728997499"><ele>1766.8999938964844</ele></trkpt><trkpt lat="46.363581649493426" lon="8.118390043731779"><ele>1760.0999755859375</ele></trkpt><trkpt lat="46.36383994854987" lon="8.11882079206407"><ele>1753.7999877929688</ele></trkpt><trkpt lat="46.364021549467" lon="8.119140130467713"><ele>1749.2999877929688</ele></trkpt><trkpt lat="46.36417153896764" lon="8.11933042947203"><ele>1746.0</ele></trkpt><trkpt lat="46.364400452468544" lon="8.11956070130691"><ele>1741.5</ele></trkpt><trkpt lat="46.36447991756722" lon="8.119660456199199"><ele>1739.8999938964844</ele></trkpt><trkpt lat="46.36473150085658" lon="8.120160005055368"><ele>1733.0</ele></trkpt><trkpt lat="46.36483032582328" lon="8.120480914134532"><ele>1728.8999938964844</ele></trkpt><trkpt lat="46.36486001126468" lon="8.120780164841563"><ele>1725.8999938964844</ele></trkpt><trkpt lat="46.364871588069946" lon="8.12079980224371"><ele>1725.5999755859375</ele></trkpt><trkpt lat="46.36491038510576" lon="8.12078079674393"><ele>1725.0</ele></trkpt><trkpt lat="46.36493000155315" lon="8.1206601918675"><ele>1724.0999755859375</ele></trkpt><trkpt lat="46.36491034226492" lon="8.119739915709943"><ele>1714.0999755859375</ele></trkpt><trkpt lat="46.364850252866745" lon="8.119259656406939"><ele>1708.7999877929688</ele></trkpt><trkpt lat="46.36483044875786" lon="8.118961828295141"><ele>1705.3999938964844</ele></trkpt><trkpt lat="46.364741512574255" lon="8.11834086664021"><ele>1698.1999816894531</ele></trkpt><trkpt lat="46.36474508745596" lon="8.118344809859991"><ele>1698.1999816894531</ele></trkpt><trkpt lat="46.36474508745596" lon="8.118344809859991"><ele>1698.1999816894531</ele></trkpt><trkpt lat="46.36474508745596" lon="8.118344809859991"><ele>1698.1999816894531</ele></trkpt><trkpt lat="46.364741512574255" lon="8.11834086664021"><ele>1698.1999816894531</ele></trkpt><trkpt lat="46.36468148417771" lon="8.11799965472892"><ele>1694.2999877929688</ele></trkpt><trkpt lat="46.3645515171811" lon="8.117619884666055"><ele>1689.5999755859375</ele></trkpt><trkpt lat="46.364470429718494" lon="8.117490224540234"><ele>1688.0</ele></trkpt><trkpt lat="46.36415148945525" lon="8.117119793314487"><ele>1682.0</ele></trkpt><trkpt lat="46.363890352193266" lon="8.11656036740169"><ele>1675.0</ele></trkpt><trkpt lat="46.363681639079005" lon="8.116410926450044"><ele>1671.1999816894531</ele></trkpt><trkpt lat="46.363690216094255" lon="8.116330467630178"><ele>1670.5999755859375</ele></trkpt><trkpt lat="46.363710067700595" lon="8.116320319473743"><ele>1670.0999755859375</ele></trkpt><trkpt lat="46.36379007110372" lon="8.116330413147807"><ele>1668.8999938964844</ele></trkpt><trkpt lat="46.363980188500136" lon="8.116430242080241"><ele>1667.0</ele></trkpt><trkpt lat="46.36407146649435" lon="8.116510646883398"><ele>1664.7999877929688</ele></trkpt><trkpt lat="46.36419021803886" lon="8.116660265717655"><ele>1662.6999816894531</ele></trkpt><trkpt lat="46.36424041260034" lon="8.11669077957049"><ele>1661.7999877929688</ele></trkpt><trkpt lat="46.36472031706944" lon="8.116770835593343"><ele>1655.1999816894531</ele></trkpt><trkpt lat="46.364990499801934" lon="8.116870367433876"><ele>1650.8999938964844</ele></trkpt><trkpt lat="46.36515165306628" lon="8.116999726742506"><ele>1648.2999877929688</ele></trkpt><trkpt lat="46.365400003269315" lon="8.117290012538433"><ele>1643.7999877929688</ele></trkpt><trkpt lat="46.36562016652897" lon="8.117479887790978"><ele>1639.8999938964844</ele></trkpt><trkpt lat="46.36598144331947" lon="8.117840462364256"><ele>1633.8999938964844</ele></trkpt><trkpt lat="46.36611152905971" lon="8.1180500080809"><ele>1631.0999755859375</ele></trkpt><trkpt lat="46.366170002147555" lon="8.118200181983411"><ele>1629.2999877929688</ele></trkpt><trkpt lat="46.366280471906066" lon="8.118530338164419"><ele>1625.6999816894531</ele></trkpt><trkpt lat="46.366360052954406" lon="8.118910789489746"><ele>1621.6999816894531</ele></trkpt><trkpt lat="46.366601441055536" lon="8.119460905902088"><ele>1615.3999938964844</ele></trkpt><trkpt lat="46.366850389167666" lon="8.119950044434518"><ele>1609.5</ele></trkpt><trkpt lat="46.36706004617736" lon="8.120540057308972"><ele>1602.8999938964844</ele></trkpt><trkpt lat="46.367101543117315" lon="8.12081997608766"><ele>1600.0</ele></trkpt><trkpt lat="46.36711023328826" lon="8.121020211838186"><ele>1598.0</ele></trkpt><trkpt lat="46.367090427316725" lon="8.121470898389816"><ele>1593.5999755859375</ele></trkpt><trkpt lat="46.36706031952053" lon="8.121690139640123"><ele>1591.2999877929688</ele></trkpt><trkpt lat="46.367079928983" lon="8.121720275375992"><ele>1590.7999877929688</ele></trkpt><trkpt lat="46.36710146302357" lon="8.121729642618448"><ele>1590.1999816894531</ele></trkpt><trkpt lat="46.36715039750561" lon="8.121670478954911"><ele>1589.0999755859375</ele></trkpt><trkpt lat="46.36726039741188" lon="8.12118063820526"><ele>1583.8999938964844</ele></trkpt><trkpt lat="46.36736025940627" lon="8.12088039983064"><ele>1580.0999755859375</ele></trkpt><trkpt lat="46.36739001329988" lon="8.120719630736858"><ele>1578.1999816894531</ele></trkpt><trkpt lat="46.36740014934912" lon="8.12053002603352"><ele>1576.5</ele></trkpt><trkpt lat="46.367329981178045" lon="8.120080805849284"><ele>1571.5</ele></trkpt><trkpt lat="46.36716008465737" lon="8.118710270151496"><ele>1556.3999938964844</ele></trkpt><trkpt lat="46.3671401119791" lon="8.118290271610022"><ele>1551.3999938964844</ele></trkpt><trkpt lat="46.36708001373336" lon="8.117509803269058"><ele>1542.5999755859375</ele></trkpt><trkpt lat="46.367088047321886" lon="8.117520299740136"><ele>1542.5999755859375</ele></trkpt><trkpt lat="46.367088047321886" lon="8.117520299740136"><ele>1542.5999755859375</ele></trkpt><trkpt lat="46.367088047321886" lon="8.117520299740136"><ele>1542.5999755859375</ele></trkpt><trkpt lat="46.36708001373336" lon="8.117509803269058"><ele>1542.5999755859375</ele></trkpt><trkpt lat="46.36707155499607" lon="8.117420029826462"><ele>1541.3999938964844</ele></trkpt><trkpt lat="46.36699040746316" lon="8.117150014266372"><ele>1537.8999938964844</ele></trkpt><trkpt lat="46.36696011433378" lon="8.116800063755363"><ele>1533.6999816894531</ele></trkpt><trkpt lat="46.366860314272344" lon="8.116640276741236"><ele>1531.0999755859375</ele></trkpt><trkpt lat="46.36681155441329" lon="8.116520112380385"><ele>1529.5999755859375</ele></trkpt><trkpt lat="46.36678024334833" lon="8.116189643274993"><ele>1525.5999755859375</ele></trkpt><trkpt lat="46.36673141364008" lon="8.115930430125445"><ele>1522.3999938964844</ele></trkpt><trkpt lat="46.36666153743863" lon="8.115730732679367"><ele>1519.6999816894531</ele></trkpt><trkpt lat="46.366541457828134" lon="8.115501821506768"><ele>1516.5</ele></trkpt><trkpt lat="46.36648153793067" lon="8.115291853435338"><ele>1514.0</ele></trkpt><trkpt lat="46.366401532664895" lon="8.114980273880064"><ele>1509.6999816894531</ele></trkpt><trkpt lat="46.366370394825935" lon="8.114619921892881"><ele>1504.8999938964844</ele></trkpt><trkpt lat="46.3663299609907" lon="8.11446087853983"><ele>1503.1999816894531</ele></trkpt><trkpt lat="46.3662102422677" lon="8.11417089914903"><ele>1499.0</ele></trkpt><trkpt lat="46.36613011267036" lon="8.114030856173486"><ele>1497.0999755859375</ele></trkpt><trkpt lat="46.365980414673686" lon="8.113789887167513"><ele>1493.2999877929688</ele></trkpt><trkpt lat="46.36579009797424" lon="8.113571806345135"><ele>1489.2999877929688</ele></trkpt><trkpt lat="46.36562018841505" lon="8.113250020425767"><ele>1484.5</ele></trkpt><trkpt lat="46.36549987224862" lon="8.1130601009354"><ele>1482.2999877929688</ele></trkpt><trkpt lat="46.36551024625078" lon="8.112979661673307"><ele>1481.5</ele></trkpt><trkpt lat="46.36553021334112" lon="8.112950020935386"><ele>1481.0999755859375</ele></trkpt><trkpt lat="46.36563990171999" lon="8.112960478290915"><ele>1479.7999877929688</ele></trkpt><trkpt lat="46.36576075060293" lon="8.113060738891363"><ele>1478.1999816894531</ele></trkpt><trkpt lat="46.36583986552432" lon="8.113220258615911"><ele>1476.3999938964844</ele></trkpt><trkpt lat="46.36588011216372" lon="8.113259742967784"><ele>1475.3999938964844</ele></trkpt><trkpt lat="46.36609002156183" lon="8.11335981078446"><ele>1471.5999755859375</ele></trkpt><trkpt lat="46.36639001779258" lon="8.11358964862302"><ele>1465.5999755859375</ele></trkpt><trkpt lat="46.36658990802243" lon="8.113710386212915"><ele>1461.6999816894531</ele></trkpt><trkpt lat="46.366700023878366" lon="8.113800121005625"><ele>1459.2999877929688</ele></trkpt><trkpt lat="46.36677145212889" lon="8.113890674896538"><ele>1457.6999816894531</ele></trkpt><trkpt lat="46.36688995920122" lon="8.11408187681809"><ele>1454.1999816894531</ele></trkpt><trkpt lat="46.36701021715999" lon="8.114130153786391"><ele>1452.0999755859375</ele></trkpt><trkpt lat="46.36706035817042" lon="8.11416976293549"><ele>1451.2999877929688</ele></trkpt><trkpt lat="46.36710144253448" lon="8.114219655282795"><ele>1451.2999877929688</ele></trkpt><trkpt lat="46.36716148070991" lon="8.114560877438635"><ele>1446.6999816894531</ele></trkpt><trkpt lat="46.36721036583185" lon="8.114660249091685"><ele>1445.3999938964844</ele></trkpt><trkpt lat="46.36752019217238" lon="8.114900617860258"><ele>1439.3999938964844</ele></trkpt><trkpt lat="46.36766036367044" lon="8.115229845512658"><ele>1434.5999755859375</ele></trkpt><trkpt lat="46.36800156906247" lon="8.115939746145159"><ele>1424.5</ele></trkpt><trkpt lat="46.36817015754059" lon="8.116330412682146"><ele>1419.5999755859375</ele></trkpt><trkpt lat="46.36826989520341" lon="8.116500597912818"><ele>1417.0999755859375</ele></trkpt><trkpt lat="46.36847009509802" lon="8.117020318750292"><ele>1410.3999938964844</ele></trkpt><trkpt lat="46.36873152246699" lon="8.11753041157499"><ele>1403.0999755859375</ele></trkpt><trkpt lat="46.36910000350326" lon="8.11818999890238"><ele>1393.1999816894531</ele></trkpt><trkpt lat="46.369361601769924" lon="8.11852076323703"><ele>1387.6999816894531</ele></trkpt><trkpt lat="46.36957990471274" lon="8.1188704832457"><ele>1382.0</ele></trkpt><trkpt lat="46.369760065339506" lon="8.119130056351423"><ele>1378.0</ele></trkpt><trkpt lat="46.37010994134471" lon="8.119590595830232"><ele>1370.0</ele></trkpt><trkpt lat="46.37042000098154" lon="8.119940175209194"><ele>1363.6999816894531</ele></trkpt><trkpt lat="46.370490345172584" lon="8.120060620829463"><ele>1361.8999938964844</ele></trkpt><trkpt lat="46.37061035167426" lon="8.120299953967333"><ele>1358.5</ele></trkpt><trkpt lat="46.37072032969445" lon="8.12041180068627"><ele>1357.2999877929688</ele></trkpt><trkpt lat="46.37072010152042" lon="8.120300030801445"><ele>1356.3999938964844</ele></trkpt><trkpt lat="46.37064147973433" lon="8.120059915352613"><ele>1353.6999816894531</ele></trkpt><trkpt lat="46.370580492541194" lon="8.119579593650997"><ele>1348.5999755859375</ele></trkpt><trkpt lat="46.37055146321654" lon="8.119470062665641"><ele>1347.2999877929688</ele></trkpt><trkpt lat="46.370419884100556" lon="8.11920979199931"><ele>1343.8999938964844</ele></trkpt><trkpt lat="46.37038149731234" lon="8.119010471273214"><ele>1341.7999877929688</ele></trkpt><trkpt lat="46.37030017422512" lon="8.118770325556397"><ele>1339.0</ele></trkpt><trkpt lat="46.37013032613322" lon="8.11814049212262"><ele>1332.5</ele></trkpt><trkpt lat="46.370120372157544" lon="8.118000010959804"><ele>1331.0</ele></trkpt><trkpt lat="46.37011011270806" lon="8.117610002402216"><ele>1327.1999816894531</ele></trkpt><trkpt lat="46.37007017061114" lon="8.11751983081922"><ele>1326.1999816894531</ele></trkpt><trkpt lat="46.369970130734146" lon="8.11740031791851"><ele>1324.5</ele></trkpt><trkpt lat="46.36984154116362" lon="8.11709070764482"><ele>1320.7999877929688</ele></trkpt><trkpt lat="46.369800459593534" lon="8.116890057455748"><ele>1318.8999938964844</ele></trkpt><trkpt lat="46.36984039796516" lon="8.11668002186343"><ele>1316.7999877929688</ele></trkpt><trkpt lat="46.369829890783876" lon="8.116631805896759"><ele>1316.1999816894531</ele></trkpt><trkpt lat="46.36968991579488" lon="8.116270072758198"><ele>1311.5</ele></trkpt><trkpt lat="46.369661604985595" lon="8.116039692424238"><ele>1309.2999877929688</ele></trkpt><trkpt lat="46.36965157883242" lon="8.115760155487806"><ele>1306.5</ele></trkpt><trkpt lat="46.36958020552993" lon="8.115509745199233"><ele>1303.7999877929688</ele></trkpt><trkpt lat="46.369561416096985" lon="8.115341864526272"><ele>1302.0</ele></trkpt><trkpt lat="46.36957041872665" lon="8.115189924836159"><ele>1300.5</ele></trkpt><trkpt lat="46.36961160926148" lon="8.11492012348026"><ele>1297.7999877929688</ele></trkpt><trkpt lat="46.369530393742025" lon="8.114660494960845"><ele>1294.5999755859375</ele></trkpt><trkpt lat="46.369520373642445" lon="8.114530411548913"><ele>1293.1999816894531</ele></trkpt><trkpt lat="46.36959046218544" lon="8.114090722985566"><ele>1288.2999877929688</ele></trkpt><trkpt lat="46.369611440226436" lon="8.113740094937384"><ele>1284.1999816894531</ele></trkpt><trkpt lat="46.36957040708512" lon="8.113530351314694"><ele>1281.7999877929688</ele></trkpt><trkpt lat="46.36955155758187" lon="8.11322081554681"><ele>1278.3999938964844</ele></trkpt><trkpt lat="46.369520124513656" lon="8.113060576375574"><ele>1276.8999938964844</ele></trkpt><trkpt lat="46.36952817393467" lon="8.113068473991007"><ele>1276.8999938964844</ele></trkpt><trkpt lat="46.36952817393467" lon="8.113068473991007"><ele>1276.8999938964844</ele></trkpt><trkpt lat="46.36952817393467" lon="8.113068473991007"><ele>1276.8999938964844</ele></trkpt><trkpt lat="46.369520124513656" lon="8.113060576375574"><ele>1276.8999938964844</ele></trkpt><trkpt lat="46.36948071140796" lon="8.112880744505674"><ele>1274.1999816894531</ele></trkpt><trkpt lat="46.36941155977547" lon="8.112709640990943"><ele>1271.8999938964844</ele></trkpt><trkpt lat="46.36925021093339" lon="8.112460719421506"><ele>1267.8999938964844</ele></trkpt><trkpt lat="46.369249967392534" lon="8.112350251991302"><ele>1266.7999877929688</ele></trkpt><trkpt lat="46.36931029334664" lon="8.11218985170126"><ele>1264.8999938964844</ele></trkpt><trkpt lat="46.369300270453095" lon="8.112059769686311"><ele>1263.5</ele></trkpt><trkpt lat="46.369260488078" lon="8.11179026355967"><ele>1260.5</ele></trkpt><trkpt lat="46.36914046993479" lon="8.111549654509872"><ele>1257.0999755859375</ele></trkpt><trkpt lat="46.36912041483447" lon="8.11129079060629"><ele>1254.5</ele></trkpt><trkpt lat="46.36892140004784" lon="8.110869865398854"><ele>1249.1999816894531</ele></trkpt><trkpt lat="46.36876982683316" lon="8.110640565864742"><ele>1245.5</ele></trkpt><trkpt lat="46.3687104601413" lon="8.109879584982991"><ele>1236.1999816894531</ele></trkpt><trkpt lat="46.368561489507556" lon="8.109209769871086"><ele>1228.2999877929688</ele></trkpt><trkpt lat="46.368550255429" lon="8.108979608863592"><ele>1225.8999938964844</ele></trkpt><trkpt lat="46.36858020583168" lon="8.108630395494401"><ele>1222.0</ele></trkpt><trkpt lat="46.36859153630212" lon="8.107930070720613"><ele>1214.5</ele></trkpt><trkpt lat="46.36856981460005" lon="8.107799847144634"><ele>1212.7999877929688</ele></trkpt><trkpt lat="46.368460283149034" lon="8.107610062230378"><ele>1210.5999755859375</ele></trkpt><trkpt lat="46.3684614202939" lon="8.107569789979607"><ele>1210.1999816894531</ele></trkpt><trkpt lat="46.368491457309574" lon="8.107510379515588"><ele>1209.5</ele></trkpt><trkpt lat="46.36855004914105" lon="8.10749030765146"><ele>1208.5</ele></trkpt><trkpt lat="46.368591415695846" lon="8.107340066693723"><ele>1202.7999877929688</ele></trkpt><trkpt lat="46.36864019650966" lon="8.107000180520117"><ele>1192.6999816894531</ele></trkpt><trkpt lat="46.3686999049969" lon="8.106790384277701"><ele>1185.3999938964844</ele></trkpt><trkpt lat="46.36873006308451" lon="8.106710181571543"><ele>1182.3999938964844</ele></trkpt><trkpt lat="46.36882043629885" lon="8.106639815494418"><ele>1176.5999755859375</ele></trkpt><trkpt lat="46.36901048012078" lon="8.106600563507527"><ele>1166.5999755859375</ele></trkpt><trkpt lat="46.36907003214583" lon="8.106570105534047"><ele>1164.0999755859375</ele></trkpt><trkpt lat="46.36924009863287" lon="8.10640974715352"><ele>1154.5999755859375</ele></trkpt><trkpt lat="46.36943144258112" lon="8.10614958126098"><ele>1143.0</ele></trkpt><trkpt lat="46.36963046947494" lon="8.105959685519338"><ele>1134.5999755859375</ele></trkpt><trkpt lat="46.36986029567197" lon="8.105580426286906"><ele>1123.6999816894531</ele></trkpt><trkpt lat="46.36957019614056" lon="8.105500189121813"><ele>1113.5999755859375</ele></trkpt><trkpt lat="46.36915008444339" lon="8.10550023149699"><ele>1110.0</ele></trkpt><trkpt lat="46.369139816612005" lon="8.105410434305668"><ele>1106.6999816894531</ele></trkpt><trkpt lat="46.36936996039003" lon="8.105129948351532"><ele>1096.1999816894531</ele></trkpt><trkpt lat="46.36937441956252" lon="8.105136500671506"><ele>1096.1999816894531</ele></trkpt><trkpt lat="46.36937441956252" lon="8.105136500671506"><ele>1096.1999816894531</ele></trkpt><trkpt lat="46.36937441956252" lon="8.105136500671506"><ele>1096.1999816894531</ele></trkpt><trkpt lat="46.36936996039003" lon="8.105129948351532"><ele>1096.1999816894531</ele></trkpt><trkpt lat="46.36959020094946" lon="8.104850637726486"><ele>1085.3999938964844</ele></trkpt><trkpt lat="46.36969148973003" lon="8.104759608861059"><ele>1084.0</ele></trkpt><trkpt lat="46.36982023064047" lon="8.104589640628546"><ele>1083.6999816894531</ele></trkpt><trkpt lat="46.369980453979224" lon="8.104420057497919"><ele>1081.1999816894531</ele></trkpt><trkpt lat="46.37004027236253" lon="8.104190760757774"><ele>1074.0999755859375</ele></trkpt><trkpt lat="46.370130331255496" lon="8.104020316153765"><ele>1069.2999877929688</ele></trkpt><trkpt lat="46.37021013721824" lon="8.103910826612264"><ele>1064.7999877929688</ele></trkpt><trkpt lat="46.370321433991194" lon="8.103800422511995"><ele>1060.2999877929688</ele></trkpt><trkpt lat="46.370480176992714" lon="8.103729587048292"><ele>1055.5</ele></trkpt><trkpt lat="46.37056148471311" lon="8.103670799639076"><ele>1052.5999755859375</ele></trkpt><trkpt lat="46.37060005031526" lon="8.103690765798092"><ele>1052.3999938964844</ele></trkpt><trkpt lat="46.370641513261944" lon="8.103830331470817"><ele>1053.5</ele></trkpt><trkpt lat="46.37070996174589" lon="8.103970227763057"><ele>1054.5999755859375</ele></trkpt><trkpt lat="46.370981444604695" lon="8.10431015305221"><ele>1058.0</ele></trkpt><trkpt lat="46.371020208112895" lon="8.10444968752563"><ele>1059.0</ele></trkpt><trkpt lat="46.37100980151445" lon="8.104689989704639"><ele>1060.5</ele></trkpt><trkpt lat="46.370861421339214" lon="8.105140437372029"><ele>1063.7999877929688</ele></trkpt><trkpt lat="46.37081982754171" lon="8.10532967094332"><ele>1065.0999755859375</ele></trkpt><trkpt lat="46.370810670312494" lon="8.105510205030441"><ele>1066.3999938964844</ele></trkpt><trkpt lat="46.37084027426317" lon="8.105830274056643"><ele>1068.7999877929688</ele></trkpt><trkpt lat="46.37092991638929" lon="8.106190069112927"><ele>1070.8999938964844</ele></trkpt><trkpt lat="46.37097151065245" lon="8.106459601316601"><ele>1072.6999816894531</ele></trkpt><trkpt lat="46.371041478123516" lon="8.108020005747676"><ele>1081.5999755859375</ele></trkpt><trkpt lat="46.371080052573234" lon="8.108190731145442"><ele>1082.2999877929688</ele></trkpt><trkpt lat="46.371131465770304" lon="8.108320027124137"><ele>1082.5999755859375</ele></trkpt><trkpt lat="46.371135017834604" lon="8.108327868860215"><ele>1082.5999755859375</ele></trkpt><trkpt lat="46.371135017834604" lon="8.108327868860215"><ele>1082.5999755859375</ele></trkpt><trkpt lat="46.371135017834604" lon="8.108327868860215"><ele>1082.5999755859375</ele></trkpt><trkpt lat="46.371131465770304" lon="8.108320027124137"><ele>1082.5999755859375</ele></trkpt><trkpt lat="46.37118047196418" lon="8.108399908524007"><ele>1083.0</ele></trkpt><trkpt lat="46.371450318954885" lon="8.108709946740419"><ele>1084.6999816894531</ele></trkpt><trkpt lat="46.372020279522985" lon="8.109839867334813"><ele>1089.3999938964844</ele></trkpt><trkpt lat="46.37242141505703" lon="8.110310098156333"><ele>1091.3999938964844</ele></trkpt><trkpt lat="46.37250143382698" lon="8.110469645354897"><ele>1092.0999755859375</ele></trkpt><trkpt lat="46.37280039768666" lon="8.11223958292976"><ele>1096.1999816894531</ele></trkpt><trkpt lat="46.37280028639361" lon="8.112409837543964"><ele>1097.0</ele></trkpt><trkpt lat="46.37279142253101" lon="8.112690454814583"><ele>1098.6999816894531</ele></trkpt><trkpt lat="46.37279227562249" lon="8.11269826348871"><ele>1098.6999816894531</ele></trkpt><trkpt lat="46.37279227562249" lon="8.11269826348871"><ele>1098.6999816894531</ele></trkpt><trkpt lat="46.37279227562249" lon="8.11269826348871"><ele>1098.6999816894531</ele></trkpt><trkpt lat="46.37279142253101" lon="8.112690454814583"><ele>1098.6999816894531</ele></trkpt><trkpt lat="46.37279041064903" lon="8.112860698252916"><ele>1100.0</ele></trkpt><trkpt lat="46.37280043261126" lon="8.112990789115429"><ele>1101.0999755859375</ele></trkpt><trkpt lat="46.37301984243095" lon="8.113460093270987"><ele>1105.2999877929688</ele></trkpt><trkpt lat="46.37309043388814" lon="8.113540249876678"><ele>1106.2999877929688</ele></trkpt><trkpt lat="46.37328007258475" lon="8.11356989853084"><ele>1108.3999938964844</ele></trkpt><trkpt lat="46.373441462405026" lon="8.113660281524062"><ele>1110.0999755859375</ele></trkpt><trkpt lat="46.37347001535818" lon="8.11369962664321"><ele>1110.3999938964844</ele></trkpt><trkpt lat="46.37361024599522" lon="8.114019790664315"><ele>1111.3999938964844</ele></trkpt><trkpt lat="46.37363026943058" lon="8.114131812471896"><ele>1111.5999755859375</ele></trkpt><trkpt lat="46.37362020742148" lon="8.114461806602776"><ele>1112.0999755859375</ele></trkpt><trkpt lat="46.37366040982306" lon="8.114810621831566"><ele>1113.0999755859375</ele></trkpt><trkpt lat="46.37406148435548" lon="8.115890459157526"><ele>1114.5</ele></trkpt><trkpt lat="46.374160337261856" lon="8.116359581705183"><ele>1115.3999938964844</ele></trkpt><trkpt lat="46.37421994563192" lon="8.11647079931572"><ele>1115.5999755859375</ele></trkpt><trkpt lat="46.37437012651935" lon="8.116629936732352"><ele>1116.7999877929688</ele></trkpt><trkpt lat="46.374410069547594" lon="8.116720114368945"><ele>1117.0</ele></trkpt><trkpt lat="46.37446027621627" lon="8.117049566004425"><ele>1118.0999755859375</ele></trkpt><trkpt lat="46.374600131995976" lon="8.11743082664907"><ele>1119.7999877929688</ele></trkpt><trkpt lat="46.374631565995514" lon="8.117589783389121"><ele>1121.0</ele></trkpt><trkpt lat="46.37464145803824" lon="8.117740673478693"><ele>1122.1999816894531</ele></trkpt><trkpt lat="46.374620290938765" lon="8.117970456834882"><ele>1122.5999755859375</ele></trkpt><trkpt lat="46.374640443362296" lon="8.118060388602316"><ele>1123.0</ele></trkpt><trkpt lat="46.37498996080831" lon="8.118281812407076"><ele>1129.5999755859375</ele></trkpt><trkpt lat="46.375061518512666" lon="8.11835029302165"><ele>1130.6999816894531</ele></trkpt><trkpt lat="46.37511999160051" lon="8.11850049206987"><ele>1131.2999877929688</ele></trkpt><trkpt lat="46.37525019515306" lon="8.11914028506726"><ele>1132.6999816894531</ele></trkpt><trkpt lat="46.375319885555655" lon="8.11936990916729"><ele>1133.5999755859375</ele></trkpt><trkpt lat="46.3753201845102" lon="8.119469991885126"><ele>1133.8999938964844</ele></trkpt><trkpt lat="46.37527994206175" lon="8.119579964317381"><ele>1134.5999755859375</ele></trkpt><trkpt lat="46.375170186627656" lon="8.119730656035244"><ele>1136.3999938964844</ele></trkpt><trkpt lat="46.375059897545725" lon="8.119820253923535"><ele>1136.7999877929688</ele></trkpt><trkpt lat="46.37480003805831" lon="8.11994956759736"><ele>1141.5</ele></trkpt><trkpt lat="46.37478005327284" lon="8.119981809984893"><ele>1142.1999816894531</ele></trkpt><trkpt lat="46.3747615320608" lon="8.120069958269596"><ele>1143.0</ele></trkpt><trkpt lat="46.374820300377905" lon="8.120170773472637"><ele>1145.6999816894531</ele></trkpt><trkpt lat="46.37493047397584" lon="8.12025013845414"><ele>1146.7999877929688</ele></trkpt><trkpt lat="46.37516029365361" lon="8.12032970553264"><ele>1151.2999877929688</ele></trkpt><trkpt lat="46.375229980330914" lon="8.120409863069654"><ele>1152.7999877929688</ele></trkpt><trkpt lat="46.37525036511943" lon="8.12046080827713"><ele>1153.3999938964844</ele></trkpt><trkpt lat="46.37528029317036" lon="8.120570360682905"><ele>1155.0</ele></trkpt><trkpt lat="46.37529996689409" lon="8.120739571750164"><ele>1157.1999816894531</ele></trkpt><trkpt lat="46.375350148417056" lon="8.121520038228482"><ele>1168.0</ele></trkpt><trkpt lat="46.37535642134026" lon="8.12152401637286"><ele>1168.0</ele></trkpt><trkpt lat="46.37535642134026" lon="8.12152401637286"><ele>1168.0</ele></trkpt><trkpt lat="46.37535642134026" lon="8.12152401637286"><ele>1168.0</ele></trkpt><trkpt lat="46.375350148417056" lon="8.121520038228482"><ele>1168.0</ele></trkpt><trkpt lat="46.3754303236492" lon="8.121800487861037"><ele>1171.8999938964844</ele></trkpt><trkpt lat="46.37558028893545" lon="8.12274078046903"><ele>1183.7999877929688</ele></trkpt><trkpt lat="46.375620109029114" lon="8.122850459534675"><ele>1184.5999755859375</ele></trkpt><trkpt lat="46.37577147874981" lon="8.12296024337411"><ele>1184.7999877929688</ele></trkpt><trkpt lat="46.375830369535834" lon="8.123040269128978"><ele>1184.7999877929688</ele></trkpt><trkpt lat="46.37588997883722" lon="8.123150197789073"><ele>1184.7999877929688</ele></trkpt><trkpt lat="46.375949821434915" lon="8.12337060784921"><ele>1185.5999755859375</ele></trkpt><trkpt lat="46.37598040001467" lon="8.123669933527708"><ele>1187.5999755859375</ele></trkpt><trkpt lat="46.376019976101816" lon="8.123819903004915"><ele>1188.7999877929688</ele></trkpt><trkpt lat="46.37606020504609" lon="8.124159643426538"><ele>1192.2999877929688</ele></trkpt><trkpt lat="46.37606006395072" lon="8.12448067869991"><ele>1195.0999755859375</ele></trkpt><trkpt lat="46.37604992557317" lon="8.124520842451602"><ele>1195.5999755859375</ele></trkpt><trkpt lat="46.3759001721628" lon="8.124590438324958"><ele>1198.7999877929688</ele></trkpt><trkpt lat="46.3758304216899" lon="8.124670141842216"><ele>1200.5999755859375</ele></trkpt><trkpt lat="46.375801569316536" lon="8.124829645268619"><ele>1201.2999877929688</ele></trkpt><trkpt lat="46.3759300429374" lon="8.125600713770837"><ele>1204.2999877929688</ele></trkpt><trkpt lat="46.375920477323234" lon="8.125991814304143"><ele>1206.0999755859375</ele></trkpt><trkpt lat="46.37606013054028" lon="8.126549871638417"><ele>1210.0</ele></trkpt><trkpt lat="46.37616008287296" lon="8.126830582506955"><ele>1212.0999755859375</ele></trkpt><trkpt lat="46.37621152307838" lon="8.127100281883031"><ele>1215.5999755859375</ele></trkpt><trkpt lat="46.376310700550675" lon="8.127360188867897"><ele>1218.5</ele></trkpt><trkpt lat="46.37637145072222" lon="8.127429845742881"><ele>1219.2999877929688</ele></trkpt><trkpt lat="46.37671003630385" lon="8.127670694608241"><ele>1223.3999938964844</ele></trkpt><trkpt lat="46.37685024412349" lon="8.127840142231435"><ele>1225.2999877929688</ele></trkpt><trkpt lat="46.37711044261232" lon="8.128100796137005"><ele>1223.2999877929688</ele></trkpt><trkpt lat="46.377241583075374" lon="8.128281828947365"><ele>1224.3999938964844</ele></trkpt><trkpt lat="46.37727019423619" lon="8.128310787025839"><ele>1224.3999938964844</ele></trkpt><trkpt lat="46.37736015487462" lon="8.128310629166663"><ele>1224.2999877929688</ele></trkpt><trkpt lat="46.37743014423177" lon="8.128340112511069"><ele>1223.5999755859375</ele></trkpt><trkpt lat="46.37787993811071" lon="8.129080201499164"><ele>1223.0</ele></trkpt><trkpt lat="46.37788168201223" lon="8.129089321941137"><ele>1223.0</ele></trkpt><trkpt lat="46.37788168201223" lon="8.129089321941137"><ele>1223.0</ele></trkpt><trkpt lat="46.37788168201223" lon="8.129089321941137"><ele>1223.0</ele></trkpt><trkpt lat="46.37787993811071" lon="8.129080201499164"><ele>1223.0</ele></trkpt><trkpt lat="46.37792148813605" lon="8.12920030998066"><ele>1223.5999755859375</ele></trkpt><trkpt lat="46.377960157580674" lon="8.12935027712956"><ele>1223.5999755859375</ele></trkpt><trkpt lat="46.37805034825578" lon="8.13005071086809"><ele>1225.2999877929688</ele></trkpt><trkpt lat="46.37824986455962" lon="8.130820129532367"><ele>1226.8999938964844</ele></trkpt><trkpt lat="46.378349805716425" lon="8.131100859493017"><ele>1228.0</ele></trkpt><trkpt lat="46.378510240931064" lon="8.131639721803367"><ele>1224.2999877929688</ele></trkpt><trkpt lat="46.378530191257596" lon="8.131760857533664"><ele>1222.8999938964844</ele></trkpt><trkpt lat="46.37855038139969" lon="8.13198987999931"><ele>1220.2999877929688</ele></trkpt><trkpt lat="46.378701442852616" lon="8.132589717861265"><ele>1215.3999938964844</ele></trkpt><trkpt lat="46.37878151098266" lon="8.133030076045543"><ele>1214.7999877929688</ele></trkpt><trkpt lat="46.37883000634611" lon="8.13319057226181"><ele>1214.7999877929688</ele></trkpt><trkpt lat="46.3789414758794" lon="8.133350574411452"><ele>1213.7999877929688</ele></trkpt><trkpt lat="46.37929005268961" lon="8.133720279671252"><ele>1205.0999755859375</ele></trkpt><trkpt lat="46.37945044552907" lon="8.133970597293228"><ele>1202.1999816894531</ele></trkpt><trkpt lat="46.37966025620699" lon="8.134230648633093"><ele>1200.1999816894531</ele></trkpt><trkpt lat="46.379769823048264" lon="8.134260647464544"><ele>1198.6999816894531</ele></trkpt><trkpt lat="46.37990069296211" lon="8.13419083179906"><ele>1197.1999816894531</ele></trkpt><trkpt lat="46.379990324843675" lon="8.134390854276717"><ele>1195.0999755859375</ele></trkpt><trkpt lat="46.38007145607844" lon="8.134510178118944"><ele>1192.0</ele></trkpt><trkpt lat="46.38012156402692" lon="8.134700595866889"><ele>1188.6999816894531</ele></trkpt><trkpt lat="46.38024020893499" lon="8.13501017773524"><ele>1181.7999877929688</ele></trkpt><trkpt lat="46.380380377639085" lon="8.135330436285585"><ele>1176.8999938964844</ele></trkpt><trkpt lat="46.38046992523596" lon="8.135690342634916"><ele>1175.7999877929688</ele></trkpt><trkpt lat="46.38059030286968" lon="8.136010350193828"><ele>1171.7999877929688</ele></trkpt><trkpt lat="46.380630414001644" lon="8.136070658452809"><ele>1171.5</ele></trkpt><trkpt lat="46.38077985169366" lon="8.136199962347746"><ele>1168.8999938964844</ele></trkpt><trkpt lat="46.38084995839745" lon="8.136209961026907"><ele>1167.1999816894531</ele></trkpt><trkpt lat="46.3809000919573" lon="8.136249600443989"><ele>1166.0</ele></trkpt><trkpt lat="46.38094032276422" lon="8.136290412396193"><ele>1165.0999755859375</ele></trkpt><trkpt lat="46.381051539909095" lon="8.136490719392896"><ele>1161.8999938964844</ele></trkpt><trkpt lat="46.38115025591105" lon="8.136529683601111"><ele>1161.6999816894531</ele></trkpt><trkpt lat="46.381390324793756" lon="8.136549664661288"><ele>1157.5</ele></trkpt><trkpt lat="46.38167990325019" lon="8.136710669379681"><ele>1152.3999938964844</ele></trkpt><trkpt lat="46.381761400494725" lon="8.136770211160183"><ele>1152.6999816894531</ele></trkpt><trkpt lat="46.382020491641015" lon="8.137060812674463"><ele>1135.3999938964844</ele></trkpt><trkpt lat="46.382119957357645" lon="8.137270072940737"><ele>1130.1999816894531</ele></trkpt><trkpt lat="46.38217980088666" lon="8.13733973633498"><ele>1128.5</ele></trkpt><trkpt lat="46.38218143582344" lon="8.137220166623592"><ele>1122.8999938964844</ele></trkpt><trkpt lat="46.38210020773113" lon="8.136970843188465"><ele>1121.5999755859375</ele></trkpt><trkpt lat="46.382179968990386" lon="8.137019963469356"><ele>1117.6999816894531</ele></trkpt><trkpt lat="46.38233028259128" lon="8.136860709171742"><ele>1117.6999816894531</ele></trkpt><trkpt lat="46.382400169968605" lon="8.13676021527499"><ele>1116.7999877929688</ele></trkpt><trkpt lat="46.38234047405422" lon="8.136520267929882"><ele>1118.8999938964844</ele></trkpt><trkpt lat="46.382270387373865" lon="8.136360780801624"><ele>1120.5</ele></trkpt><trkpt lat="46.382229793351144" lon="8.135940395761281"><ele>1129.5</ele></trkpt><trkpt lat="46.382141458801925" lon="8.135529798455536"><ele>1138.0999755859375</ele></trkpt><trkpt lat="46.38197019463405" lon="8.13499985076487"><ele>1154.1999816894531</ele></trkpt><trkpt lat="46.381930138450116" lon="8.134930443484336"><ele>1154.2999877929688</ele></trkpt><trkpt lat="46.38190028909594" lon="8.134810471907258"><ele>1156.0</ele></trkpt><trkpt lat="46.38190984306857" lon="8.134719602763653"><ele>1157.5999755859375</ele></trkpt><trkpt lat="46.38170153927058" lon="8.134360767900944"><ele>1163.5</ele></trkpt><trkpt lat="46.38173141516745" lon="8.134329953696579"><ele>1164.2999877929688</ele></trkpt><trkpt lat="46.3817502418533" lon="8.134340594056994"><ele>1164.8999938964844</ele></trkpt><trkpt lat="46.381753807887435" lon="8.134345839265734"><ele>1164.8999938964844</ele></trkpt><trkpt lat="46.381753807887435" lon="8.134345839265734"><ele>1164.8999938964844</ele></trkpt><trkpt lat="46.381753807887435" lon="8.134345839265734"><ele>1164.8999938964844</ele></trkpt><trkpt lat="46.3817502418533" lon="8.134340594056994"><ele>1164.8999938964844</ele></trkpt><trkpt lat="46.381841571535915" lon="8.134410657454282"><ele>1167.2999877929688</ele></trkpt><trkpt lat="46.38187048397958" lon="8.13439022982493"><ele>1167.5</ele></trkpt><trkpt lat="46.38192141614854" lon="8.13429989060387"><ele>1170.3999938964844</ele></trkpt><trkpt lat="46.382040140684694" lon="8.13401023671031"><ele>1174.2999877929688</ele></trkpt><trkpt lat="46.38233015779406" lon="8.133660378865898"><ele>1182.6999816894531</ele></trkpt><trkpt lat="46.38242989452556" lon="8.133679854217917"><ele>1185.5</ele></trkpt><trkpt lat="46.38267044350505" lon="8.133621836546808"><ele>1189.6999816894531</ele></trkpt><trkpt lat="46.382891568820924" lon="8.13365066377446"><ele>1191.7999877929688</ele></trkpt><trkpt lat="46.38300156593323" lon="8.133610473945737"><ele>1192.5999755859375</ele></trkpt><trkpt lat="46.38305045105517" lon="8.133560403250158"><ele>1193.7999877929688</ele></trkpt><trkpt lat="46.38309040479362" lon="8.133499818388373"><ele>1194.7999877929688</ele></trkpt><trkpt lat="46.38313983939588" lon="8.133360060397536"><ele>1196.5</ele></trkpt><trkpt lat="46.38316983450204" lon="8.133309747558087"><ele>1197.1999816894531</ele></trkpt><trkpt lat="46.38326038373634" lon="8.13291963050142"><ele>1197.2999877929688</ele></trkpt><trkpt lat="46.383401424158365" lon="8.132510658819228"><ele>1198.7999877929688</ele></trkpt><trkpt lat="46.38359998585656" lon="8.132110218983144"><ele>1201.0</ele></trkpt><trkpt lat="46.383799916133285" lon="8.131779989693314"><ele>1204.3999938964844</ele></trkpt><trkpt lat="46.38398989289999" lon="8.131311838515103"><ele>1208.2999877929688</ele></trkpt><trkpt lat="46.38403152534738" lon="8.131270771380514"><ele>1208.7999877929688</ele></trkpt><trkpt lat="46.38408017158508" lon="8.131259692367166"><ele>1209.0999755859375</ele></trkpt><trkpt lat="46.384260029532015" lon="8.131269785109907"><ele>1210.5999755859375</ele></trkpt><trkpt lat="46.38436989951879" lon="8.131250387057662"><ele>1211.7999877929688</ele></trkpt><trkpt lat="46.384480078704655" lon="8.131180294789374"><ele>1213.5</ele></trkpt><trkpt lat="46.384549834765494" lon="8.131100587546825"><ele>1215.1999816894531</ele></trkpt><trkpt lat="46.38455161778256" lon="8.131103210616857"><ele>1215.1999816894531</ele></trkpt><trkpt lat="46.38455161778256" lon="8.131103210616857"><ele>1215.1999816894531</ele></trkpt><trkpt lat="46.38455161778256" lon="8.131103210616857"><ele>1215.1999816894531</ele></trkpt><trkpt lat="46.384549834765494" lon="8.131100587546825"><ele>1215.1999816894531</ele></trkpt><trkpt lat="46.38459003297612" lon="8.130999704357237"><ele>1217.0</ele></trkpt><trkpt lat="46.38464140333235" lon="8.130689672194421"><ele>1221.0999755859375</ele></trkpt><trkpt lat="46.38473157165572" lon="8.130360634066164"><ele>1225.0</ele></trkpt><trkpt lat="46.38476150203496" lon="8.130320716649294"><ele>1225.6999816894531</ele></trkpt><trkpt lat="46.38489987514913" lon="8.130200283136219"><ele>1228.6999816894531</ele></trkpt><trkpt lat="46.3849602076225" lon="8.130190651863813"><ele>1230.6999816894531</ele></trkpt><trkpt lat="46.38511048909277" lon="8.130330361425877"><ele>1236.3999938964844</ele></trkpt><trkpt lat="46.38531042682007" lon="8.130440805107355"><ele>1241.0999755859375</ele></trkpt><trkpt lat="46.385461492463946" lon="8.13045182870701"><ele>1243.0999755859375</ele></trkpt><trkpt lat="46.38557983841747" lon="8.130370137747377"><ele>1244.6999816894531</ele></trkpt><trkpt lat="46.38578980928287" lon="8.13031041296199"><ele>1247.0999755859375</ele></trkpt><trkpt lat="46.38580048503354" lon="8.130330048501492"><ele>1247.2999877929688</ele></trkpt><trkpt lat="46.38583070412278" lon="8.130390232428908"><ele>1246.8999938964844</ele></trkpt><trkpt lat="46.38576041441411" lon="8.130410137120634"><ele>1247.2999877929688</ele></trkpt><trkpt lat="46.38566001178697" lon="8.130499856546521"><ele>1247.6999816894531</ele></trkpt><trkpt lat="46.38549038115889" lon="8.130730391014367"><ele>1248.5999755859375</ele></trkpt><trkpt lat="46.38544029649347" lon="8.13082985021174"><ele>1249.0999755859375</ele></trkpt><trkpt lat="46.38544045807794" lon="8.130950749386102"><ele>1249.3999938964844</ele></trkpt><trkpt lat="46.38551000552252" lon="8.131199929863214"><ele>1249.8999938964844</ele></trkpt><trkpt lat="46.385531581006944" lon="8.131349701900035"><ele>1250.2999877929688</ele></trkpt><trkpt lat="46.38551986590028" lon="8.131500348914415"><ele>1250.6999816894531</ele></trkpt><trkpt lat="46.38545015221462" lon="8.13172045443207"><ele>1251.0999755859375</ele></trkpt><trkpt lat="46.38537031877786" lon="8.131829933263361"><ele>1251.2999877929688</ele></trkpt><trkpt lat="46.385301461908966" lon="8.131909652147442"><ele>1251.2999877929688</ele></trkpt><trkpt lat="46.38516153488308" lon="8.13198976404965"><ele>1251.3999938964844</ele></trkpt><trkpt lat="46.385000257287174" lon="8.132030604407191"><ele>1251.5999755859375</ele></trkpt><trkpt lat="46.38500006636605" lon="8.132061800919473"><ele>1251.7999877929688</ele></trkpt><trkpt lat="46.385021480266005" lon="8.132090673781931"><ele>1252.3999938964844</ele></trkpt><trkpt lat="46.385079958010465" lon="8.13209012011066"><ele>1253.0999755859375</ele></trkpt><trkpt lat="46.385539839975536" lon="8.132059591822326"><ele>1257.7999877929688</ele></trkpt><trkpt lat="46.38564011687413" lon="8.131990673486143"><ele>1259.1999816894531</ele></trkpt><trkpt lat="46.38575984816998" lon="8.13182970508933"><ele>1260.8999938964844</ele></trkpt><trkpt lat="46.385810285340995" lon="8.1318199490197"><ele>1262.0</ele></trkpt><trkpt lat="46.385841466952115" lon="8.131869746372104"><ele>1262.5999755859375</ele></trkpt><trkpt lat="46.38584032142535" lon="8.131910030730069"><ele>1263.0999755859375</ele></trkpt><trkpt lat="46.38583020819351" lon="8.132240096572787"><ele>1266.5</ele></trkpt><trkpt lat="46.385720499791205" lon="8.132380393799394"><ele>1271.0999755859375</ele></trkpt><trkpt lat="46.385561500675976" lon="8.132490162272006"><ele>1278.0</ele></trkpt><trkpt lat="46.38577991863713" lon="8.132520251441747"><ele>1278.0999755859375</ele></trkpt><trkpt lat="46.385910119861364" lon="8.132559613790363"><ele>1278.0</ele></trkpt><trkpt lat="46.386010381858796" lon="8.132640193216503"><ele>1278.0</ele></trkpt><trkpt lat="46.386120236478746" lon="8.132770295254886"><ele>1278.6999816894531</ele></trkpt><trkpt lat="46.38612919207662" lon="8.132776909507811"><ele>1278.6999816894531</ele></trkpt><trkpt lat="46.38612919207662" lon="8.132776909507811"><ele>1278.6999816894531</ele></trkpt><trkpt lat="46.38612919207662" lon="8.132776909507811"><ele>1278.6999816894531</ele></trkpt><trkpt lat="46.386120236478746" lon="8.132770295254886"><ele>1278.6999816894531</ele></trkpt><trkpt lat="46.38648020848632" lon="8.133189592510462"><ele>1279.5</ele></trkpt><trkpt lat="46.38654003897682" lon="8.133261857554317"><ele>1279.8999938964844</ele></trkpt><trkpt lat="46.386579976882786" lon="8.133350767660886"><ele>1280.1999816894531</ele></trkpt><trkpt lat="46.38668045308441" lon="8.133690052200109"><ele>1281.2999877929688</ele></trkpt><trkpt lat="46.38674009172246" lon="8.133940415456891"><ele>1282.0</ele></trkpt><trkpt lat="46.38676023110747" lon="8.134030373301357"><ele>1282.2999877929688</ele></trkpt><trkpt lat="46.38670027023181" lon="8.134419605135918"><ele>1283.5</ele></trkpt><trkpt lat="46.38669035024941" lon="8.13457027822733"><ele>1283.5999755859375</ele></trkpt><trkpt lat="46.386700227390975" lon="8.134719904512167"><ele>1284.0</ele></trkpt><trkpt lat="46.38681020075455" lon="8.135269914288074"><ele>1285.3999938964844</ele></trkpt><trkpt lat="46.386949939187616" lon="8.135660408064723"><ele>1286.8999938964844</ele></trkpt><trkpt lat="46.387029986362904" lon="8.135809635743499"><ele>1287.1999816894531</ele></trkpt><trkpt lat="46.38726023444906" lon="8.13611029367894"><ele>1287.1999816894531</ele></trkpt><trkpt lat="46.387310716323555" lon="8.136239643208683"><ele>1287.3999938964844</ele></trkpt><trkpt lat="46.38740044552833" lon="8.136569699272513"><ele>1287.5</ele></trkpt><trkpt lat="46.387430081143975" lon="8.136870383750647"><ele>1288.0</ele></trkpt><trkpt lat="46.38743001082912" lon="8.137320188805461"><ele>1288.6999816894531</ele></trkpt><trkpt lat="46.38745043054223" lon="8.137510254047811"><ele>1289.0999755859375</ele></trkpt><trkpt lat="46.38746155006811" lon="8.137749600224197"><ele>1289.1999816894531</ele></trkpt><trkpt lat="46.38750154431909" lon="8.138120620045811"><ele>1289.8999938964844</ele></trkpt><trkpt lat="46.387490110471845" lon="8.138370076194406"><ele>1290.2999877929688</ele></trkpt><trkpt lat="46.38761036284268" lon="8.139000835362822"><ele>1290.6999816894531</ele></trkpt><trkpt lat="46.387619929388165" lon="8.139199862256646"><ele>1290.7999877929688</ele></trkpt><trkpt lat="46.38763993605971" lon="8.139310622122139"><ele>1290.7999877929688</ele></trkpt><trkpt lat="46.38768988382071" lon="8.139380167238414"><ele>1290.7999877929688</ele></trkpt><trkpt lat="46.387771564070135" lon="8.139409821480513"><ele>1290.7999877929688</ele></trkpt><trkpt lat="46.38795989472419" lon="8.139650156721473"><ele>1291.1999816894531</ele></trkpt><trkpt lat="46.38813159940764" lon="8.139960480388254"><ele>1290.7999877929688</ele></trkpt><trkpt lat="46.38830991368741" lon="8.140220189932734"><ele>1291.8999938964844</ele></trkpt><trkpt lat="46.388580043334514" lon="8.140470687299967"><ele>1293.0</ele></trkpt><trkpt lat="46.38858542451635" lon="8.140473356936127"><ele>1293.0</ele></trkpt><trkpt lat="46.38858542451635" lon="8.140473356936127"><ele>1293.0</ele></trkpt><trkpt lat="46.38858542451635" lon="8.140473356936127"><ele>1293.0</ele></trkpt><trkpt lat="46.388580043334514" lon="8.140470687299967"><ele>1293.0</ele></trkpt><trkpt lat="46.388890008907765" lon="8.140680100303143"><ele>1292.6999816894531</ele></trkpt><trkpt lat="46.38927147118375" lon="8.140820236876607"><ele>1292.3999938964844</ele></trkpt><trkpt lat="46.38959147781134" lon="8.140860775485635"><ele>1294.2999877929688</ele></trkpt><trkpt lat="46.389951440971345" lon="8.140840726904571"><ele>1292.0</ele></trkpt><trkpt lat="46.39007000159472" lon="8.140870861243457"><ele>1292.0</ele></trkpt><trkpt lat="46.3901702654548" lon="8.140950162429363"><ele>1291.0999755859375</ele></trkpt><trkpt lat="46.39039026899263" lon="8.14115972071886"><ele>1289.6999816894531</ele></trkpt><trkpt lat="46.39068036759272" lon="8.14167181076482"><ele>1296.2999877929688</ele></trkpt><trkpt lat="46.39141020271927" lon="8.14250032743439"><ele>1296.0</ele></trkpt><trkpt lat="46.39155013812706" lon="8.142710159532726"><ele>1297.8999938964844</ele></trkpt><trkpt lat="46.392111546359956" lon="8.14328039297834"><ele>1298.8999938964844</ele></trkpt><trkpt lat="46.39267005957663" lon="8.143881803844124"><ele>1300.3999938964844</ele></trkpt><trkpt lat="46.39273009356111" lon="8.143920287489891"><ele>1300.1999816894531</ele></trkpt><trkpt lat="46.393030032049865" lon="8.14386047469452"><ele>1301.5999755859375</ele></trkpt><trkpt lat="46.39315141970292" lon="8.143869851715863"><ele>1302.1999816894531</ele></trkpt><trkpt lat="46.393580245785415" lon="8.144060043152422"><ele>1302.0</ele></trkpt><trkpt lat="46.3938201549463" lon="8.144250383600593"><ele>1302.7999877929688</ele></trkpt><trkpt lat="46.393860205542296" lon="8.144319812767208"><ele>1303.6999816894531</ele></trkpt><trkpt lat="46.39388985931873" lon="8.144469717983156"><ele>1303.2999877929688</ele></trkpt><trkpt lat="46.39387992536649" lon="8.144620408769697"><ele>1302.5999755859375</ele></trkpt><trkpt lat="46.3938001957722" lon="8.145000322721899"><ele>1304.0</ele></trkpt><trkpt lat="46.393800407182425" lon="8.14511083997786"><ele>1304.5</ele></trkpt><trkpt lat="46.39383147843182" lon="8.145321871619672"><ele>1304.6999816894531</ele></trkpt><trkpt lat="46.393880158662796" lon="8.145449921954423"><ele>1304.0</ele></trkpt><trkpt lat="46.39398016035557" lon="8.145570839289576"><ele>1303.7999877929688</ele></trkpt><trkpt lat="46.394040315411985" lon="8.14558982476592"><ele>1304.5</ele></trkpt><trkpt lat="46.3941501872614" lon="8.145570451859385"><ele>1303.7999877929688</ele></trkpt><trkpt lat="46.39427144546062" lon="8.145600634161383"><ele>1304.5999755859375</ele></trkpt><trkpt lat="46.39442028058693" lon="8.145680582150817"><ele>1303.5</ele></trkpt><trkpt lat="46.39471029303968" lon="8.14577017026022"><ele>1304.5</ele></trkpt><trkpt lat="46.39494155254215" lon="8.145760179497302"><ele>1306.1999816894531</ele></trkpt><trkpt lat="46.395050095394254" lon="8.145809699781239"><ele>1306.5999755859375</ele></trkpt><trkpt lat="46.39514033170417" lon="8.14590969029814"><ele>1306.0</ele></trkpt><trkpt lat="46.3953114929609" lon="8.146160258445889"><ele>1306.7999877929688</ele></trkpt><trkpt lat="46.39531415887177" lon="8.146165493875742"><ele>1306.7999877929688</ele></trkpt><trkpt lat="46.39531415887177" lon="8.146165493875742"><ele>1306.7999877929688</ele></trkpt><trkpt lat="46.39531415887177" lon="8.146165493875742"><ele>1306.7999877929688</ele></trkpt><trkpt lat="46.3953114929609" lon="8.146160258445889"><ele>1306.7999877929688</ele></trkpt><trkpt lat="46.39546029502526" lon="8.146389733999968"><ele>1307.7999877929688</ele></trkpt><trkpt lat="46.395530303008854" lon="8.14655967336148"><ele>1307.6999816894531</ele></trkpt><trkpt lat="46.39557043137029" lon="8.146760428790003"><ele>1305.1999816894531</ele></trkpt><trkpt lat="46.39563047932461" lon="8.146940641570836"><ele>1306.5</ele></trkpt><trkpt lat="46.39572040596977" lon="8.14709003875032"><ele>1304.5999755859375</ele></trkpt><trkpt lat="46.39590993663296" lon="8.147279742639512"><ele>1305.1999816894531</ele></trkpt><trkpt lat="46.396311454474926" lon="8.147520323749632"><ele>1307.0999755859375</ele></trkpt><trkpt lat="46.39650015020743" lon="8.147699618712068"><ele>1307.6999816894531</ele></trkpt><trkpt lat="46.39674991276115" lon="8.148039641790092"><ele>1308.7999877929688</ele></trkpt><trkpt lat="46.3969204435125" lon="8.148390335496515"><ele>1312.3999938964844</ele></trkpt><trkpt lat="46.39732046285644" lon="8.148870157077909"><ele>1318.2999877929688</ele></trkpt><trkpt lat="46.397499995306134" lon="8.149219675455242"><ele>1326.2999877929688</ele></trkpt><trkpt lat="46.39768022997305" lon="8.149600411299616"><ele>1332.1999816894531</ele></trkpt><trkpt lat="46.39815156767145" lon="8.150469965301454"><ele>1339.7999877929688</ele></trkpt><trkpt lat="46.398720112629235" lon="8.151330407708883"><ele>1347.5999755859375</ele></trkpt><trkpt lat="46.398990225512534" lon="8.151579708326608"><ele>1347.0999755859375</ele></trkpt><trkpt lat="46.39929028460756" lon="8.151930828113109"><ele>1348.3999938964844</ele></trkpt><trkpt lat="46.39957022573799" lon="8.152190665714443"><ele>1347.8999938964844</ele></trkpt><trkpt lat="46.39999048318714" lon="8.15273972088471"><ele>1347.8999938964844</ele></trkpt><trkpt lat="46.40005012182519" lon="8.152840630151331"><ele>1350.0</ele></trkpt><trkpt lat="46.400080018211156" lon="8.152950250543654"><ele>1349.3999938964844</ele></trkpt><trkpt lat="46.40007997583598" lon="8.153099786490202"><ele>1348.0999755859375</ele></trkpt><trkpt lat="46.4000398395583" lon="8.153330716304481"><ele>1351.5999755859375</ele></trkpt><trkpt lat="46.400030214339495" lon="8.153430714737624"><ele>1354.3999938964844</ele></trkpt><trkpt lat="46.400029983371496" lon="8.153610155917704"><ele>1353.5</ele></trkpt><trkpt lat="46.40005036117509" lon="8.153659836389124"><ele>1353.7999877929688</ele></trkpt><trkpt lat="46.4001401825808" lon="8.15368182444945"><ele>1353.5999755859375</ele></trkpt><trkpt lat="46.4003402790986" lon="8.153620742727071"><ele>1355.3999938964844</ele></trkpt><trkpt lat="46.400529973208904" lon="8.15364014543593"><ele>1360.5</ele></trkpt><trkpt lat="46.400681427679956" lon="8.153731862548739"><ele>1360.2999877929688</ele></trkpt><trkpt lat="46.40084005147219" lon="8.153970613144338"><ele>1359.3999938964844</ele></trkpt><trkpt lat="46.40144994203001" lon="8.1546899410896"><ele>1361.0</ele></trkpt><trkpt lat="46.40179005591199" lon="8.155249680858105"><ele>1362.7999877929688</ele></trkpt><trkpt lat="46.40213023731485" lon="8.155940766446292"><ele>1366.7999877929688</ele></trkpt><trkpt lat="46.403141452465206" lon="8.157210305333138"><ele>1366.0999755859375</ele></trkpt><trkpt lat="46.40327011141926" lon="8.157349850516766"><ele>1366.8999938964844</ele></trkpt><trkpt lat="46.40333145717159" lon="8.157180308829993"><ele>1361.8999938964844</ele></trkpt><trkpt lat="46.403331416193396" lon="8.157186810392886"><ele>1361.8999938964844</ele></trkpt><trkpt lat="46.403331416193396" lon="8.157186810392886"><ele>1361.8999938964844</ele></trkpt><trkpt lat="46.403331416193396" lon="8.157186810392886"><ele>1361.8999938964844</ele></trkpt><trkpt lat="46.40333145717159" lon="8.157180308829993"><ele>1361.8999938964844</ele></trkpt><trkpt lat="46.40327011141926" lon="8.157349850516766"><ele>1366.8999938964844</ele></trkpt><trkpt lat="46.403430187143385" lon="8.157500214409083"><ele>1365.8999938964844</ele></trkpt><trkpt lat="46.403641478624195" lon="8.157660361379385"><ele>1367.5</ele></trkpt><trkpt lat="46.40380149660632" lon="8.157819829881191"><ele>1367.6999816894531</ele></trkpt><trkpt lat="46.40404049213976" lon="8.158150700386614"><ele>1368.7999877929688</ele></trkpt><trkpt lat="46.40426157042384" lon="8.158469632267952"><ele>1368.0</ele></trkpt><trkpt lat="46.40450993878767" lon="8.158740812446922"><ele>1366.6999816894531</ele></trkpt><trkpt lat="46.404580316506326" lon="8.158849681727588"><ele>1367.5</ele></trkpt><trkpt lat="46.40462015941739" lon="8.158950343728065"><ele>1368.0</ele></trkpt><trkpt lat="46.40470038121566" lon="8.159350640606135"><ele>1368.2999877929688</ele></trkpt><trkpt lat="46.40472142305225" lon="8.159720243420452"><ele>1369.5</ele></trkpt><trkpt lat="46.404821570031345" lon="8.160240447614342"><ele>1368.3999938964844</ele></trkpt><trkpt lat="46.40486005973071" lon="8.16027086880058"><ele>1368.5</ele></trkpt><trkpt lat="46.4049599817954" lon="8.160260493401438"><ele>1371.0999755859375</ele></trkpt><trkpt lat="46.405010231304914" lon="8.16028066771105"><ele>1371.7999877929688</ele></trkpt><trkpt lat="46.40504043456167" lon="8.16034088935703"><ele>1372.0999755859375</ele></trkpt><trkpt lat="46.40507020475343" lon="8.160610476043075"><ele>1367.0999755859375</ele></trkpt><trkpt lat="46.40512154344469" lon="8.16060075443238"><ele>1363.0999755859375</ele></trkpt><trkpt lat="46.40515161585063" lon="8.160540033131838"><ele>1361.1999816894531</ele></trkpt><trkpt lat="46.40522998617962" lon="8.160240671597421"><ele>1361.7999877929688</ele></trkpt><trkpt lat="46.40528152324259" lon="8.160199741832912"><ele>1358.5</ele></trkpt><trkpt lat="46.40547043690458" lon="8.160199648700655"><ele>1343.2999877929688</ele></trkpt><trkpt lat="46.40557157667354" lon="8.160280318465084"><ele>1333.3999938964844</ele></trkpt><trkpt lat="46.405610197689384" lon="8.160289934370667"><ele>1329.7999877929688</ele></trkpt><trkpt lat="46.40565009927377" lon="8.160239746794105"><ele>1329.5</ele></trkpt><trkpt lat="46.40567026939243" lon="8.160180194303393"><ele>1330.6999816894531</ele></trkpt><trkpt lat="46.4057998736389" lon="8.160170210525393"><ele>1321.2999877929688</ele></trkpt><trkpt lat="46.40585009614006" lon="8.159770337399095"><ele>1330.7999877929688</ele></trkpt><trkpt lat="46.40594017272815" lon="8.159610275179148"><ele>1326.5</ele></trkpt><trkpt lat="46.405980073381215" lon="8.159560086671263"><ele>1323.0999755859375</ele></trkpt><trkpt lat="46.406079994514585" lon="8.159549708478153"><ele>1320.8999938964844</ele></trkpt><trkpt lat="46.406180288176984" lon="8.159480814356357"><ele>1320.5</ele></trkpt><trkpt lat="46.40623002592474" lon="8.159439859446138"><ele>1320.0999755859375</ele></trkpt><trkpt lat="46.40633005509153" lon="8.159270824864507"><ele>1316.5</ele></trkpt><trkpt lat="46.406670024152845" lon="8.158999632578343"><ele>1302.6999816894531</ele></trkpt><trkpt lat="46.40667089028284" lon="8.159004845656455"><ele>1302.6999816894531</ele></trkpt><trkpt lat="46.40667089028284" lon="8.159004845656455"><ele>1302.6999816894531</ele></trkpt><trkpt lat="46.40667089028284" lon="8.159004845656455"><ele>1302.6999816894531</ele></trkpt><trkpt lat="46.406670024152845" lon="8.158999632578343"><ele>1302.6999816894531</ele></trkpt><trkpt lat="46.40680032270029" lon="8.15888041537255"><ele>1299.3999938964844</ele></trkpt><trkpt lat="46.40682036802173" lon="8.158840366173536"><ele>1299.0</ele></trkpt><trkpt lat="46.40682143159211" lon="8.158530864398926"><ele>1295.6999816894531</ele></trkpt><trkpt lat="46.40691049164161" lon="8.158530743792653"><ele>1290.7999877929688</ele></trkpt><trkpt lat="46.407000137958676" lon="8.158580049406737"><ele>1284.5999755859375</ele></trkpt><trkpt lat="46.40702018234879" lon="8.158539999742061"><ele>1282.0</ele></trkpt><trkpt lat="46.40705027524382" lon="8.158191864844412"><ele>1267.0</ele></trkpt><trkpt lat="46.407000213395804" lon="8.158000029157847"><ele>1263.5999755859375</ele></trkpt><trkpt lat="46.40727999759838" lon="8.158140285871923"><ele>1252.8999938964844</ele></trkpt><trkpt lat="46.4071700302884" lon="8.157890433911234"><ele>1248.8999938964844</ele></trkpt><trkpt lat="46.40731982095167" lon="8.157960042823106"><ele>1242.5</ele></trkpt><trkpt lat="46.407360488083214" lon="8.157930668909103"><ele>1236.1999816894531</ele></trkpt><trkpt lat="46.407311459537596" lon="8.157859792932868"><ele>1237.3999938964844</ele></trkpt><trkpt lat="46.40728156734258" lon="8.157750154845417"><ele>1234.7999877929688</ele></trkpt><trkpt lat="46.407280336134136" lon="8.157660404220223"><ele>1231.3999938964844</ele></trkpt><trkpt lat="46.40732042584568" lon="8.157580303959548"><ele>1230.5999755859375</ele></trkpt><trkpt lat="46.407419950235635" lon="8.157490586861968"><ele>1230.1999816894531</ele></trkpt><trkpt lat="46.40750008216128" lon="8.157479943241924"><ele>1231.3999938964844</ele></trkpt><trkpt lat="46.40755006670952" lon="8.15739997383207"><ele>1231.5999755859375</ele></trkpt><trkpt lat="46.40767002524808" lon="8.157350842375308"><ele>1232.6999816894531</ele></trkpt><trkpt lat="46.407590392977" lon="8.157140406779945"><ele>1229.6999816894531</ele></trkpt><trkpt lat="46.40748993167654" lon="8.15695180511102"><ele>1226.6999816894531</ele></trkpt><trkpt lat="46.407494388055056" lon="8.156958366278559"><ele>1226.6999816894531</ele></trkpt><trkpt lat="46.407494388055056" lon="8.156958366278559"><ele>1226.6999816894531</ele></trkpt><trkpt lat="46.40748993959278" lon="8.156950504519045"><ele>1226.6999816894531</ele></trkpt><trkpt lat="46.40738066891208" lon="8.156590121332556"><ele>1223.0999755859375</ele></trkpt><trkpt lat="46.407060370314866" lon="8.156169728841633"><ele>1217.5</ele></trkpt><trkpt lat="46.406999826896936" lon="8.156070091295987"><ele>1216.0999755859375</ele></trkpt><trkpt lat="46.40695014409721" lon="8.155960193835199"><ele>1214.7999877929688</ele></trkpt><trkpt lat="46.406840027775615" lon="8.155590701382607"><ele>1210.0</ele></trkpt><trkpt lat="46.40663026133552" lon="8.154760825447738"><ele>1199.3999938964844</ele></trkpt><trkpt lat="46.4066000408493" lon="8.154560152906924"><ele>1197.8999938964844</ele></trkpt><trkpt lat="46.40661050193012" lon="8.154470557812601"><ele>1197.7999877929688</ele></trkpt><trkpt lat="46.40668036136776" lon="8.154519596137106"><ele>1197.7999877929688</ele></trkpt><trkpt lat="46.406910402234644" lon="8.154560343362391"><ele>1198.8999938964844</ele></trkpt><trkpt lat="46.40692986641079" lon="8.15446956595406"><ele>1198.7999877929688</ele></trkpt><trkpt lat="46.40703001944348" lon="8.154279713984579"><ele>1197.5999755859375</ele></trkpt><trkpt lat="46.4074806352146" lon="8.154150400776416"><ele>1198.3999938964844</ele></trkpt><trkpt lat="46.407482417766005" lon="8.154153025243431"><ele>1198.3999938964844</ele></trkpt><trkpt lat="46.407482417766005" lon="8.154153025243431"><ele>1198.3999938964844</ele></trkpt><trkpt lat="46.4074806352146" lon="8.154150400776416"><ele>1198.3999938964844</ele></trkpt><trkpt lat="46.407800688408315" lon="8.154040173627436"><ele>1199.3999938964844</ele></trkpt><trkpt lat="46.40791043872014" lon="8.154040319379419"><ele>1200.3999938964844</ele></trkpt><trkpt lat="46.408449933864176" lon="8.15451041329652"><ele>1202.0999755859375</ele></trkpt><trkpt lat="46.40872061951086" lon="8.15481050312519"><ele>1203.8999938964844</ele></trkpt><trkpt lat="46.408729574177414" lon="8.154817123897374"><ele>1203.8999938964844</ele></trkpt><trkpt lat="46.408729574177414" lon="8.154817123897374"><ele>1203.8999938964844</ele></trkpt><trkpt lat="46.408729574177414" lon="8.154817123897374"><ele>1203.8999938964844</ele></trkpt><trkpt lat="46.408721511252224" lon="8.154811815358698"><ele>1203.8999938964844</ele></trkpt><trkpt lat="46.408809940330684" lon="8.154911822173744"><ele>1204.3999938964844</ele></trkpt><trkpt lat="46.4091914719902" lon="8.155180864501745"><ele>1205.0</ele></trkpt><trkpt lat="46.40931047219783" lon="8.155140817631036"><ele>1205.0</ele></trkpt><trkpt lat="46.40941983181983" lon="8.15506032621488"><ele>1204.8999938964844</ele></trkpt><trkpt lat="46.40943999867886" lon="8.15500076720491"><ele>1204.5</ele></trkpt><trkpt lat="46.409440433606505" lon="8.154931843746454"><ele>1204.0</ele></trkpt><trkpt lat="46.40928028291091" lon="8.15465011401102"><ele>1201.6999816894531</ele></trkpt><trkpt lat="46.409059970173985" lon="8.154350685887039"><ele>1199.5</ele></trkpt><trkpt lat="46.40901009691879" lon="8.154270695988089"><ele>1198.6999816894531</ele></trkpt><trkpt lat="46.408939831890166" lon="8.154000558890402"><ele>1197.5999755859375</ele></trkpt><trkpt lat="46.4089500461705" lon="8.153949972707778"><ele>1197.5999755859375</ele></trkpt><trkpt lat="46.40898987930268" lon="8.153910181019455"><ele>1197.5</ele></trkpt><trkpt lat="46.409160477574915" lon="8.153961848467588"><ele>1196.7999877929688</ele></trkpt><trkpt lat="46.40967156505212" lon="8.152800684329122"><ele>1189.0</ele></trkpt><trkpt lat="46.40967604657635" lon="8.152803344652057"><ele>1189.0</ele></trkpt><trkpt lat="46.40967604657635" lon="8.152803344652057"><ele>1189.0</ele></trkpt><trkpt lat="46.40967604657635" lon="8.152803344652057"><ele>1189.0</ele></trkpt><trkpt lat="46.40967156505212" lon="8.152800684329122"><ele>1189.0</ele></trkpt><trkpt lat="46.410520390141755" lon="8.150859689339995"><ele>1185.7999877929688</ele></trkpt><trkpt lat="46.41048034373671" lon="8.150790233630687"><ele>1184.6999816894531</ele></trkpt><trkpt lat="46.41042147250846" lon="8.150710126385093"><ele>1183.0999755859375</ele></trkpt><trkpt lat="46.410419926512986" lon="8.15066978847608"><ele>1183.0999755859375</ele></trkpt><trkpt lat="46.41058021923527" lon="8.150500214658678"><ele>1183.0999755859375</ele></trkpt><trkpt lat="46.410670191049576" lon="8.150641857180744"><ele>1187.3999938964844</ele></trkpt><trkpt lat="46.41073982603848" lon="8.150870371609926"><ele>1189.2999877929688</ele></trkpt><trkpt lat="46.4107099538669" lon="8.150899893138558"><ele>1189.6999816894531</ele></trkpt><trkpt lat="46.41076047625393" lon="8.151020209304988"><ele>1190.2999877929688</ele></trkpt><trkpt lat="46.41089987196028" lon="8.151170304510742"><ele>1191.6999816894531</ele></trkpt><trkpt lat="46.411510386969894" lon="8.15207963064313"><ele>1201.5</ele></trkpt><trkpt lat="46.41156140668318" lon="8.152120619546622"><ele>1201.8999938964844</ele></trkpt><trkpt lat="46.41161011205986" lon="8.152100449893624"><ele>1201.8999938964844</ele></trkpt><trkpt lat="46.41166009288281" lon="8.1520204693079"><ele>1201.8999938964844</ele></trkpt><trkpt lat="46.41171149676666" lon="8.152000335045159"><ele>1202.3999938964844</ele></trkpt><trkpt lat="46.411980480421335" lon="8.151999968104064"><ele>1207.8999938964844</ele></trkpt><trkpt lat="46.41209001839161" lon="8.151890856213868"><ele>1211.7999877929688</ele></trkpt><trkpt lat="46.41227031685412" lon="8.151830795686692"><ele>1216.5999755859375</ele></trkpt><trkpt lat="46.412479906808585" lon="8.151690481696278"><ele>1222.5</ele></trkpt><trkpt lat="46.412510368507355" lon="8.151710391044617"><ele>1223.0999755859375</ele></trkpt><trkpt lat="46.41259045153856" lon="8.151850609574467"><ele>1225.0999755859375</ele></trkpt><trkpt lat="46.41262990841642" lon="8.151870637666434"><ele>1226.2999877929688</ele></trkpt><trkpt lat="46.41271026059985" lon="8.151681802235544"><ele>1229.7999877929688</ele></trkpt><trkpt lat="46.41272014658898" lon="8.15154016437009"><ele>1230.8999938964844</ele></trkpt><trkpt lat="46.41274987952784" lon="8.151389682665467"><ele>1235.3999938964844</ele></trkpt><trkpt lat="46.41275157080963" lon="8.151120475959033"><ele>1239.6999816894531</ele></trkpt><trkpt lat="46.41278997994959" lon="8.15102083235979"><ele>1241.5</ele></trkpt><trkpt lat="46.412831554189324" lon="8.150990162976086"><ele>1244.0</ele></trkpt><trkpt lat="46.41295048035681" lon="8.150961809325963"><ele>1247.5999755859375</ele></trkpt><trkpt lat="46.413000280968845" lon="8.150910438038409"><ele>1249.8999938964844</ele></trkpt><trkpt lat="46.41301042912528" lon="8.150870251469314"><ele>1250.5</ele></trkpt><trkpt lat="46.41285157529637" lon="8.150380433537066"><ele>1259.3999938964844</ele></trkpt><trkpt lat="46.41310995304957" lon="8.150350005365908"><ele>1267.2999877929688</ele></trkpt><trkpt lat="46.41348149161786" lon="8.150349674746394"><ele>1276.8999938964844</ele></trkpt><trkpt lat="46.41348144272342" lon="8.150357477832586"><ele>1276.8999938964844</ele></trkpt><trkpt lat="46.41348144272342" lon="8.150357477832586"><ele>1276.8999938964844</ele></trkpt><trkpt lat="46.41348144272342" lon="8.150357477832586"><ele>1276.8999938964844</ele></trkpt><trkpt lat="46.41348149161786" lon="8.150349674746394"><ele>1276.8999938964844</ele></trkpt><trkpt lat="46.41412001987919" lon="8.150380158796906"><ele>1295.0999755859375</ele></trkpt><trkpt lat="46.41447048634291" lon="8.150440682657063"><ele>1303.8999938964844</ele></trkpt><trkpt lat="46.41492005717009" lon="8.150620868895203"><ele>1312.3999938964844</ele></trkpt><trkpt lat="46.41503991698846" lon="8.150730397552252"><ele>1314.3999938964844</ele></trkpt><trkpt lat="46.41518155252561" lon="8.15081029618159"><ele>1314.7999877929688</ele></trkpt><trkpt lat="46.41523996461183" lon="8.150820167269558"><ele>1316.0999755859375</ele></trkpt><trkpt lat="46.41530024120584" lon="8.150819657370448"><ele>1317.5999755859375</ele></trkpt><trkpt lat="46.415310446638614" lon="8.150770365260541"><ele>1318.6999816894531</ele></trkpt><trkpt lat="46.41517023788765" lon="8.150319792330265"><ele>1328.1999816894531</ele></trkpt><trkpt lat="46.41517920885235" lon="8.150323811918497"><ele>1328.1999816894531</ele></trkpt><trkpt lat="46.41517920885235" lon="8.150323811918497"><ele>1328.1999816894531</ele></trkpt><trkpt lat="46.41517920885235" lon="8.150323811918497"><ele>1328.1999816894531</ele></trkpt><trkpt lat="46.41517023788765" lon="8.150319792330265"><ele>1328.1999816894531</ele></trkpt><trkpt lat="46.41505991946906" lon="8.149980171117932"><ele>1340.7999877929688</ele></trkpt><trkpt lat="46.414891484659165" lon="8.14987000823021"><ele>1338.7999877929688</ele></trkpt><trkpt lat="46.41451986273751" lon="8.149740274995565"><ele>1334.3999938964844</ele></trkpt><trkpt lat="46.413450345396996" lon="8.14929185109213"><ele>1319.2999877929688</ele></trkpt><trkpt lat="46.4132999740541" lon="8.149170224554837"><ele>1320.5999755859375</ele></trkpt><trkpt lat="46.41324991034344" lon="8.149120145011693"><ele>1320.8999938964844</ele></trkpt><trkpt lat="46.41316017322242" lon="8.148940783925354"><ele>1320.6999816894531</ele></trkpt><trkpt lat="46.413040335290134" lon="8.148539921734482"><ele>1318.7999877929688</ele></trkpt><trkpt lat="46.41296030487865" lon="8.148390603717417"><ele>1317.5999755859375</ele></trkpt><trkpt lat="46.41254037246108" lon="8.147929896600544"><ele>1314.0999755859375</ele></trkpt><trkpt lat="46.41221016878262" lon="8.14764985255897"><ele>1307.3999938964844</ele></trkpt><trkpt lat="46.41221734089777" lon="8.147653847932816"><ele>1307.3999938964844</ele></trkpt><trkpt lat="46.41221734089777" lon="8.147653847932816"><ele>1307.3999938964844</ele></trkpt><trkpt lat="46.41221734089777" lon="8.147653847932816"><ele>1307.3999938964844</ele></trkpt><trkpt lat="46.41221016878262" lon="8.14764985255897"><ele>1307.3999938964844</ele></trkpt><trkpt lat="46.4119301517494" lon="8.147400381043553"><ele>1303.6999816894531</ele></trkpt><trkpt lat="46.411610489711165" lon="8.147160799242556"><ele>1298.0999755859375</ele></trkpt><trkpt lat="46.41107998974621" lon="8.146830030251294"><ele>1290.3999938964844</ele></trkpt><trkpt lat="46.41071013966575" lon="8.146559888496995"><ele>1287.5</ele></trkpt><trkpt lat="46.40973985847086" lon="8.145920370705426"><ele>1275.6999816894531</ele></trkpt><trkpt lat="46.40941151417792" lon="8.145629973616451"><ele>1272.0999755859375</ele></trkpt><trkpt lat="46.409189969301224" lon="8.145379985682666"><ele>1265.6999816894531</ele></trkpt><trkpt lat="46.40900983568281" lon="8.145269696135074"><ele>1261.5999755859375</ele></trkpt><trkpt lat="46.40866039413959" lon="8.144899699371308"><ele>1254.3999938964844</ele></trkpt><trkpt lat="46.408550173044205" lon="8.144830638542771"><ele>1252.7999877929688</ele></trkpt><trkpt lat="46.40870040981099" lon="8.14482999080792"><ele>1250.6999816894531</ele></trkpt><trkpt lat="46.40900037251413" lon="8.144910622388124"><ele>1243.5</ele></trkpt><trkpt lat="46.40916146757081" lon="8.14489971101284"><ele>1236.5999755859375</ele></trkpt><trkpt lat="46.40922996075824" lon="8.144879792816937"><ele>1234.5999755859375</ele></trkpt><trkpt lat="46.409300066996366" lon="8.144889808725566"><ele>1234.5999755859375</ele></trkpt><trkpt lat="46.40950994938612" lon="8.144990079570562"><ele>1235.8999938964844</ele></trkpt><trkpt lat="46.41043987451121" lon="8.145320815499872"><ele>1231.7999877929688</ele></trkpt><trkpt lat="46.4104488780722" lon="8.14531963178888"><ele>1231.7999877929688</ele></trkpt><trkpt lat="46.4104488780722" lon="8.14531963178888"><ele>1231.7999877929688</ele></trkpt><trkpt lat="46.4104488780722" lon="8.14531963178888"><ele>1231.7999877929688</ele></trkpt><trkpt lat="46.41043987451121" lon="8.145320815499872"><ele>1231.7999877929688</ele></trkpt><trkpt lat="46.411809861660004" lon="8.145770444534719"><ele>1226.3999938964844</ele></trkpt><trkpt lat="46.4123804862611" lon="8.145870219916105"><ele>1229.6999816894531</ele></trkpt><trkpt lat="46.41277010180056" lon="8.146000154316425"><ele>1226.5999755859375</ele></trkpt><trkpt lat="46.413020031992346" lon="8.146169891115278"><ele>1225.5999755859375</ele></trkpt><trkpt lat="46.41348009277135" lon="8.146399595309049"><ele>1219.2999877929688</ele></trkpt><trkpt lat="46.413630256429315" lon="8.146410657092929"><ele>1216.5</ele></trkpt><trkpt lat="46.413791409228" lon="8.14639064623043"><ele>1214.1999816894531</ele></trkpt><trkpt lat="46.41396019561216" lon="8.14630049932748"><ele>1210.7999877929688</ele></trkpt><trkpt lat="46.41409994615242" lon="8.14625029405579"><ele>1208.7999877929688</ele></trkpt><trkpt lat="46.414220304228365" lon="8.14628047728911"><ele>1209.0</ele></trkpt><trkpt lat="46.414439836051315" lon="8.146419907454401"><ele>1204.7999877929688</ele></trkpt><trkpt lat="46.41564155463129" lon="8.147019582334906"><ele>1188.0</ele></trkpt><trkpt lat="46.41578042926267" lon="8.147109841462225"><ele>1187.5999755859375</ele></trkpt><trkpt lat="46.41599154798314" lon="8.147299897391349"><ele>1185.7999877929688</ele></trkpt><trkpt lat="46.4161215396598" lon="8.147371831350029"><ele>1180.7999877929688</ele></trkpt><trkpt lat="46.41631015576422" lon="8.147419818211347"><ele>1180.1999816894531</ele></trkpt><trkpt lat="46.41656030435115" lon="8.147410075645894"><ele>1175.5</ele></trkpt><trkpt lat="46.4165203855373" lon="8.147319804877043"><ele>1173.2999877929688</ele></trkpt><trkpt lat="46.416510151233524" lon="8.147229922004044"><ele>1172.0999755859375</ele></trkpt><trkpt lat="46.4165998599492" lon="8.147270114161074"><ele>1170.3999938964844</ele></trkpt><trkpt lat="46.416900138836354" lon="8.147300046868622"><ele>1166.7999877929688</ele></trkpt><trkpt lat="46.41701141325757" lon="8.147200042381883"><ele>1163.8999938964844</ele></trkpt><trkpt lat="46.41707155946642" lon="8.14722033822909"><ele>1162.8999938964844</ele></trkpt><trkpt lat="46.41714147850871" lon="8.147260272409767"><ele>1161.3999938964844</ele></trkpt><trkpt lat="46.41712141409516" lon="8.147159853484482"><ele>1158.3999938964844</ele></trkpt><trkpt lat="46.41749991616234" lon="8.147340391762555"><ele>1150.3999938964844</ele></trkpt><trkpt lat="46.41760150529444" lon="8.147350822109729"><ele>1146.5999755859375</ele></trkpt><trkpt lat="46.41760867694393" lon="8.147354817949235"><ele>1146.5999755859375</ele></trkpt><trkpt lat="46.41760867694393" lon="8.147354817949235"><ele>1146.5999755859375</ele></trkpt><trkpt lat="46.41760867694393" lon="8.147354817949235"><ele>1146.5999755859375</ele></trkpt><trkpt lat="46.41760150529444" lon="8.147350822109729"><ele>1146.5999755859375</ele></trkpt><trkpt lat="46.417830396443605" lon="8.147431854624301"><ele>1143.6999816894531</ele></trkpt><trkpt lat="46.4179302030243" lon="8.147439660970122"><ele>1142.5999755859375</ele></trkpt><trkpt lat="46.418200141284615" lon="8.147430177312344"><ele>1139.3999938964844</ele></trkpt><trkpt lat="46.418391439598054" lon="8.147480802144855"><ele>1136.0</ele></trkpt><trkpt lat="46.41845003841445" lon="8.147460754960775"><ele>1136.0</ele></trkpt><trkpt lat="46.418539789970964" lon="8.147350061219186"><ele>1136.0</ele></trkpt><trkpt lat="46.41878038365394" lon="8.147429946810007"><ele>1134.5999755859375</ele></trkpt><trkpt lat="46.41887034429237" lon="8.147429820615798"><ele>1133.2999877929688</ele></trkpt><trkpt lat="46.41910017747432" lon="8.147359977010638"><ele>1129.8999938964844</ele></trkpt><trkpt lat="46.41923046391457" lon="8.147240704856813"><ele>1127.8999938964844</ele></trkpt><trkpt lat="46.419479843229055" lon="8.147210138849914"><ele>1124.3999938964844</ele></trkpt><trkpt lat="46.419549827463925" lon="8.14723966922611"><ele>1123.2999877929688</ele></trkpt><trkpt lat="46.41972142318264" lon="8.147420117165893"><ele>1120.5</ele></trkpt><trkpt lat="46.41987018380314" lon="8.147511813789606"><ele>1118.5</ele></trkpt><trkpt lat="46.42012034077197" lon="8.147500770632178"><ele>1115.1999816894531</ele></trkpt><trkpt lat="46.420300074853" lon="8.147530434187502"><ele>1113.3999938964844</ele></trkpt><trkpt lat="46.420329889282584" lon="8.147510010749102"><ele>1113.1999816894531</ele></trkpt><trkpt lat="46.42034003557637" lon="8.14746981812641"><ele>1112.7999877929688</ele></trkpt><trkpt lat="46.42034143069759" lon="8.14739048667252"><ele>1112.0999755859375</ele></trkpt><trkpt lat="46.420310023240745" lon="8.147089590318501"><ele>1109.7999877929688</ele></trkpt><trkpt lat="46.420270138420165" lon="8.14684972167015"><ele>1109.8999938964844</ele></trkpt><trkpt lat="46.42026983201504" lon="8.146610369440168"><ele>1109.0</ele></trkpt><trkpt lat="46.420450004749" lon="8.146569792181253"><ele>1107.5999755859375</ele></trkpt><trkpt lat="46.420499939937145" lon="8.14664068678394"><ele>1106.5</ele></trkpt><trkpt lat="46.42062042746693" lon="8.146650062408298"><ele>1103.7999877929688</ele></trkpt><trkpt lat="46.420680039096624" lon="8.146611815318465"><ele>1102.0999755859375</ele></trkpt><trkpt lat="46.420683620963246" lon="8.146614463534206"><ele>1102.0999755859375</ele></trkpt><trkpt lat="46.420683620963246" lon="8.146614463534206"><ele>1102.0999755859375</ele></trkpt><trkpt lat="46.420683620963246" lon="8.146614463534206"><ele>1102.0999755859375</ele></trkpt><trkpt lat="46.420680039096624" lon="8.146611815318465"><ele>1102.0999755859375</ele></trkpt><trkpt lat="46.420810089912266" lon="8.146530258469284"><ele>1101.0</ele></trkpt><trkpt lat="46.420930488500744" lon="8.14640955068171"><ele>1097.8999938964844</ele></trkpt><trkpt lat="46.4210903448984" lon="8.146020085550845"><ele>1092.0</ele></trkpt><trkpt lat="46.42108993977308" lon="8.145940729882568"><ele>1092.0</ele></trkpt><trkpt lat="46.421120126731694" lon="8.145860472228378"><ele>1091.6999816894531</ele></trkpt><trkpt lat="46.42114985128865" lon="8.1457099635154"><ele>1091.3999938964844</ele></trkpt><trkpt lat="46.421231414657086" lon="8.145180287770927"><ele>1091.6999816894531</ele></trkpt><trkpt lat="46.42121001239866" lon="8.145150090567768"><ele>1091.6999816894531</ele></trkpt><trkpt lat="46.42119018919766" lon="8.145010644104332"><ele>1092.0999755859375</ele></trkpt><trkpt lat="46.421171428635716" lon="8.144989586435258"><ele>1091.8999938964844</ele></trkpt><trkpt lat="46.42090989323333" lon="8.144949760753661"><ele>1091.3999938964844</ele></trkpt><trkpt lat="46.42071145353839" lon="8.144889942836016"><ele>1090.3999938964844</ele></trkpt><trkpt lat="46.4206114737317" lon="8.144620674662292"><ele>1089.5999755859375</ele></trkpt><trkpt lat="46.42048029508442" lon="8.14444986358285"><ele>1089.5</ele></trkpt><trkpt lat="46.420490141026676" lon="8.14445779658854"><ele>1089.5</ele></trkpt><trkpt lat="46.420490141026676" lon="8.14445779658854"><ele>1089.5</ele></trkpt><trkpt lat="46.420490141026676" lon="8.14445779658854"><ele>1089.5</ele></trkpt><trkpt lat="46.42048029508442" lon="8.14444986358285"><ele>1089.5</ele></trkpt><trkpt lat="46.420411460101604" lon="8.144380026031286"><ele>1089.6999816894531</ele></trkpt><trkpt lat="46.42033028230071" lon="8.14426970295608"><ele>1089.5</ele></trkpt><trkpt lat="46.42027150141075" lon="8.144029590766877"><ele>1089.5999755859375</ele></trkpt><trkpt lat="46.42023005383089" lon="8.143750680144876"><ele>1089.7999877929688</ele></trkpt><trkpt lat="46.42009145813063" lon="8.143180430401117"><ele>1090.1999816894531</ele></trkpt><trkpt lat="46.419889791402966" lon="8.14277066430077"><ele>1089.6999816894531</ele></trkpt><trkpt lat="46.419830358121544" lon="8.142780299764127"><ele>1089.5</ele></trkpt><trkpt lat="46.41982012055814" lon="8.142690412234515"><ele>1089.2999877929688</ele></trkpt><trkpt lat="46.41980153694749" lon="8.14264074107632"><ele>1089.0999755859375</ele></trkpt><trkpt lat="46.41966989124194" lon="8.142399688716978"><ele>1089.0</ele></trkpt><trkpt lat="46.41949043236673" lon="8.142180130816996"><ele>1088.1999816894531</ele></trkpt><trkpt lat="46.418590111192316" lon="8.141280042007565"><ele>1086.1999816894531</ele></trkpt><trkpt lat="46.41849016118795" lon="8.141149973031133"><ele>1086.3999938964844</ele></trkpt><trkpt lat="46.4183703828603" lon="8.140880466904491"><ele>1085.5</ele></trkpt><trkpt lat="46.418270311784" lon="8.140769908670336"><ele>1085.0</ele></trkpt><trkpt lat="46.41811151383445" lon="8.140700215939432"><ele>1084.8999938964844</ele></trkpt><trkpt lat="46.417810454033315" lon="8.140650797169656"><ele>1085.3999938964844</ele></trkpt><trkpt lat="46.41738044843078" lon="8.14065044047311"><ele>1088.1999816894531</ele></trkpt><trkpt lat="46.417280472349375" lon="8.14066995959729"><ele>1088.8999938964844</ele></trkpt><trkpt lat="46.416950232349336" lon="8.14082958130166"><ele>1091.2999877929688</ele></trkpt><trkpt lat="46.41672033816576" lon="8.14090985385701"><ele>1092.0999755859375</ele></trkpt><trkpt lat="46.41653033718467" lon="8.140939914621413"><ele>1092.8999938964844</ele></trkpt><trkpt lat="46.41636043135077" lon="8.140920807607472"><ele>1093.8999938964844</ele></trkpt><trkpt lat="46.415929805953056" lon="8.14102059463039"><ele>1096.0999755859375</ele></trkpt><trkpt lat="46.41593429585919" lon="8.141021953430027"><ele>1096.0999755859375</ele></trkpt><trkpt lat="46.41593429585919" lon="8.141021953430027"><ele>1096.0999755859375</ele></trkpt><trkpt lat="46.41593429585919" lon="8.141021953430027"><ele>1096.0999755859375</ele></trkpt><trkpt lat="46.415929805953056" lon="8.14102059463039"><ele>1096.0999755859375</ele></trkpt><trkpt lat="46.41587025253102" lon="8.141049740370363"><ele>1096.3999938964844</ele></trkpt><trkpt lat="46.41580029670149" lon="8.141160695347935"><ele>1097.2999877929688</ele></trkpt><trkpt lat="46.41559156449512" lon="8.14131017588079"><ele>1098.5999755859375</ele></trkpt><trkpt lat="46.41551041370258" lon="8.141340342350304"><ele>1099.0999755859375</ele></trkpt><trkpt lat="46.41540990816429" lon="8.141300020739436"><ele>1098.1999816894531</ele></trkpt><trkpt lat="46.41525027528405" lon="8.141219913493842"><ele>1097.3999938964844</ele></trkpt><trkpt lat="46.41497146198526" lon="8.14120980259031"><ele>1097.0999755859375</ele></trkpt><trkpt lat="46.41472037509084" lon="8.141080388333648"><ele>1095.6999816894531</ele></trkpt><trkpt lat="46.41456034174189" lon="8.140919636469334"><ele>1095.2999877929688</ele></trkpt><trkpt lat="46.414449838455766" lon="8.140750421211123"><ele>1095.5</ele></trkpt><trkpt lat="46.41431030863896" lon="8.140619851648808"><ele>1095.8999938964844</ele></trkpt><trkpt lat="46.41418001521379" lon="8.140450382139534"><ele>1096.3999938964844</ele></trkpt><trkpt lat="46.41409002384171" lon="8.140310049057007"><ele>1097.0</ele></trkpt><trkpt lat="46.41403015004471" lon="8.140099870041013"><ele>1097.8999938964844</ele></trkpt><trkpt lat="46.41365038231015" lon="8.139539587777108"><ele>1096.5999755859375</ele></trkpt><trkpt lat="46.4135297969915" lon="8.139400163199753"><ele>1095.5999755859375</ele></trkpt><trkpt lat="46.413380121812224" lon="8.139309787657112"><ele>1094.3999938964844</ele></trkpt><trkpt lat="46.413270025514066" lon="8.139219923410565"><ele>1093.0</ele></trkpt><trkpt lat="46.4130199002102" lon="8.139080129563808"><ele>1090.6999816894531</ele></trkpt><trkpt lat="46.41278987657279" lon="8.138889872003347"><ele>1088.1999816894531</ele></trkpt><trkpt lat="46.4124804046005" lon="8.138599744997919"><ele>1085.1999816894531</ele></trkpt><trkpt lat="46.412231512367725" lon="8.13825967721641"><ele>1080.8999938964844</ele></trkpt><trkpt lat="46.412140185479075" lon="8.138189568184316"><ele>1079.7999877929688</ele></trkpt><trkpt lat="46.411550275050104" lon="8.137860720511526"><ele>1074.6999816894531</ele></trkpt><trkpt lat="46.41151004470885" lon="8.137819883879274"><ele>1074.2999877929688</ele></trkpt><trkpt lat="46.411380243487656" lon="8.137569799553603"><ele>1073.2999877929688</ele></trkpt><trkpt lat="46.4110200391151" lon="8.137190595269203"><ele>1070.5</ele></trkpt><trkpt lat="46.41083006747067" lon="8.137069798540324"><ele>1069.1999816894531</ele></trkpt><trkpt lat="46.410601563286036" lon="8.137070761062205"><ele>1068.0999755859375</ele></trkpt><trkpt lat="46.41047047218308" lon="8.137030057609081"><ele>1067.8999938964844</ele></trkpt><trkpt lat="46.41002149740234" lon="8.136749865487218"><ele>1067.3999938964844</ele></trkpt><trkpt lat="46.40979151846841" lon="8.136551825795323"><ele>1067.2999877929688</ele></trkpt><trkpt lat="46.40931986132637" lon="8.136009940877557"><ele>1066.5</ele></trkpt><trkpt lat="46.40919986786321" lon="8.135919963475317"><ele>1066.5999755859375</ele></trkpt><trkpt lat="46.40920614078641" lon="8.135923945344985"><ele>1066.5999755859375</ele></trkpt><trkpt lat="46.40920614078641" lon="8.135923945344985"><ele>1066.5999755859375</ele></trkpt><trkpt lat="46.40920614078641" lon="8.135923945344985"><ele>1066.5999755859375</ele></trkpt><trkpt lat="46.40919986786321" lon="8.135919963475317"><ele>1066.5999755859375</ele></trkpt><trkpt lat="46.40906985197216" lon="8.135850666090846"><ele>1067.0999755859375</ele></trkpt><trkpt lat="46.40892015490681" lon="8.13590986886993"><ele>1067.1999816894531</ele></trkpt><trkpt lat="46.408640074543655" lon="8.135959594044834"><ele>1067.0999755859375</ele></trkpt><trkpt lat="46.40848012641072" lon="8.135930229444057"><ele>1066.8999938964844</ele></trkpt><trkpt lat="46.408400491811335" lon="8.135860279202461"><ele>1066.6999816894531</ele></trkpt><trkpt lat="46.40818996867165" lon="8.135570162441581"><ele>1066.3999938964844</ele></trkpt><trkpt lat="46.40796037064865" lon="8.135309714823961"><ele>1064.6999816894531</ele></trkpt><trkpt lat="46.40775013063103" lon="8.135119745042175"><ele>1062.8999938964844</ele></trkpt><trkpt lat="46.40754042286426" lon="8.13498960621655"><ele>1062.1999816894531</ele></trkpt><trkpt lat="46.40741028636694" lon="8.134939819108695"><ele>1061.3999938964844</ele></trkpt><trkpt lat="46.40738143771887" lon="8.134949853178114"><ele>1061.2999877929688</ele></trkpt><trkpt lat="46.40736043732613" lon="8.135000303387642"><ele>1061.1999816894531</ele></trkpt><trkpt lat="46.40621031168848" lon="8.13463182747364"><ele>1057.5999755859375</ele></trkpt><trkpt lat="46.40589032834396" lon="8.134440460242331"><ele>1056.1999816894531</ele></trkpt><trkpt lat="46.40525989001617" lon="8.13397072488442"><ele>1053.6999816894531</ele></trkpt><trkpt lat="46.40506985131651" lon="8.133860355243087"><ele>1053.5999755859375</ele></trkpt><trkpt lat="46.404460314661264" lon="8.133649686351418"><ele>1054.2999877929688</ele></trkpt><trkpt lat="46.404462058097124" lon="8.133658811450005"><ele>1054.2999877929688</ele></trkpt><trkpt lat="46.404462058097124" lon="8.133658811450005"><ele>1054.2999877929688</ele></trkpt><trkpt lat="46.404462058097124" lon="8.133658811450005"><ele>1054.2999877929688</ele></trkpt><trkpt lat="46.404460314661264" lon="8.133649686351418"><ele>1054.2999877929688</ele></trkpt><trkpt lat="46.40424046386033" lon="8.133559744339436"><ele>1054.3999938964844</ele></trkpt><trkpt lat="46.40400029020384" lon="8.13340972457081"><ele>1053.7999877929688</ele></trkpt><trkpt lat="46.40387998428196" lon="8.133370473515242"><ele>1053.0999755859375</ele></trkpt><trkpt lat="46.40378996776417" lon="8.133379724808037"><ele>1052.5</ele></trkpt><trkpt lat="46.40351035725325" lon="8.133499685674906"><ele>1050.3999938964844</ele></trkpt><trkpt lat="46.403509879950434" lon="8.133430758491158"><ele>1050.7999877929688</ele></trkpt><trkpt lat="46.40337997348979" lon="8.133490215055645"><ele>1050.3999938964844</ele></trkpt><trkpt lat="46.40310979727656" lon="8.133391830138862"><ele>1053.0999755859375</ele></trkpt><trkpt lat="46.402770006563514" lon="8.133349772077054"><ele>1053.0999755859375</ele></trkpt><trkpt lat="46.40260022692382" lon="8.133309889119118"><ele>1052.7999877929688</ele></trkpt><trkpt lat="46.402530238963664" lon="8.133280385751277"><ele>1052.5999755859375</ele></trkpt><trkpt lat="46.40240149432793" lon="8.133150001987815"><ele>1052.0</ele></trkpt><trkpt lat="46.40230034897104" lon="8.132919842842966"><ele>1052.5999755859375</ele></trkpt><trkpt lat="46.40223140316084" lon="8.13272000523284"><ele>1054.0</ele></trkpt><trkpt lat="46.402090304065496" lon="8.132550455164164"><ele>1056.5</ele></trkpt><trkpt lat="46.40210046013817" lon="8.132360731251538"><ele>1058.3999938964844</ele></trkpt><trkpt lat="46.402089793235064" lon="8.132339789066464"><ele>1058.5</ele></trkpt><trkpt lat="46.40199023997411" lon="8.13229040428996"><ele>1059.1999816894531</ele></trkpt><trkpt lat="46.40182034065947" lon="8.132270029745996"><ele>1061.0999755859375</ele></trkpt><trkpt lat="46.401680308394134" lon="8.132220128085464"><ele>1061.7999877929688</ele></trkpt><trkpt lat="46.40165986586362" lon="8.132179555948824"><ele>1062.0</ele></trkpt><trkpt lat="46.40157014364377" lon="8.132140700239688"><ele>1063.6999816894531</ele></trkpt><trkpt lat="46.401300453115255" lon="8.13210994983092"><ele>1068.5999755859375</ele></trkpt><trkpt lat="46.40126027679071" lon="8.132060023956"><ele>1069.2999877929688</ele></trkpt><trkpt lat="46.40122046554461" lon="8.131950286682695"><ele>1070.6999816894531</ele></trkpt><trkpt lat="46.401171412784606" lon="8.131880742497742"><ele>1071.6999816894531</ele></trkpt><trkpt lat="46.400941505562514" lon="8.13166975416243"><ele>1075.8999938964844</ele></trkpt><trkpt lat="46.40082044014707" lon="8.1314601553604"><ele>1076.1999816894531</ele></trkpt><trkpt lat="46.400700049009174" lon="8.131140037905425"><ele>1077.2999877929688</ele></trkpt><trkpt lat="46.40067030629143" lon="8.131001823581755"><ele>1077.7999877929688</ele></trkpt><trkpt lat="46.400670169852674" lon="8.130581814795732"><ele>1080.6999816894531</ele></trkpt><trkpt lat="46.400651533622295" lon="8.130539966747165"><ele>1081.1999816894531</ele></trkpt><trkpt lat="46.40063024638221" lon="8.130490283016115"><ele>1081.3999938964844</ele></trkpt><trkpt lat="46.40031002322212" lon="8.130189730785787"><ele>1086.1999816894531</ele></trkpt><trkpt lat="46.40031451312825" lon="8.13019108818844"><ele>1086.1999816894531</ele></trkpt><trkpt lat="46.40031451312825" lon="8.13019108818844"><ele>1086.1999816894531</ele></trkpt><trkpt lat="46.40031451312825" lon="8.13019108818844"><ele>1086.1999816894531</ele></trkpt><trkpt lat="46.40031002322212" lon="8.130189730785787"><ele>1086.1999816894531</ele></trkpt><trkpt lat="46.40019002556801" lon="8.130099781323224"><ele>1088.2999877929688</ele></trkpt><trkpt lat="46.400051546283066" lon="8.130090216640383"><ele>1089.2999877929688</ele></trkpt><trkpt lat="46.40004038717598" lon="8.130149889271706"><ele>1089.0999755859375</ele></trkpt><trkpt lat="46.399680469185114" lon="8.13031044555828"><ele>1088.7999877929688</ele></trkpt><trkpt lat="46.39954996621236" lon="8.130320486612618"><ele>1088.5</ele></trkpt><trkpt lat="46.39946025097743" lon="8.13028033496812"><ele>1088.1999816894531</ele></trkpt><trkpt lat="46.399321482051164" lon="8.130170642863959"><ele>1088.0</ele></trkpt><trkpt lat="46.39909019134939" lon="8.129890734795481"><ele>1087.0</ele></trkpt><trkpt lat="46.398909924551845" lon="8.129800020717084"><ele>1086.6999816894531</ele></trkpt><trkpt lat="46.39882045518607" lon="8.129719564691186"><ele>1086.3999938964844</ele></trkpt><trkpt lat="46.39863995369524" lon="8.129519624635577"><ele>1085.7999877929688</ele></trkpt><trkpt lat="46.398470011074096" lon="8.129210596438497"><ele>1084.0</ele></trkpt><trkpt lat="46.39828152162954" lon="8.129140585660934"><ele>1083.0</ele></trkpt><trkpt lat="46.39820002857596" lon="8.1290797367692"><ele>1082.5</ele></trkpt><trkpt lat="46.39803151227534" lon="8.128831843379885"><ele>1081.0999755859375</ele></trkpt><trkpt lat="46.39793150033802" lon="8.128709647804499"><ele>1080.6999816894531</ele></trkpt><trkpt lat="46.39793146075681" lon="8.12871614843607"><ele>1080.6999816894531</ele></trkpt><trkpt lat="46.39793146075681" lon="8.12871614843607"><ele>1080.6999816894531</ele></trkpt><trkpt lat="46.39793146075681" lon="8.12871614843607"><ele>1080.6999816894531</ele></trkpt><trkpt lat="46.39793150033802" lon="8.128709647804499"><ele>1080.6999816894531</ele></trkpt><trkpt lat="46.397799807135016" lon="8.128619556315243"><ele>1080.0999755859375</ele></trkpt><trkpt lat="46.39761042688042" lon="8.128400007262826"><ele>1077.8999938964844</ele></trkpt><trkpt lat="46.39734998345375" lon="8.128179557155818"><ele>1075.2999877929688</ele></trkpt><trkpt lat="46.397070459555835" lon="8.127990072593093"><ele>1072.5</ele></trkpt><trkpt lat="46.39688994642347" lon="8.127939672674984"><ele>1070.7999877929688</ele></trkpt><trkpt lat="46.39653987903148" lon="8.127959933597594"><ele>1067.0999755859375</ele></trkpt><trkpt lat="46.396460412535816" lon="8.12800963409245"><ele>1066.0</ele></trkpt><trkpt lat="46.396440132986754" lon="8.128089990932494"><ele>1065.2999877929688</ele></trkpt><trkpt lat="46.39651999017224" lon="8.128419963177294"><ele>1062.3999938964844</ele></trkpt><trkpt lat="46.39654030604288" lon="8.128629558254033"><ele>1060.6999816894531</ele></trkpt><trkpt lat="46.396546547301114" lon="8.128638739231974"><ele>1060.6999816894531</ele></trkpt><trkpt lat="46.396546547301114" lon="8.128638739231974"><ele>1060.6999816894531</ele></trkpt><trkpt lat="46.396546547301114" lon="8.128638739231974"><ele>1060.6999816894531</ele></trkpt><trkpt lat="46.39654030604288" lon="8.128629558254033"><ele>1060.6999816894531</ele></trkpt><trkpt lat="46.39654015144333" lon="8.128950713668019"><ele>1058.5</ele></trkpt><trkpt lat="46.396570487413555" lon="8.12913963291794"><ele>1056.8999938964844</ele></trkpt><trkpt lat="46.39660992939025" lon="8.129310464952141"><ele>1055.5</ele></trkpt><trkpt lat="46.3966701310128" lon="8.129469858948141"><ele>1054.0999755859375</ele></trkpt><trkpt lat="46.3970604846254" lon="8.13021986419335"><ele>1048.2999877929688</ele></trkpt><trkpt lat="46.39716140227392" lon="8.130340771749616"><ele>1047.1999816894531</ele></trkpt><trkpt lat="46.39732979983091" lon="8.13045993866399"><ele>1045.5</ele></trkpt><trkpt lat="46.397469812538475" lon="8.130660661496222"><ele>1045.5999755859375</ele></trkpt><trkpt lat="46.397620250005275" lon="8.13106956006959"><ele>1048.6999816894531</ele></trkpt><trkpt lat="46.39779042592272" lon="8.131339584477246"><ele>1052.0</ele></trkpt><trkpt lat="46.39779038634151" lon="8.131346085108817"><ele>1052.0</ele></trkpt><trkpt lat="46.39779038634151" lon="8.131346085108817"><ele>1052.0</ele></trkpt><trkpt lat="46.39779038634151" lon="8.131346085108817"><ele>1052.0</ele></trkpt><trkpt lat="46.39779042592272" lon="8.131339584477246"><ele>1052.0</ele></trkpt><trkpt lat="46.3978803656064" lon="8.13149026222527"><ele>1053.3999938964844</ele></trkpt><trkpt lat="46.39795993966982" lon="8.131570593919605"><ele>1054.3999938964844</ele></trkpt><trkpt lat="46.39798982813954" lon="8.131390237715095"><ele>1055.0</ele></trkpt><trkpt lat="46.397991402540356" lon="8.131279735360295"><ele>1055.6999816894531</ele></trkpt><trkpt lat="46.39791011950001" lon="8.13088991958648"><ele>1059.0999755859375</ele></trkpt><trkpt lat="46.397830420639366" lon="8.130240072496235"><ele>1064.2999877929688</ele></trkpt><trkpt lat="46.39783939998597" lon="8.13024278730154"><ele>1064.2999877929688</ele></trkpt><trkpt lat="46.39783939998597" lon="8.13024278730154"><ele>1064.2999877929688</ele></trkpt><trkpt lat="46.39783939998597" lon="8.13024278730154"><ele>1064.2999877929688</ele></trkpt><trkpt lat="46.397830420639366" lon="8.130240072496235"><ele>1064.2999877929688</ele></trkpt><trkpt lat="46.39780998881906" lon="8.130049973726273"><ele>1066.0</ele></trkpt><trkpt lat="46.39781006379053" lon="8.129890042822808"><ele>1067.0999755859375</ele></trkpt><trkpt lat="46.39758020779118" lon="8.129669974092394"><ele>1066.5</ele></trkpt><trkpt lat="46.39758105156943" lon="8.129679086618125"><ele>1066.5</ele></trkpt></trkseg></trk></gpx>